,loss,grad_norm,learning_rate,epoch,step,eval_en_loss,eval_en_accuracy,eval_en_f1_macro,eval_en_f1_micro,eval_en_precision_macro,eval_en_precision_micro,eval_en_recall_macro,eval_en_recall_micro,eval_en_Neural_acc,eval_en_Neural_f1,eval_en_Environmental_acc,eval_en_Environmental_f1,eval_en_Social_acc,eval_en_Social_f1,eval_en_Governance_acc,eval_en_Governance_f1,eval_en_runtime,eval_en_samples_per_second,eval_en_steps_per_second,eval_en_oof_loss,eval_en_oof_accuracy,eval_en_oof_f1_macro,eval_en_oof_f1_micro,eval_en_oof_precision_macro,eval_en_oof_precision_micro,eval_en_oof_recall_macro,eval_en_oof_recall_micro,eval_en_oof_Neural_acc,eval_en_oof_Neural_f1,eval_en_oof_Environmental_acc,eval_en_oof_Environmental_f1,eval_en_oof_Social_acc,eval_en_oof_Social_f1,eval_en_oof_Governance_acc,eval_en_oof_Governance_f1,eval_en_oof_runtime,eval_en_oof_samples_per_second,eval_en_oof_steps_per_second,eval_vi_loss,eval_vi_accuracy,eval_vi_f1_macro,eval_vi_f1_micro,eval_vi_precision_macro,eval_vi_precision_micro,eval_vi_recall_macro,eval_vi_recall_micro,eval_vi_Neural_acc,eval_vi_Neural_f1,eval_vi_Environmental_acc,eval_vi_Environmental_f1,eval_vi_Social_acc,eval_vi_Social_f1,eval_vi_Governance_acc,eval_vi_Governance_f1,eval_vi_runtime,eval_vi_samples_per_second,eval_vi_steps_per_second,train_runtime,train_samples_per_second,train_steps_per_second,total_flos,train_loss
0,0.7041,1.6219388246536255,0.0,0.001953125,1,,,,,,,,,,,,,,,,,,,,,,,,,,,,,,,,,,,,,,,,,,,,,,,,,,,,,,,,,,,,,,
1,0.7077,1.8381534814834595,2.0000000000000002e-07,0.00390625,2,,,,,,,,,,,,,,,,,,,,,,,,,,,,,,,,,,,,,,,,,,,,,,,,,,,,,,,,,,,,,,
2,0.7047,1.840951919555664,4.0000000000000003e-07,0.005859375,3,,,,,,,,,,,,,,,,,,,,,,,,,,,,,,,,,,,,,,,,,,,,,,,,,,,,,,,,,,,,,,
3,0.6974,1.7692310810089111,6.000000000000001e-07,0.0078125,4,,,,,,,,,,,,,,,,,,,,,,,,,,,,,,,,,,,,,,,,,,,,,,,,,,,,,,,,,,,,,,
4,0.7036,1.8260295391082764,8.000000000000001e-07,0.009765625,5,,,,,,,,,,,,,,,,,,,,,,,,,,,,,,,,,,,,,,,,,,,,,,,,,,,,,,,,,,,,,,
5,0.7049,1.9449423551559448,1.0000000000000002e-06,0.01171875,6,,,,,,,,,,,,,,,,,,,,,,,,,,,,,,,,,,,,,,,,,,,,,,,,,,,,,,,,,,,,,,
6,0.7013,1.7667416334152222,1.2000000000000002e-06,0.013671875,7,,,,,,,,,,,,,,,,,,,,,,,,,,,,,,,,,,,,,,,,,,,,,,,,,,,,,,,,,,,,,,
7,0.7031,1.7791306972503662,1.4000000000000001e-06,0.015625,8,,,,,,,,,,,,,,,,,,,,,,,,,,,,,,,,,,,,,,,,,,,,,,,,,,,,,,,,,,,,,,
8,0.7007,1.6962507963180542,1.6000000000000001e-06,0.017578125,9,,,,,,,,,,,,,,,,,,,,,,,,,,,,,,,,,,,,,,,,,,,,,,,,,,,,,,,,,,,,,,
9,0.6957,1.912845492362976,1.8000000000000001e-06,0.01953125,10,,,,,,,,,,,,,,,,,,,,,,,,,,,,,,,,,,,,,,,,,,,,,,,,,,,,,,,,,,,,,,
10,0.6964,1.994307041168213,2.0000000000000003e-06,0.021484375,11,,,,,,,,,,,,,,,,,,,,,,,,,,,,,,,,,,,,,,,,,,,,,,,,,,,,,,,,,,,,,,
11,0.688,1.739983081817627,2.2e-06,0.0234375,12,,,,,,,,,,,,,,,,,,,,,,,,,,,,,,,,,,,,,,,,,,,,,,,,,,,,,,,,,,,,,,
12,0.6925,1.7844643592834473,2.4000000000000003e-06,0.025390625,13,,,,,,,,,,,,,,,,,,,,,,,,,,,,,,,,,,,,,,,,,,,,,,,,,,,,,,,,,,,,,,
13,0.6846,1.9041205644607544,2.6e-06,0.02734375,14,,,,,,,,,,,,,,,,,,,,,,,,,,,,,,,,,,,,,,,,,,,,,,,,,,,,,,,,,,,,,,
14,0.6898,2.1920087337493896,2.8000000000000003e-06,0.029296875,15,,,,,,,,,,,,,,,,,,,,,,,,,,,,,,,,,,,,,,,,,,,,,,,,,,,,,,,,,,,,,,
15,0.6827,2.074622392654419,3e-06,0.03125,16,,,,,,,,,,,,,,,,,,,,,,,,,,,,,,,,,,,,,,,,,,,,,,,,,,,,,,,,,,,,,,
16,0.6789,2.0868892669677734,3.2000000000000003e-06,0.033203125,17,,,,,,,,,,,,,,,,,,,,,,,,,,,,,,,,,,,,,,,,,,,,,,,,,,,,,,,,,,,,,,
17,0.6832,1.7158024311065674,3.4000000000000005e-06,0.03515625,18,,,,,,,,,,,,,,,,,,,,,,,,,,,,,,,,,,,,,,,,,,,,,,,,,,,,,,,,,,,,,,
18,0.68,1.837432861328125,3.6000000000000003e-06,0.037109375,19,,,,,,,,,,,,,,,,,,,,,,,,,,,,,,,,,,,,,,,,,,,,,,,,,,,,,,,,,,,,,,
19,0.6699,1.8659007549285889,3.8000000000000005e-06,0.0390625,20,,,,,,,,,,,,,,,,,,,,,,,,,,,,,,,,,,,,,,,,,,,,,,,,,,,,,,,,,,,,,,
20,0.6531,1.5134038925170898,4.000000000000001e-06,0.041015625,21,,,,,,,,,,,,,,,,,,,,,,,,,,,,,,,,,,,,,,,,,,,,,,,,,,,,,,,,,,,,,,
21,0.6598,1.6348012685775757,4.2000000000000004e-06,0.04296875,22,,,,,,,,,,,,,,,,,,,,,,,,,,,,,,,,,,,,,,,,,,,,,,,,,,,,,,,,,,,,,,
22,0.6513,1.6149706840515137,4.4e-06,0.044921875,23,,,,,,,,,,,,,,,,,,,,,,,,,,,,,,,,,,,,,,,,,,,,,,,,,,,,,,,,,,,,,,
23,0.6352,1.6427375078201294,4.600000000000001e-06,0.046875,24,,,,,,,,,,,,,,,,,,,,,,,,,,,,,,,,,,,,,,,,,,,,,,,,,,,,,,,,,,,,,,
24,0.6439,1.4165617227554321,4.800000000000001e-06,0.048828125,25,,,,,,,,,,,,,,,,,,,,,,,,,,,,,,,,,,,,,,,,,,,,,,,,,,,,,,,,,,,,,,
25,0.6387,1.3562994003295898,5e-06,0.05078125,26,,,,,,,,,,,,,,,,,,,,,,,,,,,,,,,,,,,,,,,,,,,,,,,,,,,,,,,,,,,,,,
26,0.6326,1.5220019817352295,5.2e-06,0.052734375,27,,,,,,,,,,,,,,,,,,,,,,,,,,,,,,,,,,,,,,,,,,,,,,,,,,,,,,,,,,,,,,
27,0.6182,1.3595631122589111,5.400000000000001e-06,0.0546875,28,,,,,,,,,,,,,,,,,,,,,,,,,,,,,,,,,,,,,,,,,,,,,,,,,,,,,,,,,,,,,,
28,0.618,1.1698060035705566,5.600000000000001e-06,0.056640625,29,,,,,,,,,,,,,,,,,,,,,,,,,,,,,,,,,,,,,,,,,,,,,,,,,,,,,,,,,,,,,,
29,0.6234,1.4308017492294312,5.8e-06,0.05859375,30,,,,,,,,,,,,,,,,,,,,,,,,,,,,,,,,,,,,,,,,,,,,,,,,,,,,,,,,,,,,,,
30,0.618,1.2150906324386597,6e-06,0.060546875,31,,,,,,,,,,,,,,,,,,,,,,,,,,,,,,,,,,,,,,,,,,,,,,,,,,,,,,,,,,,,,,
31,0.6125,1.2095810174942017,6.200000000000001e-06,0.0625,32,,,,,,,,,,,,,,,,,,,,,,,,,,,,,,,,,,,,,,,,,,,,,,,,,,,,,,,,,,,,,,
32,0.5904,1.7026309967041016,6.4000000000000006e-06,0.064453125,33,,,,,,,,,,,,,,,,,,,,,,,,,,,,,,,,,,,,,,,,,,,,,,,,,,,,,,,,,,,,,,
33,0.5967,1.2558485269546509,6.600000000000001e-06,0.06640625,34,,,,,,,,,,,,,,,,,,,,,,,,,,,,,,,,,,,,,,,,,,,,,,,,,,,,,,,,,,,,,,
34,0.5926,1.551265001296997,6.800000000000001e-06,0.068359375,35,,,,,,,,,,,,,,,,,,,,,,,,,,,,,,,,,,,,,,,,,,,,,,,,,,,,,,,,,,,,,,
35,0.5818,1.7812905311584473,7e-06,0.0703125,36,,,,,,,,,,,,,,,,,,,,,,,,,,,,,,,,,,,,,,,,,,,,,,,,,,,,,,,,,,,,,,
36,0.5841,1.5336562395095825,7.2000000000000005e-06,0.072265625,37,,,,,,,,,,,,,,,,,,,,,,,,,,,,,,,,,,,,,,,,,,,,,,,,,,,,,,,,,,,,,,
37,0.5691,1.2638601064682007,7.4e-06,0.07421875,38,,,,,,,,,,,,,,,,,,,,,,,,,,,,,,,,,,,,,,,,,,,,,,,,,,,,,,,,,,,,,,
38,0.5675,0.6680745482444763,7.600000000000001e-06,0.076171875,39,,,,,,,,,,,,,,,,,,,,,,,,,,,,,,,,,,,,,,,,,,,,,,,,,,,,,,,,,,,,,,
39,0.565,1.2013620138168335,7.800000000000002e-06,0.078125,40,,,,,,,,,,,,,,,,,,,,,,,,,,,,,,,,,,,,,,,,,,,,,,,,,,,,,,,,,,,,,,
40,0.5759,1.8054484128952026,8.000000000000001e-06,0.080078125,41,,,,,,,,,,,,,,,,,,,,,,,,,,,,,,,,,,,,,,,,,,,,,,,,,,,,,,,,,,,,,,
41,0.5583,0.9723473787307739,8.2e-06,0.08203125,42,,,,,,,,,,,,,,,,,,,,,,,,,,,,,,,,,,,,,,,,,,,,,,,,,,,,,,,,,,,,,,
42,0.5574,0.8115394711494446,8.400000000000001e-06,0.083984375,43,,,,,,,,,,,,,,,,,,,,,,,,,,,,,,,,,,,,,,,,,,,,,,,,,,,,,,,,,,,,,,
43,0.5538,0.792377769947052,8.6e-06,0.0859375,44,,,,,,,,,,,,,,,,,,,,,,,,,,,,,,,,,,,,,,,,,,,,,,,,,,,,,,,,,,,,,,
44,0.5521,0.7667626142501831,8.8e-06,0.087890625,45,,,,,,,,,,,,,,,,,,,,,,,,,,,,,,,,,,,,,,,,,,,,,,,,,,,,,,,,,,,,,,
45,0.5522,0.6684843301773071,9e-06,0.08984375,46,,,,,,,,,,,,,,,,,,,,,,,,,,,,,,,,,,,,,,,,,,,,,,,,,,,,,,,,,,,,,,
46,0.5326,0.7389717102050781,9.200000000000002e-06,0.091796875,47,,,,,,,,,,,,,,,,,,,,,,,,,,,,,,,,,,,,,,,,,,,,,,,,,,,,,,,,,,,,,,
47,0.5348,0.6926937699317932,9.4e-06,0.09375,48,,,,,,,,,,,,,,,,,,,,,,,,,,,,,,,,,,,,,,,,,,,,,,,,,,,,,,,,,,,,,,
48,0.5347,0.7451297640800476,9.600000000000001e-06,0.095703125,49,,,,,,,,,,,,,,,,,,,,,,,,,,,,,,,,,,,,,,,,,,,,,,,,,,,,,,,,,,,,,,
49,0.5257,0.7417883276939392,9.800000000000001e-06,0.09765625,50,,,,,,,,,,,,,,,,,,,,,,,,,,,,,,,,,,,,,,,,,,,,,,,,,,,,,,,,,,,,,,
50,0.5201,0.7302766442298889,1e-05,0.099609375,51,,,,,,,,,,,,,,,,,,,,,,,,,,,,,,,,,,,,,,,,,,,,,,,,,,,,,,,,,,,,,,
51,0.5299,0.7002999186515808,1.02e-05,0.1015625,52,,,,,,,,,,,,,,,,,,,,,,,,,,,,,,,,,,,,,,,,,,,,,,,,,,,,,,,,,,,,,,
52,0.5249,0.7514921426773071,1.04e-05,0.103515625,53,,,,,,,,,,,,,,,,,,,,,,,,,,,,,,,,,,,,,,,,,,,,,,,,,,,,,,,,,,,,,,
53,0.5053,0.8855003714561462,1.0600000000000002e-05,0.10546875,54,,,,,,,,,,,,,,,,,,,,,,,,,,,,,,,,,,,,,,,,,,,,,,,,,,,,,,,,,,,,,,
54,0.4872,0.9614012837409973,1.0800000000000002e-05,0.107421875,55,,,,,,,,,,,,,,,,,,,,,,,,,,,,,,,,,,,,,,,,,,,,,,,,,,,,,,,,,,,,,,
55,0.4926,1.0556668043136597,1.1000000000000001e-05,0.109375,56,,,,,,,,,,,,,,,,,,,,,,,,,,,,,,,,,,,,,,,,,,,,,,,,,,,,,,,,,,,,,,
56,0.4908,0.9539240002632141,1.1200000000000001e-05,0.111328125,57,,,,,,,,,,,,,,,,,,,,,,,,,,,,,,,,,,,,,,,,,,,,,,,,,,,,,,,,,,,,,,
57,0.4681,0.8922146558761597,1.14e-05,0.11328125,58,,,,,,,,,,,,,,,,,,,,,,,,,,,,,,,,,,,,,,,,,,,,,,,,,,,,,,,,,,,,,,
58,0.4634,1.200657844543457,1.16e-05,0.115234375,59,,,,,,,,,,,,,,,,,,,,,,,,,,,,,,,,,,,,,,,,,,,,,,,,,,,,,,,,,,,,,,
59,0.4591,1.0289781093597412,1.18e-05,0.1171875,60,,,,,,,,,,,,,,,,,,,,,,,,,,,,,,,,,,,,,,,,,,,,,,,,,,,,,,,,,,,,,,
60,0.465,1.0492173433303833,1.2e-05,0.119140625,61,,,,,,,,,,,,,,,,,,,,,,,,,,,,,,,,,,,,,,,,,,,,,,,,,,,,,,,,,,,,,,
61,0.4362,0.9730717539787292,1.22e-05,0.12109375,62,,,,,,,,,,,,,,,,,,,,,,,,,,,,,,,,,,,,,,,,,,,,,,,,,,,,,,,,,,,,,,
62,0.4217,1.4730154275894165,1.2400000000000002e-05,0.123046875,63,,,,,,,,,,,,,,,,,,,,,,,,,,,,,,,,,,,,,,,,,,,,,,,,,,,,,,,,,,,,,,
63,0.4125,1.5278480052947998,1.2600000000000001e-05,0.125,64,,,,,,,,,,,,,,,,,,,,,,,,,,,,,,,,,,,,,,,,,,,,,,,,,,,,,,,,,,,,,,
64,0.4328,2.1574299335479736,1.2800000000000001e-05,0.126953125,65,,,,,,,,,,,,,,,,,,,,,,,,,,,,,,,,,,,,,,,,,,,,,,,,,,,,,,,,,,,,,,
65,0.3987,1.0916496515274048,1.3000000000000001e-05,0.12890625,66,,,,,,,,,,,,,,,,,,,,,,,,,,,,,,,,,,,,,,,,,,,,,,,,,,,,,,,,,,,,,,
66,0.4008,1.416641116142273,1.3200000000000002e-05,0.130859375,67,,,,,,,,,,,,,,,,,,,,,,,,,,,,,,,,,,,,,,,,,,,,,,,,,,,,,,,,,,,,,,
67,0.3859,1.621996521949768,1.3400000000000002e-05,0.1328125,68,,,,,,,,,,,,,,,,,,,,,,,,,,,,,,,,,,,,,,,,,,,,,,,,,,,,,,,,,,,,,,
68,0.3853,2.024683713912964,1.3600000000000002e-05,0.134765625,69,,,,,,,,,,,,,,,,,,,,,,,,,,,,,,,,,,,,,,,,,,,,,,,,,,,,,,,,,,,,,,
69,0.3978,1.7134215831756592,1.38e-05,0.13671875,70,,,,,,,,,,,,,,,,,,,,,,,,,,,,,,,,,,,,,,,,,,,,,,,,,,,,,,,,,,,,,,
70,0.371,1.3626314401626587,1.4e-05,0.138671875,71,,,,,,,,,,,,,,,,,,,,,,,,,,,,,,,,,,,,,,,,,,,,,,,,,,,,,,,,,,,,,,
71,0.355,1.182815670967102,1.4200000000000001e-05,0.140625,72,,,,,,,,,,,,,,,,,,,,,,,,,,,,,,,,,,,,,,,,,,,,,,,,,,,,,,,,,,,,,,
72,0.3274,1.6382731199264526,1.4400000000000001e-05,0.142578125,73,,,,,,,,,,,,,,,,,,,,,,,,,,,,,,,,,,,,,,,,,,,,,,,,,,,,,,,,,,,,,,
73,0.376,3.0891430377960205,1.46e-05,0.14453125,74,,,,,,,,,,,,,,,,,,,,,,,,,,,,,,,,,,,,,,,,,,,,,,,,,,,,,,,,,,,,,,
74,0.3334,1.3783814907073975,1.48e-05,0.146484375,75,,,,,,,,,,,,,,,,,,,,,,,,,,,,,,,,,,,,,,,,,,,,,,,,,,,,,,,,,,,,,,
75,0.3269,1.325107216835022,1.5000000000000002e-05,0.1484375,76,,,,,,,,,,,,,,,,,,,,,,,,,,,,,,,,,,,,,,,,,,,,,,,,,,,,,,,,,,,,,,
76,0.3101,1.425106167793274,1.5200000000000002e-05,0.150390625,77,,,,,,,,,,,,,,,,,,,,,,,,,,,,,,,,,,,,,,,,,,,,,,,,,,,,,,,,,,,,,,
77,0.3339,2.657888174057007,1.54e-05,0.15234375,78,,,,,,,,,,,,,,,,,,,,,,,,,,,,,,,,,,,,,,,,,,,,,,,,,,,,,,,,,,,,,,
78,0.3083,1.3426032066345215,1.5600000000000003e-05,0.154296875,79,,,,,,,,,,,,,,,,,,,,,,,,,,,,,,,,,,,,,,,,,,,,,,,,,,,,,,,,,,,,,,
79,0.313,1.422548770904541,1.58e-05,0.15625,80,,,,,,,,,,,,,,,,,,,,,,,,,,,,,,,,,,,,,,,,,,,,,,,,,,,,,,,,,,,,,,
80,,,,0.15625,80,0.25698161125183105,0.8641098484848485,0.865763257083364,0.8641098484848485,0.8728393209428025,0.8641098484848485,0.8616684270410978,0.8641098484848485,0.8660968660968661,0.8444444444444446,0.9510204081632653,0.9227722772277227,0.8300395256916996,0.8383233532934132,0.7995169082125604,0.8575129533678756,2.7897,823.747,4.302,,,,,,,,,,,,,,,,,,,,,,,,,,,,,,,,,,,,,,,,,,,
81,,,,0.15625,80,,,,,,,,,,,,,,,,,,,,0.4687446653842926,0.5703965053763441,0.5236912611909914,0.5703965053763441,0.5051537190693451,0.5703965053763441,0.6427994258848839,0.5703965053763441,0.5094529871439375,0.6510953608247423,0.7960122699386503,0.5844594594594594,0.6758448060075094,0.508235294117647,0.5898876404494382,0.35097493036211697,6.9395,864.616,4.611,,,,,,,,,,,,,,,,,,,,,,,,
82,,,,0.15625,80,,,,,,,,,,,,,,,,,,,,,,,,,,,,,,,,,,,,,,,0.2792682945728302,0.8121527777777777,0.8006850090888051,0.8121527777777777,0.8184307209571852,0.8121527777777777,0.7965323148222223,0.8121527777777777,0.8568019093078759,0.8099266779469825,0.952316076294278,0.9203423304805793,0.7915567282321899,0.7807417046193884,0.5854545454545454,0.6917293233082706,3.3103,871.827,4.833,,,,,
83,0.3365,1.6371468305587769,1.6000000000000003e-05,0.158203125,81,,,,,,,,,,,,,,,,,,,,,,,,,,,,,,,,,,,,,,,,,,,,,,,,,,,,,,,,,,,,,,
84,0.3055,2.3688039779663086,1.62e-05,0.16015625,82,,,,,,,,,,,,,,,,,,,,,,,,,,,,,,,,,,,,,,,,,,,,,,,,,,,,,,,,,,,,,,
85,0.2828,1.7147014141082764,1.64e-05,0.162109375,83,,,,,,,,,,,,,,,,,,,,,,,,,,,,,,,,,,,,,,,,,,,,,,,,,,,,,,,,,,,,,,
86,0.2994,2.2092108726501465,1.66e-05,0.1640625,84,,,,,,,,,,,,,,,,,,,,,,,,,,,,,,,,,,,,,,,,,,,,,,,,,,,,,,,,,,,,,,
87,0.2626,3.03366756439209,1.6800000000000002e-05,0.166015625,85,,,,,,,,,,,,,,,,,,,,,,,,,,,,,,,,,,,,,,,,,,,,,,,,,,,,,,,,,,,,,,
88,0.2593,2.3592090606689453,1.7e-05,0.16796875,86,,,,,,,,,,,,,,,,,,,,,,,,,,,,,,,,,,,,,,,,,,,,,,,,,,,,,,,,,,,,,,
89,0.2875,2.622215509414673,1.72e-05,0.169921875,87,,,,,,,,,,,,,,,,,,,,,,,,,,,,,,,,,,,,,,,,,,,,,,,,,,,,,,,,,,,,,,
90,0.272,2.4231648445129395,1.7400000000000003e-05,0.171875,88,,,,,,,,,,,,,,,,,,,,,,,,,,,,,,,,,,,,,,,,,,,,,,,,,,,,,,,,,,,,,,
91,0.2951,3.358826160430908,1.76e-05,0.173828125,89,,,,,,,,,,,,,,,,,,,,,,,,,,,,,,,,,,,,,,,,,,,,,,,,,,,,,,,,,,,,,,
92,0.2812,3.777397394180298,1.7800000000000002e-05,0.17578125,90,,,,,,,,,,,,,,,,,,,,,,,,,,,,,,,,,,,,,,,,,,,,,,,,,,,,,,,,,,,,,,
93,0.2901,2.392005205154419,1.8e-05,0.177734375,91,,,,,,,,,,,,,,,,,,,,,,,,,,,,,,,,,,,,,,,,,,,,,,,,,,,,,,,,,,,,,,
94,0.2643,2.900294542312622,1.8200000000000002e-05,0.1796875,92,,,,,,,,,,,,,,,,,,,,,,,,,,,,,,,,,,,,,,,,,,,,,,,,,,,,,,,,,,,,,,
95,0.2588,4.075046539306641,1.8400000000000003e-05,0.181640625,93,,,,,,,,,,,,,,,,,,,,,,,,,,,,,,,,,,,,,,,,,,,,,,,,,,,,,,,,,,,,,,
96,0.2652,2.227811098098755,1.86e-05,0.18359375,94,,,,,,,,,,,,,,,,,,,,,,,,,,,,,,,,,,,,,,,,,,,,,,,,,,,,,,,,,,,,,,
97,0.2599,2.148735284805298,1.88e-05,0.185546875,95,,,,,,,,,,,,,,,,,,,,,,,,,,,,,,,,,,,,,,,,,,,,,,,,,,,,,,,,,,,,,,
98,0.2832,2.388632297515869,1.9e-05,0.1875,96,,,,,,,,,,,,,,,,,,,,,,,,,,,,,,,,,,,,,,,,,,,,,,,,,,,,,,,,,,,,,,
99,0.2209,1.89878249168396,1.9200000000000003e-05,0.189453125,97,,,,,,,,,,,,,,,,,,,,,,,,,,,,,,,,,,,,,,,,,,,,,,,,,,,,,,,,,,,,,,
100,0.2569,2.4582066535949707,1.94e-05,0.19140625,98,,,,,,,,,,,,,,,,,,,,,,,,,,,,,,,,,,,,,,,,,,,,,,,,,,,,,,,,,,,,,,
101,0.2196,2.0579516887664795,1.9600000000000002e-05,0.193359375,99,,,,,,,,,,,,,,,,,,,,,,,,,,,,,,,,,,,,,,,,,,,,,,,,,,,,,,,,,,,,,,
102,0.2196,3.259848117828369,1.98e-05,0.1953125,100,,,,,,,,,,,,,,,,,,,,,,,,,,,,,,,,,,,,,,,,,,,,,,,,,,,,,,,,,,,,,,
103,0.2086,3.070826768875122,2e-05,0.197265625,101,,,,,,,,,,,,,,,,,,,,,,,,,,,,,,,,,,,,,,,,,,,,,,,,,,,,,,,,,,,,,,
104,0.2747,3.1162171363830566,1.9999986330190926e-05,0.19921875,102,,,,,,,,,,,,,,,,,,,,,,,,,,,,,,,,,,,,,,,,,,,,,,,,,,,,,,,,,,,,,,
105,0.1945,2.0432589054107666,1.9999945320801072e-05,0.201171875,103,,,,,,,,,,,,,,,,,,,,,,,,,,,,,,,,,,,,,,,,,,,,,,,,,,,,,,,,,,,,,,
106,0.2372,2.5769777297973633,1.9999876971942557e-05,0.203125,104,,,,,,,,,,,,,,,,,,,,,,,,,,,,,,,,,,,,,,,,,,,,,,,,,,,,,,,,,,,,,,
107,0.2525,3.81199049949646,1.9999781283802247e-05,0.205078125,105,,,,,,,,,,,,,,,,,,,,,,,,,,,,,,,,,,,,,,,,,,,,,,,,,,,,,,,,,,,,,,
108,0.266,2.530698537826538,1.9999658256641746e-05,0.20703125,106,,,,,,,,,,,,,,,,,,,,,,,,,,,,,,,,,,,,,,,,,,,,,,,,,,,,,,,,,,,,,,
109,0.2115,3.4345321655273438,1.9999507890797408e-05,0.208984375,107,,,,,,,,,,,,,,,,,,,,,,,,,,,,,,,,,,,,,,,,,,,,,,,,,,,,,,,,,,,,,,
110,0.2532,2.4623160362243652,1.999933018668033e-05,0.2109375,108,,,,,,,,,,,,,,,,,,,,,,,,,,,,,,,,,,,,,,,,,,,,,,,,,,,,,,,,,,,,,,
111,0.2418,2.531954526901245,1.999912514477634e-05,0.212890625,109,,,,,,,,,,,,,,,,,,,,,,,,,,,,,,,,,,,,,,,,,,,,,,,,,,,,,,,,,,,,,,
112,0.2144,2.432016134262085,1.9998892765646024e-05,0.21484375,110,,,,,,,,,,,,,,,,,,,,,,,,,,,,,,,,,,,,,,,,,,,,,,,,,,,,,,,,,,,,,,
113,0.2173,2.878031015396118,1.9998633049924693e-05,0.216796875,111,,,,,,,,,,,,,,,,,,,,,,,,,,,,,,,,,,,,,,,,,,,,,,,,,,,,,,,,,,,,,,
114,0.2035,1.904702067375183,1.9998345998322397e-05,0.21875,112,,,,,,,,,,,,,,,,,,,,,,,,,,,,,,,,,,,,,,,,,,,,,,,,,,,,,,,,,,,,,,
115,0.2154,2.4160783290863037,1.999803161162393e-05,0.220703125,113,,,,,,,,,,,,,,,,,,,,,,,,,,,,,,,,,,,,,,,,,,,,,,,,,,,,,,,,,,,,,,
116,0.2476,2.2690088748931885,1.999768989068881e-05,0.22265625,114,,,,,,,,,,,,,,,,,,,,,,,,,,,,,,,,,,,,,,,,,,,,,,,,,,,,,,,,,,,,,,
117,0.229,2.2588400840759277,1.999732083645129e-05,0.224609375,115,,,,,,,,,,,,,,,,,,,,,,,,,,,,,,,,,,,,,,,,,,,,,,,,,,,,,,,,,,,,,,
118,0.2012,3.759504795074463,1.999692444992035e-05,0.2265625,116,,,,,,,,,,,,,,,,,,,,,,,,,,,,,,,,,,,,,,,,,,,,,,,,,,,,,,,,,,,,,,
119,0.225,3.050102472305298,1.9996500732179695e-05,0.228515625,117,,,,,,,,,,,,,,,,,,,,,,,,,,,,,,,,,,,,,,,,,,,,,,,,,,,,,,,,,,,,,,
120,0.2148,2.669614553451538,1.999604968438775e-05,0.23046875,118,,,,,,,,,,,,,,,,,,,,,,,,,,,,,,,,,,,,,,,,,,,,,,,,,,,,,,,,,,,,,,
121,0.2201,2.5617949962615967,1.999557130777767e-05,0.232421875,119,,,,,,,,,,,,,,,,,,,,,,,,,,,,,,,,,,,,,,,,,,,,,,,,,,,,,,,,,,,,,,
122,0.2375,3.099429130554199,1.9995065603657317e-05,0.234375,120,,,,,,,,,,,,,,,,,,,,,,,,,,,,,,,,,,,,,,,,,,,,,,,,,,,,,,,,,,,,,,
123,0.2432,2.0317859649658203,1.999453257340926e-05,0.236328125,121,,,,,,,,,,,,,,,,,,,,,,,,,,,,,,,,,,,,,,,,,,,,,,,,,,,,,,,,,,,,,,
124,0.1757,1.6942585706710815,1.9993972218490792e-05,0.23828125,122,,,,,,,,,,,,,,,,,,,,,,,,,,,,,,,,,,,,,,,,,,,,,,,,,,,,,,,,,,,,,,
125,0.1897,2.1039958000183105,1.9993384540433892e-05,0.240234375,123,,,,,,,,,,,,,,,,,,,,,,,,,,,,,,,,,,,,,,,,,,,,,,,,,,,,,,,,,,,,,,
126,0.2037,1.9925916194915771,1.999276954084526e-05,0.2421875,124,,,,,,,,,,,,,,,,,,,,,,,,,,,,,,,,,,,,,,,,,,,,,,,,,,,,,,,,,,,,,,
127,0.2089,4.302422523498535,1.9992127221406276e-05,0.244140625,125,,,,,,,,,,,,,,,,,,,,,,,,,,,,,,,,,,,,,,,,,,,,,,,,,,,,,,,,,,,,,,
128,0.1803,2.645829439163208,1.999145758387301e-05,0.24609375,126,,,,,,,,,,,,,,,,,,,,,,,,,,,,,,,,,,,,,,,,,,,,,,,,,,,,,,,,,,,,,,
129,0.1906,2.3113155364990234,1.9990760630076238e-05,0.248046875,127,,,,,,,,,,,,,,,,,,,,,,,,,,,,,,,,,,,,,,,,,,,,,,,,,,,,,,,,,,,,,,
130,0.1978,2.8312551975250244,1.9990036361921402e-05,0.25,128,,,,,,,,,,,,,,,,,,,,,,,,,,,,,,,,,,,,,,,,,,,,,,,,,,,,,,,,,,,,,,
131,0.1597,1.8295490741729736,1.9989284781388617e-05,0.251953125,129,,,,,,,,,,,,,,,,,,,,,,,,,,,,,,,,,,,,,,,,,,,,,,,,,,,,,,,,,,,,,,
132,0.2059,2.8558084964752197,1.998850589053268e-05,0.25390625,130,,,,,,,,,,,,,,,,,,,,,,,,,,,,,,,,,,,,,,,,,,,,,,,,,,,,,,,,,,,,,,
133,0.198,3.719273328781128,1.998769969148305e-05,0.255859375,131,,,,,,,,,,,,,,,,,,,,,,,,,,,,,,,,,,,,,,,,,,,,,,,,,,,,,,,,,,,,,,
134,0.1925,2.5036468505859375,1.998686618644384e-05,0.2578125,132,,,,,,,,,,,,,,,,,,,,,,,,,,,,,,,,,,,,,,,,,,,,,,,,,,,,,,,,,,,,,,
135,0.188,2.2656404972076416,1.9986005377693826e-05,0.259765625,133,,,,,,,,,,,,,,,,,,,,,,,,,,,,,,,,,,,,,,,,,,,,,,,,,,,,,,,,,,,,,,
136,0.2048,2.2547285556793213,1.9985117267586425e-05,0.26171875,134,,,,,,,,,,,,,,,,,,,,,,,,,,,,,,,,,,,,,,,,,,,,,,,,,,,,,,,,,,,,,,
137,0.1697,1.4604099988937378,1.9984201858549695e-05,0.263671875,135,,,,,,,,,,,,,,,,,,,,,,,,,,,,,,,,,,,,,,,,,,,,,,,,,,,,,,,,,,,,,,
138,0.1909,2.5899691581726074,1.9983259153086328e-05,0.265625,136,,,,,,,,,,,,,,,,,,,,,,,,,,,,,,,,,,,,,,,,,,,,,,,,,,,,,,,,,,,,,,
139,0.1558,3.0648019313812256,1.9982289153773648e-05,0.267578125,137,,,,,,,,,,,,,,,,,,,,,,,,,,,,,,,,,,,,,,,,,,,,,,,,,,,,,,,,,,,,,,
140,0.1699,3.1618597507476807,1.9981291863263593e-05,0.26953125,138,,,,,,,,,,,,,,,,,,,,,,,,,,,,,,,,,,,,,,,,,,,,,,,,,,,,,,,,,,,,,,
141,0.1678,2.1712722778320312,1.9980267284282718e-05,0.271484375,139,,,,,,,,,,,,,,,,,,,,,,,,,,,,,,,,,,,,,,,,,,,,,,,,,,,,,,,,,,,,,,
142,0.1825,3.0619611740112305,1.997921541963218e-05,0.2734375,140,,,,,,,,,,,,,,,,,,,,,,,,,,,,,,,,,,,,,,,,,,,,,,,,,,,,,,,,,,,,,,
143,0.1745,1.268999695777893,1.9978136272187745e-05,0.275390625,141,,,,,,,,,,,,,,,,,,,,,,,,,,,,,,,,,,,,,,,,,,,,,,,,,,,,,,,,,,,,,,
144,0.1559,1.7545678615570068,1.9977029844899757e-05,0.27734375,142,,,,,,,,,,,,,,,,,,,,,,,,,,,,,,,,,,,,,,,,,,,,,,,,,,,,,,,,,,,,,,
145,0.1848,3.162381172180176,1.9975896140793144e-05,0.279296875,143,,,,,,,,,,,,,,,,,,,,,,,,,,,,,,,,,,,,,,,,,,,,,,,,,,,,,,,,,,,,,,
146,0.1915,2.0474863052368164,1.997473516296741e-05,0.28125,144,,,,,,,,,,,,,,,,,,,,,,,,,,,,,,,,,,,,,,,,,,,,,,,,,,,,,,,,,,,,,,
147,0.1966,5.209411144256592,1.9973546914596622e-05,0.283203125,145,,,,,,,,,,,,,,,,,,,,,,,,,,,,,,,,,,,,,,,,,,,,,,,,,,,,,,,,,,,,,,
148,0.1978,4.4923505783081055,1.997233139892941e-05,0.28515625,146,,,,,,,,,,,,,,,,,,,,,,,,,,,,,,,,,,,,,,,,,,,,,,,,,,,,,,,,,,,,,,
149,0.1836,3.4949843883514404,1.997108861928895e-05,0.287109375,147,,,,,,,,,,,,,,,,,,,,,,,,,,,,,,,,,,,,,,,,,,,,,,,,,,,,,,,,,,,,,,
150,0.1479,1.731408953666687,1.9969818579072945e-05,0.2890625,148,,,,,,,,,,,,,,,,,,,,,,,,,,,,,,,,,,,,,,,,,,,,,,,,,,,,,,,,,,,,,,
151,0.2032,4.516363143920898,1.9968521281753642e-05,0.291015625,149,,,,,,,,,,,,,,,,,,,,,,,,,,,,,,,,,,,,,,,,,,,,,,,,,,,,,,,,,,,,,,
152,0.1698,4.081750869750977,1.9967196730877805e-05,0.29296875,150,,,,,,,,,,,,,,,,,,,,,,,,,,,,,,,,,,,,,,,,,,,,,,,,,,,,,,,,,,,,,,
153,0.1707,3.8698863983154297,1.99658449300667e-05,0.294921875,151,,,,,,,,,,,,,,,,,,,,,,,,,,,,,,,,,,,,,,,,,,,,,,,,,,,,,,,,,,,,,,
154,0.1667,3.0471489429473877,1.99644658830161e-05,0.296875,152,,,,,,,,,,,,,,,,,,,,,,,,,,,,,,,,,,,,,,,,,,,,,,,,,,,,,,,,,,,,,,
155,0.1607,4.088202953338623,1.996305959349627e-05,0.298828125,153,,,,,,,,,,,,,,,,,,,,,,,,,,,,,,,,,,,,,,,,,,,,,,,,,,,,,,,,,,,,,,
156,0.1831,4.103082180023193,1.996162606535195e-05,0.30078125,154,,,,,,,,,,,,,,,,,,,,,,,,,,,,,,,,,,,,,,,,,,,,,,,,,,,,,,,,,,,,,,
157,0.1951,2.545302152633667,1.996016530250235e-05,0.302734375,155,,,,,,,,,,,,,,,,,,,,,,,,,,,,,,,,,,,,,,,,,,,,,,,,,,,,,,,,,,,,,,
158,0.1803,2.567206621170044,1.995867730894114e-05,0.3046875,156,,,,,,,,,,,,,,,,,,,,,,,,,,,,,,,,,,,,,,,,,,,,,,,,,,,,,,,,,,,,,,
159,0.218,3.6942732334136963,1.995716208873644e-05,0.306640625,157,,,,,,,,,,,,,,,,,,,,,,,,,,,,,,,,,,,,,,,,,,,,,,,,,,,,,,,,,,,,,,
160,0.2146,3.339494228363037,1.99556196460308e-05,0.30859375,158,,,,,,,,,,,,,,,,,,,,,,,,,,,,,,,,,,,,,,,,,,,,,,,,,,,,,,,,,,,,,,
161,0.2173,4.472607135772705,1.9954049985041208e-05,0.310546875,159,,,,,,,,,,,,,,,,,,,,,,,,,,,,,,,,,,,,,,,,,,,,,,,,,,,,,,,,,,,,,,
162,0.188,3.5659019947052,1.9952453110059044e-05,0.3125,160,,,,,,,,,,,,,,,,,,,,,,,,,,,,,,,,,,,,,,,,,,,,,,,,,,,,,,,,,,,,,,
163,,,,0.3125,160,0.14055581390857697,0.9195075757575758,0.9231642585044824,0.9195075757575758,0.9240529213850065,0.9195075757575758,0.9224294923479713,0.9195075757575758,0.9045584045584045,0.8975265017667845,0.9279835390946503,0.942528735632184,0.9080234833659491,0.9080234833659491,0.9491525423728814,0.9445783132530121,2.5825,889.84,4.647,,,,,,,,,,,,,,,,,,,,,,,,,,,,,,,,,,,,,,,,,,,
164,,,,0.3125,160,,,,,,,,,,,,,,,,,,,,0.5705939531326294,0.5577956989247311,0.532441955358859,0.5577956989247311,0.5261837067439049,0.5577956989247311,0.6662403187801835,0.5577956989247311,0.4742943548387097,0.6233852268963233,0.7055214723926381,0.59469941822883,0.7005012531328321,0.537241710716002,0.7846441947565543,0.3744414655942806,6.3284,948.11,5.057,,,,,,,,,,,,,,,,,,,,,,,,
165,,,,0.3125,160,,,,,,,,,,,,,,,,,,,,,,,,,,,,,,,,,,,,,,,0.1792668253183365,0.8791666666666667,0.8765295291406112,0.8791666666666667,0.881824323225446,0.8791666666666667,0.8732128776203637,0.8791666666666667,0.9126794258373205,0.8680318543799772,0.9387755102040817,0.9458533241946538,0.8432147562582345,0.8607935440484197,0.7981818181818182,0.831439393939394,3.3486,861.854,4.778,,,,,
166,0.1838,2.7563607692718506,1.9950829025450116e-05,0.314453125,161,,,,,,,,,,,,,,,,,,,,,,,,,,,,,,,,,,,,,,,,,,,,,,,,,,,,,,,,,,,,,,
167,0.205,4.592503070831299,1.9949177735654602e-05,0.31640625,162,,,,,,,,,,,,,,,,,,,,,,,,,,,,,,,,,,,,,,,,,,,,,,,,,,,,,,,,,,,,,,
168,0.1723,2.458916425704956,1.994749924518707e-05,0.318359375,163,,,,,,,,,,,,,,,,,,,,,,,,,,,,,,,,,,,,,,,,,,,,,,,,,,,,,,,,,,,,,,
169,0.1745,2.5631232261657715,1.994579355863644e-05,0.3203125,164,,,,,,,,,,,,,,,,,,,,,,,,,,,,,,,,,,,,,,,,,,,,,,,,,,,,,,,,,,,,,,
170,0.1582,2.434699296951294,1.9944060680666e-05,0.322265625,165,,,,,,,,,,,,,,,,,,,,,,,,,,,,,,,,,,,,,,,,,,,,,,,,,,,,,,,,,,,,,,
171,0.2366,2.457683801651001,1.9942300616013378e-05,0.32421875,166,,,,,,,,,,,,,,,,,,,,,,,,,,,,,,,,,,,,,,,,,,,,,,,,,,,,,,,,,,,,,,
172,0.2017,3.1569747924804688,1.9940513369490516e-05,0.326171875,167,,,,,,,,,,,,,,,,,,,,,,,,,,,,,,,,,,,,,,,,,,,,,,,,,,,,,,,,,,,,,,
173,0.1863,2.2156801223754883,1.9938698945983676e-05,0.328125,168,,,,,,,,,,,,,,,,,,,,,,,,,,,,,,,,,,,,,,,,,,,,,,,,,,,,,,,,,,,,,,
174,0.1565,2.2263236045837402,1.993685735045343e-05,0.330078125,169,,,,,,,,,,,,,,,,,,,,,,,,,,,,,,,,,,,,,,,,,,,,,,,,,,,,,,,,,,,,,,
175,0.1655,3.25199294090271,1.9934988587934624e-05,0.33203125,170,,,,,,,,,,,,,,,,,,,,,,,,,,,,,,,,,,,,,,,,,,,,,,,,,,,,,,,,,,,,,,
176,0.1963,3.05342173576355,1.9933092663536384e-05,0.333984375,171,,,,,,,,,,,,,,,,,,,,,,,,,,,,,,,,,,,,,,,,,,,,,,,,,,,,,,,,,,,,,,
177,0.1774,1.882252812385559,1.9931169582442096e-05,0.3359375,172,,,,,,,,,,,,,,,,,,,,,,,,,,,,,,,,,,,,,,,,,,,,,,,,,,,,,,,,,,,,,,
178,0.1458,2.5795629024505615,1.9929219349909393e-05,0.337890625,173,,,,,,,,,,,,,,,,,,,,,,,,,,,,,,,,,,,,,,,,,,,,,,,,,,,,,,,,,,,,,,
179,0.1836,1.7778983116149902,1.992724197127013e-05,0.33984375,174,,,,,,,,,,,,,,,,,,,,,,,,,,,,,,,,,,,,,,,,,,,,,,,,,,,,,,,,,,,,,,
180,0.1657,2.0620853900909424,1.9925237451930392e-05,0.341796875,175,,,,,,,,,,,,,,,,,,,,,,,,,,,,,,,,,,,,,,,,,,,,,,,,,,,,,,,,,,,,,,
181,0.2096,3.348585367202759,1.992320579737045e-05,0.34375,176,,,,,,,,,,,,,,,,,,,,,,,,,,,,,,,,,,,,,,,,,,,,,,,,,,,,,,,,,,,,,,
182,0.1805,3.5144357681274414,1.9921147013144782e-05,0.345703125,177,,,,,,,,,,,,,,,,,,,,,,,,,,,,,,,,,,,,,,,,,,,,,,,,,,,,,,,,,,,,,,
183,0.1475,2.575474262237549,1.9919061104882012e-05,0.34765625,178,,,,,,,,,,,,,,,,,,,,,,,,,,,,,,,,,,,,,,,,,,,,,,,,,,,,,,,,,,,,,,
184,0.1516,2.123478412628174,1.991694807828494e-05,0.349609375,179,,,,,,,,,,,,,,,,,,,,,,,,,,,,,,,,,,,,,,,,,,,,,,,,,,,,,,,,,,,,,,
185,0.1565,2.0500903129577637,1.99148079391305e-05,0.3515625,180,,,,,,,,,,,,,,,,,,,,,,,,,,,,,,,,,,,,,,,,,,,,,,,,,,,,,,,,,,,,,,
186,0.1552,2.343148946762085,1.9912640693269754e-05,0.353515625,181,,,,,,,,,,,,,,,,,,,,,,,,,,,,,,,,,,,,,,,,,,,,,,,,,,,,,,,,,,,,,,
187,0.186,1.990587592124939,1.991044634662786e-05,0.35546875,182,,,,,,,,,,,,,,,,,,,,,,,,,,,,,,,,,,,,,,,,,,,,,,,,,,,,,,,,,,,,,,
188,0.1404,2.9617691040039062,1.990822490520409e-05,0.357421875,183,,,,,,,,,,,,,,,,,,,,,,,,,,,,,,,,,,,,,,,,,,,,,,,,,,,,,,,,,,,,,,
189,0.2034,4.33962345123291,1.9905976375071773e-05,0.359375,184,,,,,,,,,,,,,,,,,,,,,,,,,,,,,,,,,,,,,,,,,,,,,,,,,,,,,,,,,,,,,,
190,0.1829,2.1164963245391846,1.9903700762378303e-05,0.361328125,185,,,,,,,,,,,,,,,,,,,,,,,,,,,,,,,,,,,,,,,,,,,,,,,,,,,,,,,,,,,,,,
191,0.194,4.761724472045898,1.990139807334512e-05,0.36328125,186,,,,,,,,,,,,,,,,,,,,,,,,,,,,,,,,,,,,,,,,,,,,,,,,,,,,,,,,,,,,,,
192,0.1758,4.907287120819092,1.989906831426769e-05,0.365234375,187,,,,,,,,,,,,,,,,,,,,,,,,,,,,,,,,,,,,,,,,,,,,,,,,,,,,,,,,,,,,,,
193,0.1473,4.002252578735352,1.989671149151548e-05,0.3671875,188,,,,,,,,,,,,,,,,,,,,,,,,,,,,,,,,,,,,,,,,,,,,,,,,,,,,,,,,,,,,,,
194,0.2194,3.209538698196411,1.989432761153196e-05,0.369140625,189,,,,,,,,,,,,,,,,,,,,,,,,,,,,,,,,,,,,,,,,,,,,,,,,,,,,,,,,,,,,,,
195,0.1769,2.066373109817505,1.9891916680834565e-05,0.37109375,190,,,,,,,,,,,,,,,,,,,,,,,,,,,,,,,,,,,,,,,,,,,,,,,,,,,,,,,,,,,,,,
196,0.1413,1.5960640907287598,1.9889478706014687e-05,0.373046875,191,,,,,,,,,,,,,,,,,,,,,,,,,,,,,,,,,,,,,,,,,,,,,,,,,,,,,,,,,,,,,,
197,0.1431,1.8818128108978271,1.9887013693737653e-05,0.375,192,,,,,,,,,,,,,,,,,,,,,,,,,,,,,,,,,,,,,,,,,,,,,,,,,,,,,,,,,,,,,,
198,0.176,2.597200632095337,1.9884521650742718e-05,0.376953125,193,,,,,,,,,,,,,,,,,,,,,,,,,,,,,,,,,,,,,,,,,,,,,,,,,,,,,,,,,,,,,,
199,0.1402,1.924057960510254,1.9882002583843025e-05,0.37890625,194,,,,,,,,,,,,,,,,,,,,,,,,,,,,,,,,,,,,,,,,,,,,,,,,,,,,,,,,,,,,,,
200,0.1626,2.7590882778167725,1.9879456499925616e-05,0.380859375,195,,,,,,,,,,,,,,,,,,,,,,,,,,,,,,,,,,,,,,,,,,,,,,,,,,,,,,,,,,,,,,
201,0.229,3.777639627456665,1.9876883405951378e-05,0.3828125,196,,,,,,,,,,,,,,,,,,,,,,,,,,,,,,,,,,,,,,,,,,,,,,,,,,,,,,,,,,,,,,
202,0.1335,2.7499399185180664,1.9874283308955058e-05,0.384765625,197,,,,,,,,,,,,,,,,,,,,,,,,,,,,,,,,,,,,,,,,,,,,,,,,,,,,,,,,,,,,,,
203,0.1943,3.7334752082824707,1.987165621604522e-05,0.38671875,198,,,,,,,,,,,,,,,,,,,,,,,,,,,,,,,,,,,,,,,,,,,,,,,,,,,,,,,,,,,,,,
204,0.185,2.797037124633789,1.9869002134404235e-05,0.388671875,199,,,,,,,,,,,,,,,,,,,,,,,,,,,,,,,,,,,,,,,,,,,,,,,,,,,,,,,,,,,,,,
205,0.1553,2.058213233947754,1.9866321071288262e-05,0.390625,200,,,,,,,,,,,,,,,,,,,,,,,,,,,,,,,,,,,,,,,,,,,,,,,,,,,,,,,,,,,,,,
206,0.1506,2.420957326889038,1.9863613034027224e-05,0.392578125,201,,,,,,,,,,,,,,,,,,,,,,,,,,,,,,,,,,,,,,,,,,,,,,,,,,,,,,,,,,,,,,
207,0.1208,1.4584341049194336,1.9860878030024792e-05,0.39453125,202,,,,,,,,,,,,,,,,,,,,,,,,,,,,,,,,,,,,,,,,,,,,,,,,,,,,,,,,,,,,,,
208,0.1671,2.5356040000915527,1.9858116066758362e-05,0.396484375,203,,,,,,,,,,,,,,,,,,,,,,,,,,,,,,,,,,,,,,,,,,,,,,,,,,,,,,,,,,,,,,
209,0.162,1.968878149986267,1.985532715177904e-05,0.3984375,204,,,,,,,,,,,,,,,,,,,,,,,,,,,,,,,,,,,,,,,,,,,,,,,,,,,,,,,,,,,,,,
210,0.188,3.1977462768554688,1.985251129271161e-05,0.400390625,205,,,,,,,,,,,,,,,,,,,,,,,,,,,,,,,,,,,,,,,,,,,,,,,,,,,,,,,,,,,,,,
211,0.1544,1.9154539108276367,1.984966849725452e-05,0.40234375,206,,,,,,,,,,,,,,,,,,,,,,,,,,,,,,,,,,,,,,,,,,,,,,,,,,,,,,,,,,,,,,
212,0.1641,1.7635793685913086,1.9846798773179866e-05,0.404296875,207,,,,,,,,,,,,,,,,,,,,,,,,,,,,,,,,,,,,,,,,,,,,,,,,,,,,,,,,,,,,,,
213,0.1746,4.781230449676514,1.984390212833337e-05,0.40625,208,,,,,,,,,,,,,,,,,,,,,,,,,,,,,,,,,,,,,,,,,,,,,,,,,,,,,,,,,,,,,,
214,0.1443,3.032273530960083,1.9840978570634338e-05,0.408203125,209,,,,,,,,,,,,,,,,,,,,,,,,,,,,,,,,,,,,,,,,,,,,,,,,,,,,,,,,,,,,,,
215,0.1701,2.6723501682281494,1.9838028108075673e-05,0.41015625,210,,,,,,,,,,,,,,,,,,,,,,,,,,,,,,,,,,,,,,,,,,,,,,,,,,,,,,,,,,,,,,
216,0.1868,2.0103282928466797,1.9835050748723826e-05,0.412109375,211,,,,,,,,,,,,,,,,,,,,,,,,,,,,,,,,,,,,,,,,,,,,,,,,,,,,,,,,,,,,,,
217,0.141,2.6516523361206055,1.9832046500718782e-05,0.4140625,212,,,,,,,,,,,,,,,,,,,,,,,,,,,,,,,,,,,,,,,,,,,,,,,,,,,,,,,,,,,,,,
218,0.1437,1.7815968990325928,1.982901537227404e-05,0.416015625,213,,,,,,,,,,,,,,,,,,,,,,,,,,,,,,,,,,,,,,,,,,,,,,,,,,,,,,,,,,,,,,
219,0.1437,2.1025283336639404,1.982595737167659e-05,0.41796875,214,,,,,,,,,,,,,,,,,,,,,,,,,,,,,,,,,,,,,,,,,,,,,,,,,,,,,,,,,,,,,,
220,0.165,2.5250940322875977,1.982287250728689e-05,0.419921875,215,,,,,,,,,,,,,,,,,,,,,,,,,,,,,,,,,,,,,,,,,,,,,,,,,,,,,,,,,,,,,,
221,0.1553,1.6078191995620728,1.981976078753884e-05,0.421875,216,,,,,,,,,,,,,,,,,,,,,,,,,,,,,,,,,,,,,,,,,,,,,,,,,,,,,,,,,,,,,,
222,0.1505,2.9915871620178223,1.9816622220939762e-05,0.423828125,217,,,,,,,,,,,,,,,,,,,,,,,,,,,,,,,,,,,,,,,,,,,,,,,,,,,,,,,,,,,,,,
223,0.1761,2.1889851093292236,1.981345681607038e-05,0.42578125,218,,,,,,,,,,,,,,,,,,,,,,,,,,,,,,,,,,,,,,,,,,,,,,,,,,,,,,,,,,,,,,
224,0.1453,2.961545467376709,1.981026458158479e-05,0.427734375,219,,,,,,,,,,,,,,,,,,,,,,,,,,,,,,,,,,,,,,,,,,,,,,,,,,,,,,,,,,,,,,
225,0.1563,4.3502655029296875,1.9807045526210435e-05,0.4296875,220,,,,,,,,,,,,,,,,,,,,,,,,,,,,,,,,,,,,,,,,,,,,,,,,,,,,,,,,,,,,,,
226,0.19,3.6154747009277344,1.9803799658748096e-05,0.431640625,221,,,,,,,,,,,,,,,,,,,,,,,,,,,,,,,,,,,,,,,,,,,,,,,,,,,,,,,,,,,,,,
227,0.1304,2.476722240447998,1.9800526988071843e-05,0.43359375,222,,,,,,,,,,,,,,,,,,,,,,,,,,,,,,,,,,,,,,,,,,,,,,,,,,,,,,,,,,,,,,
228,0.1264,1.5971662998199463,1.979722752312904e-05,0.435546875,223,,,,,,,,,,,,,,,,,,,,,,,,,,,,,,,,,,,,,,,,,,,,,,,,,,,,,,,,,,,,,,
229,0.213,4.182232856750488,1.9793901272940294e-05,0.4375,224,,,,,,,,,,,,,,,,,,,,,,,,,,,,,,,,,,,,,,,,,,,,,,,,,,,,,,,,,,,,,,
230,0.1837,3.6064834594726562,1.9790548246599447e-05,0.439453125,225,,,,,,,,,,,,,,,,,,,,,,,,,,,,,,,,,,,,,,,,,,,,,,,,,,,,,,,,,,,,,,
231,0.1827,5.137760162353516,1.9787168453273546e-05,0.44140625,226,,,,,,,,,,,,,,,,,,,,,,,,,,,,,,,,,,,,,,,,,,,,,,,,,,,,,,,,,,,,,,
232,0.1381,3.4488039016723633,1.9783761902202814e-05,0.443359375,227,,,,,,,,,,,,,,,,,,,,,,,,,,,,,,,,,,,,,,,,,,,,,,,,,,,,,,,,,,,,,,
233,0.1816,1.6827360391616821,1.9780328602700636e-05,0.4453125,228,,,,,,,,,,,,,,,,,,,,,,,,,,,,,,,,,,,,,,,,,,,,,,,,,,,,,,,,,,,,,,
234,0.1606,1.766173005104065,1.9776868564153517e-05,0.447265625,229,,,,,,,,,,,,,,,,,,,,,,,,,,,,,,,,,,,,,,,,,,,,,,,,,,,,,,,,,,,,,,
235,0.1478,2.028407573699951,1.9773381796021073e-05,0.44921875,230,,,,,,,,,,,,,,,,,,,,,,,,,,,,,,,,,,,,,,,,,,,,,,,,,,,,,,,,,,,,,,
236,0.1341,3.3466458320617676,1.9769868307835996e-05,0.451171875,231,,,,,,,,,,,,,,,,,,,,,,,,,,,,,,,,,,,,,,,,,,,,,,,,,,,,,,,,,,,,,,
237,0.1532,1.860266923904419,1.9766328109204025e-05,0.453125,232,,,,,,,,,,,,,,,,,,,,,,,,,,,,,,,,,,,,,,,,,,,,,,,,,,,,,,,,,,,,,,
238,0.1724,2.848003625869751,1.976276120980393e-05,0.455078125,233,,,,,,,,,,,,,,,,,,,,,,,,,,,,,,,,,,,,,,,,,,,,,,,,,,,,,,,,,,,,,,
239,0.1534,2.2276105880737305,1.9759167619387474e-05,0.45703125,234,,,,,,,,,,,,,,,,,,,,,,,,,,,,,,,,,,,,,,,,,,,,,,,,,,,,,,,,,,,,,,
240,0.177,2.6062324047088623,1.9755547347779405e-05,0.458984375,235,,,,,,,,,,,,,,,,,,,,,,,,,,,,,,,,,,,,,,,,,,,,,,,,,,,,,,,,,,,,,,
241,0.1886,4.7166748046875,1.97519004048774e-05,0.4609375,236,,,,,,,,,,,,,,,,,,,,,,,,,,,,,,,,,,,,,,,,,,,,,,,,,,,,,,,,,,,,,,
242,0.1567,3.4247219562530518,1.9748226800652062e-05,0.462890625,237,,,,,,,,,,,,,,,,,,,,,,,,,,,,,,,,,,,,,,,,,,,,,,,,,,,,,,,,,,,,,,
243,0.0955,2.1792478561401367,1.9744526545146886e-05,0.46484375,238,,,,,,,,,,,,,,,,,,,,,,,,,,,,,,,,,,,,,,,,,,,,,,,,,,,,,,,,,,,,,,
244,0.1276,1.5042383670806885,1.9740799648478233e-05,0.466796875,239,,,,,,,,,,,,,,,,,,,,,,,,,,,,,,,,,,,,,,,,,,,,,,,,,,,,,,,,,,,,,,
245,0.1164,2.2739267349243164,1.973704612083529e-05,0.46875,240,,,,,,,,,,,,,,,,,,,,,,,,,,,,,,,,,,,,,,,,,,,,,,,,,,,,,,,,,,,,,,
246,,,,0.46875,240,0.12365537881851196,0.9237689393939394,0.9259496004768634,0.9237689393939394,0.9218510286517927,0.9237689393939394,0.9324344566816127,0.9237689393939394,0.8554913294797688,0.9010654490106546,0.9567010309278351,0.9469387755102041,0.9437984496124031,0.9232227488151659,0.9737470167064439,0.9325714285714287,2.6204,876.963,4.579,,,,,,,,,,,,,,,,,,,,,,,,,,,,,,,,,,,,,,,,,,,
247,,,,0.46875,240,,,,,,,,,,,,,,,,,,,,0.711141049861908,0.5139448924731183,0.5111637619700393,0.5139448924731183,0.5240960070541689,0.5139448924731183,0.669994485542085,0.5139448924731183,0.39557121288374436,0.5554770318021202,0.7450076804915514,0.6047381546134664,0.694829760403531,0.534691897137312,0.8445692883895131,0.34974796432725863,6.2529,959.561,5.118,,,,,,,,,,,,,,,,,,,,,,,,
248,,,,0.46875,240,,,,,,,,,,,,,,,,,,,,,,,,,,,,,,,,,,,,,,,0.16349993646144867,0.884375,0.8829371919257036,0.8843749999999999,0.8818532129226618,0.884375,0.8885600068046533,0.884375,0.8116805721096544,0.8747591522157996,0.965893587994543,0.9503355704697986,0.8693931398416886,0.8558441558441559,0.9072727272727272,0.8508098891730604,3.3526,860.824,4.772,,,,,
249,0.1549,2.8013756275177,1.973326597248006e-05,0.470703125,241,,,,,,,,,,,,,,,,,,,,,,,,,,,,,,,,,,,,,,,,,,,,,,,,,,,,,,,,,,,,,,
250,0.1688,4.239268779754639,1.9729459213747327e-05,0.47265625,242,,,,,,,,,,,,,,,,,,,,,,,,,,,,,,,,,,,,,,,,,,,,,,,,,,,,,,,,,,,,,,
251,0.1624,2.206540584564209,1.972562585504462e-05,0.474609375,243,,,,,,,,,,,,,,,,,,,,,,,,,,,,,,,,,,,,,,,,,,,,,,,,,,,,,,,,,,,,,,
252,0.1576,2.1516566276550293,1.97217659068522e-05,0.4765625,244,,,,,,,,,,,,,,,,,,,,,,,,,,,,,,,,,,,,,,,,,,,,,,,,,,,,,,,,,,,,,,
253,0.1699,2.8177168369293213,1.9717879379723012e-05,0.478515625,245,,,,,,,,,,,,,,,,,,,,,,,,,,,,,,,,,,,,,,,,,,,,,,,,,,,,,,,,,,,,,,
254,0.1197,1.8637399673461914,1.9713966284282677e-05,0.48046875,246,,,,,,,,,,,,,,,,,,,,,,,,,,,,,,,,,,,,,,,,,,,,,,,,,,,,,,,,,,,,,,
255,0.1339,1.7752370834350586,1.971002663122945e-05,0.482421875,247,,,,,,,,,,,,,,,,,,,,,,,,,,,,,,,,,,,,,,,,,,,,,,,,,,,,,,,,,,,,,,
256,0.1969,4.022363185882568,1.970606043133419e-05,0.484375,248,,,,,,,,,,,,,,,,,,,,,,,,,,,,,,,,,,,,,,,,,,,,,,,,,,,,,,,,,,,,,,
257,0.1738,3.7304394245147705,1.9702067695440333e-05,0.486328125,249,,,,,,,,,,,,,,,,,,,,,,,,,,,,,,,,,,,,,,,,,,,,,,,,,,,,,,,,,,,,,,
258,0.1766,3.6405012607574463,1.969804843446387e-05,0.48828125,250,,,,,,,,,,,,,,,,,,,,,,,,,,,,,,,,,,,,,,,,,,,,,,,,,,,,,,,,,,,,,,
259,0.1769,2.911855936050415,1.9694002659393306e-05,0.490234375,251,,,,,,,,,,,,,,,,,,,,,,,,,,,,,,,,,,,,,,,,,,,,,,,,,,,,,,,,,,,,,,
260,0.1527,1.8221739530563354,1.9689930381289636e-05,0.4921875,252,,,,,,,,,,,,,,,,,,,,,,,,,,,,,,,,,,,,,,,,,,,,,,,,,,,,,,,,,,,,,,
261,0.1293,3.630336284637451,1.9685831611286312e-05,0.494140625,253,,,,,,,,,,,,,,,,,,,,,,,,,,,,,,,,,,,,,,,,,,,,,,,,,,,,,,,,,,,,,,
262,0.126,2.946704864501953,1.9681706360589218e-05,0.49609375,254,,,,,,,,,,,,,,,,,,,,,,,,,,,,,,,,,,,,,,,,,,,,,,,,,,,,,,,,,,,,,,
263,0.1433,2.1817376613616943,1.9677554640476625e-05,0.498046875,255,,,,,,,,,,,,,,,,,,,,,,,,,,,,,,,,,,,,,,,,,,,,,,,,,,,,,,,,,,,,,,
264,0.1356,2.2690107822418213,1.9673376462299186e-05,0.5,256,,,,,,,,,,,,,,,,,,,,,,,,,,,,,,,,,,,,,,,,,,,,,,,,,,,,,,,,,,,,,,
265,0.1477,2.3803701400756836,1.966917183747987e-05,0.501953125,257,,,,,,,,,,,,,,,,,,,,,,,,,,,,,,,,,,,,,,,,,,,,,,,,,,,,,,,,,,,,,,
266,0.1315,3.2009117603302,1.9664940777513973e-05,0.50390625,258,,,,,,,,,,,,,,,,,,,,,,,,,,,,,,,,,,,,,,,,,,,,,,,,,,,,,,,,,,,,,,
267,0.1203,2.3304593563079834,1.9660683293969042e-05,0.505859375,259,,,,,,,,,,,,,,,,,,,,,,,,,,,,,,,,,,,,,,,,,,,,,,,,,,,,,,,,,,,,,,
268,0.1735,3.731523036956787,1.965639939848488e-05,0.5078125,260,,,,,,,,,,,,,,,,,,,,,,,,,,,,,,,,,,,,,,,,,,,,,,,,,,,,,,,,,,,,,,
269,0.1414,2.249323606491089,1.9652089102773487e-05,0.509765625,261,,,,,,,,,,,,,,,,,,,,,,,,,,,,,,,,,,,,,,,,,,,,,,,,,,,,,,,,,,,,,,
270,0.1162,2.14664363861084,1.9647752418619055e-05,0.51171875,262,,,,,,,,,,,,,,,,,,,,,,,,,,,,,,,,,,,,,,,,,,,,,,,,,,,,,,,,,,,,,,
271,0.1445,2.0238852500915527,1.9643389357877907e-05,0.513671875,263,,,,,,,,,,,,,,,,,,,,,,,,,,,,,,,,,,,,,,,,,,,,,,,,,,,,,,,,,,,,,,
272,0.1365,1.7026807069778442,1.9638999932478487e-05,0.515625,264,,,,,,,,,,,,,,,,,,,,,,,,,,,,,,,,,,,,,,,,,,,,,,,,,,,,,,,,,,,,,,
273,0.1528,3.223653554916382,1.9634584154421316e-05,0.517578125,265,,,,,,,,,,,,,,,,,,,,,,,,,,,,,,,,,,,,,,,,,,,,,,,,,,,,,,,,,,,,,,
274,0.1648,2.6731033325195312,1.963014203577896e-05,0.51953125,266,,,,,,,,,,,,,,,,,,,,,,,,,,,,,,,,,,,,,,,,,,,,,,,,,,,,,,,,,,,,,,
275,0.1712,1.944612741470337,1.962567358869601e-05,0.521484375,267,,,,,,,,,,,,,,,,,,,,,,,,,,,,,,,,,,,,,,,,,,,,,,,,,,,,,,,,,,,,,,
276,0.1453,1.9464772939682007,1.962117882538902e-05,0.5234375,268,,,,,,,,,,,,,,,,,,,,,,,,,,,,,,,,,,,,,,,,,,,,,,,,,,,,,,,,,,,,,,
277,0.1066,1.5842320919036865,1.9616657758146503e-05,0.525390625,269,,,,,,,,,,,,,,,,,,,,,,,,,,,,,,,,,,,,,,,,,,,,,,,,,,,,,,,,,,,,,,
278,0.1655,2.330627679824829,1.961211039932889e-05,0.52734375,270,,,,,,,,,,,,,,,,,,,,,,,,,,,,,,,,,,,,,,,,,,,,,,,,,,,,,,,,,,,,,,
279,0.1541,1.8582695722579956,1.9607536761368484e-05,0.529296875,271,,,,,,,,,,,,,,,,,,,,,,,,,,,,,,,,,,,,,,,,,,,,,,,,,,,,,,,,,,,,,,
280,0.1532,2.1071128845214844,1.9602936856769432e-05,0.53125,272,,,,,,,,,,,,,,,,,,,,,,,,,,,,,,,,,,,,,,,,,,,,,,,,,,,,,,,,,,,,,,
281,0.1502,2.084336996078491,1.95983106981077e-05,0.533203125,273,,,,,,,,,,,,,,,,,,,,,,,,,,,,,,,,,,,,,,,,,,,,,,,,,,,,,,,,,,,,,,
282,0.1522,2.3727073669433594,1.9593658298031033e-05,0.53515625,274,,,,,,,,,,,,,,,,,,,,,,,,,,,,,,,,,,,,,,,,,,,,,,,,,,,,,,,,,,,,,,
283,0.208,2.1870763301849365,1.9588979669258913e-05,0.537109375,275,,,,,,,,,,,,,,,,,,,,,,,,,,,,,,,,,,,,,,,,,,,,,,,,,,,,,,,,,,,,,,
284,0.1461,1.6006386280059814,1.958427482458253e-05,0.5390625,276,,,,,,,,,,,,,,,,,,,,,,,,,,,,,,,,,,,,,,,,,,,,,,,,,,,,,,,,,,,,,,
285,0.1281,1.7366437911987305,1.957954377686475e-05,0.541015625,277,,,,,,,,,,,,,,,,,,,,,,,,,,,,,,,,,,,,,,,,,,,,,,,,,,,,,,,,,,,,,,
286,0.2051,3.5859813690185547,1.9574786539040078e-05,0.54296875,278,,,,,,,,,,,,,,,,,,,,,,,,,,,,,,,,,,,,,,,,,,,,,,,,,,,,,,,,,,,,,,
287,0.1857,3.0111489295959473,1.9570003124114622e-05,0.544921875,279,,,,,,,,,,,,,,,,,,,,,,,,,,,,,,,,,,,,,,,,,,,,,,,,,,,,,,,,,,,,,,
288,0.1456,1.6961008310317993,1.9565193545166052e-05,0.546875,280,,,,,,,,,,,,,,,,,,,,,,,,,,,,,,,,,,,,,,,,,,,,,,,,,,,,,,,,,,,,,,
289,0.1393,1.823216438293457,1.9560357815343577e-05,0.548828125,281,,,,,,,,,,,,,,,,,,,,,,,,,,,,,,,,,,,,,,,,,,,,,,,,,,,,,,,,,,,,,,
290,0.1428,1.678444504737854,1.95554959478679e-05,0.55078125,282,,,,,,,,,,,,,,,,,,,,,,,,,,,,,,,,,,,,,,,,,,,,,,,,,,,,,,,,,,,,,,
291,0.1443,2.3403875827789307,1.955060795603117e-05,0.552734375,283,,,,,,,,,,,,,,,,,,,,,,,,,,,,,,,,,,,,,,,,,,,,,,,,,,,,,,,,,,,,,,
292,0.1565,2.324951648712158,1.9545693853196985e-05,0.5546875,284,,,,,,,,,,,,,,,,,,,,,,,,,,,,,,,,,,,,,,,,,,,,,,,,,,,,,,,,,,,,,,
293,0.1594,1.9959726333618164,1.95407536528003e-05,0.556640625,285,,,,,,,,,,,,,,,,,,,,,,,,,,,,,,,,,,,,,,,,,,,,,,,,,,,,,,,,,,,,,,
294,0.1948,2.6448566913604736,1.9535787368347444e-05,0.55859375,286,,,,,,,,,,,,,,,,,,,,,,,,,,,,,,,,,,,,,,,,,,,,,,,,,,,,,,,,,,,,,,
295,0.1573,1.9264470338821411,1.9530795013416046e-05,0.560546875,287,,,,,,,,,,,,,,,,,,,,,,,,,,,,,,,,,,,,,,,,,,,,,,,,,,,,,,,,,,,,,,
296,0.1151,2.0402421951293945,1.9525776601655014e-05,0.5625,288,,,,,,,,,,,,,,,,,,,,,,,,,,,,,,,,,,,,,,,,,,,,,,,,,,,,,,,,,,,,,,
297,0.1222,2.5006322860717773,1.9520732146784493e-05,0.564453125,289,,,,,,,,,,,,,,,,,,,,,,,,,,,,,,,,,,,,,,,,,,,,,,,,,,,,,,,,,,,,,,
298,0.1661,2.858551263809204,1.951566166259583e-05,0.56640625,290,,,,,,,,,,,,,,,,,,,,,,,,,,,,,,,,,,,,,,,,,,,,,,,,,,,,,,,,,,,,,,
299,0.1428,2.460031270980835,1.9510565162951538e-05,0.568359375,291,,,,,,,,,,,,,,,,,,,,,,,,,,,,,,,,,,,,,,,,,,,,,,,,,,,,,,,,,,,,,,
300,0.16,2.4413371086120605,1.950544266178525e-05,0.5703125,292,,,,,,,,,,,,,,,,,,,,,,,,,,,,,,,,,,,,,,,,,,,,,,,,,,,,,,,,,,,,,,
301,0.1618,2.0573489665985107,1.9500294173101687e-05,0.572265625,293,,,,,,,,,,,,,,,,,,,,,,,,,,,,,,,,,,,,,,,,,,,,,,,,,,,,,,,,,,,,,,
302,0.1584,3.1523380279541016,1.9495119710976628e-05,0.57421875,294,,,,,,,,,,,,,,,,,,,,,,,,,,,,,,,,,,,,,,,,,,,,,,,,,,,,,,,,,,,,,,
303,0.1842,2.083757162094116,1.9489919289556844e-05,0.576171875,295,,,,,,,,,,,,,,,,,,,,,,,,,,,,,,,,,,,,,,,,,,,,,,,,,,,,,,,,,,,,,,
304,0.1432,2.2351908683776855,1.9484692923060095e-05,0.578125,296,,,,,,,,,,,,,,,,,,,,,,,,,,,,,,,,,,,,,,,,,,,,,,,,,,,,,,,,,,,,,,
305,0.1551,1.8781737089157104,1.947944062577507e-05,0.580078125,297,,,,,,,,,,,,,,,,,,,,,,,,,,,,,,,,,,,,,,,,,,,,,,,,,,,,,,,,,,,,,,
306,0.1567,1.9654972553253174,1.9474162412061342e-05,0.58203125,298,,,,,,,,,,,,,,,,,,,,,,,,,,,,,,,,,,,,,,,,,,,,,,,,,,,,,,,,,,,,,,
307,0.139,2.742861747741699,1.946885829634935e-05,0.583984375,299,,,,,,,,,,,,,,,,,,,,,,,,,,,,,,,,,,,,,,,,,,,,,,,,,,,,,,,,,,,,,,
308,0.1718,3.9977588653564453,1.9463528293140347e-05,0.5859375,300,,,,,,,,,,,,,,,,,,,,,,,,,,,,,,,,,,,,,,,,,,,,,,,,,,,,,,,,,,,,,,
309,0.1572,2.6729204654693604,1.9458172417006347e-05,0.587890625,301,,,,,,,,,,,,,,,,,,,,,,,,,,,,,,,,,,,,,,,,,,,,,,,,,,,,,,,,,,,,,,
310,0.1148,1.5116444826126099,1.9452790682590124e-05,0.58984375,302,,,,,,,,,,,,,,,,,,,,,,,,,,,,,,,,,,,,,,,,,,,,,,,,,,,,,,,,,,,,,,
311,0.1653,3.1208431720733643,1.9447383104605126e-05,0.591796875,303,,,,,,,,,,,,,,,,,,,,,,,,,,,,,,,,,,,,,,,,,,,,,,,,,,,,,,,,,,,,,,
312,0.1204,2.37410306930542,1.9441949697835468e-05,0.59375,304,,,,,,,,,,,,,,,,,,,,,,,,,,,,,,,,,,,,,,,,,,,,,,,,,,,,,,,,,,,,,,
313,0.118,2.291147470474243,1.9436490477135877e-05,0.595703125,305,,,,,,,,,,,,,,,,,,,,,,,,,,,,,,,,,,,,,,,,,,,,,,,,,,,,,,,,,,,,,,
314,0.1559,2.6900439262390137,1.9431005457431654e-05,0.59765625,306,,,,,,,,,,,,,,,,,,,,,,,,,,,,,,,,,,,,,,,,,,,,,,,,,,,,,,,,,,,,,,
315,0.1397,2.1044726371765137,1.9425494653718632e-05,0.599609375,307,,,,,,,,,,,,,,,,,,,,,,,,,,,,,,,,,,,,,,,,,,,,,,,,,,,,,,,,,,,,,,
316,0.1814,3.8237247467041016,1.9419958081063136e-05,0.6015625,308,,,,,,,,,,,,,,,,,,,,,,,,,,,,,,,,,,,,,,,,,,,,,,,,,,,,,,,,,,,,,,
317,0.1414,2.6783506870269775,1.941439575460195e-05,0.603515625,309,,,,,,,,,,,,,,,,,,,,,,,,,,,,,,,,,,,,,,,,,,,,,,,,,,,,,,,,,,,,,,
318,0.1601,1.911948800086975,1.9408807689542257e-05,0.60546875,310,,,,,,,,,,,,,,,,,,,,,,,,,,,,,,,,,,,,,,,,,,,,,,,,,,,,,,,,,,,,,,
319,0.1436,2.3618927001953125,1.9403193901161614e-05,0.607421875,311,,,,,,,,,,,,,,,,,,,,,,,,,,,,,,,,,,,,,,,,,,,,,,,,,,,,,,,,,,,,,,
320,0.1572,2.2126176357269287,1.9397554404807904e-05,0.609375,312,,,,,,,,,,,,,,,,,,,,,,,,,,,,,,,,,,,,,,,,,,,,,,,,,,,,,,,,,,,,,,
321,0.171,2.2919838428497314,1.93918892158993e-05,0.611328125,313,,,,,,,,,,,,,,,,,,,,,,,,,,,,,,,,,,,,,,,,,,,,,,,,,,,,,,,,,,,,,,
322,0.1976,2.3814971446990967,1.9386198349924207e-05,0.61328125,314,,,,,,,,,,,,,,,,,,,,,,,,,,,,,,,,,,,,,,,,,,,,,,,,,,,,,,,,,,,,,,
323,0.1487,2.0204498767852783,1.9380481822441236e-05,0.615234375,315,,,,,,,,,,,,,,,,,,,,,,,,,,,,,,,,,,,,,,,,,,,,,,,,,,,,,,,,,,,,,,
324,0.1152,2.6271817684173584,1.9374739649079155e-05,0.6171875,316,,,,,,,,,,,,,,,,,,,,,,,,,,,,,,,,,,,,,,,,,,,,,,,,,,,,,,,,,,,,,,
325,0.1711,2.3041892051696777,1.9368971845536844e-05,0.619140625,317,,,,,,,,,,,,,,,,,,,,,,,,,,,,,,,,,,,,,,,,,,,,,,,,,,,,,,,,,,,,,,
326,0.1217,2.184375286102295,1.9363178427583266e-05,0.62109375,318,,,,,,,,,,,,,,,,,,,,,,,,,,,,,,,,,,,,,,,,,,,,,,,,,,,,,,,,,,,,,,
327,0.128,1.7765132188796997,1.9357359411057398e-05,0.623046875,319,,,,,,,,,,,,,,,,,,,,,,,,,,,,,,,,,,,,,,,,,,,,,,,,,,,,,,,,,,,,,,
328,0.1275,1.6042382717132568,1.935151481186821e-05,0.625,320,,,,,,,,,,,,,,,,,,,,,,,,,,,,,,,,,,,,,,,,,,,,,,,,,,,,,,,,,,,,,,
329,,,,0.625,320,0.10394181311130524,0.9384469696969697,0.9403320719701841,0.9384469696969697,0.9392885423091543,0.9384469696969697,0.9415158635239043,0.9384469696969697,0.9209039548022598,0.9254790631653654,0.9520833333333333,0.9520833333333333,0.9291338582677166,0.9346534653465346,0.9639423076923077,0.9491124260355029,2.579,891.044,4.653,,,,,,,,,,,,,,,,,,,,,,,,,,,,,,,,,,,,,,,,,,,
330,,,,0.625,320,,,,,,,,,,,,,,,,,,,,0.6715189218521118,0.5416666666666666,0.5301450579377183,0.5416666666666666,0.533418069202515,0.5416666666666666,0.6772526364722002,0.5416666666666666,0.43735820519284097,0.5947891669523484,0.7534456355283308,0.6165413533834587,0.7047738693467337,0.5521653543307087,0.8134328358208955,0.35708435708435715,6.2405,961.454,5.128,,,,,,,,,,,,,,,,,,,,,,,,
331,,,,0.625,320,,,,,,,,,,,,,,,,,,,,,,,,,,,,,,,,,,,,,,,0.1391196846961975,0.8979166666666667,0.8952126068242934,0.8979166666666667,0.8942560224065199,0.8979166666666667,0.8965690803010185,0.8979166666666667,0.8864994026284349,0.8966767371601209,0.9700272479564033,0.9512358049432197,0.8642951251646904,0.8775919732441472,0.8654545454545455,0.8553459119496856,3.3328,865.94,4.801,,,,,
332,0.1544,2.083366632461548,1.934564464599461e-05,0.626953125,321,,,,,,,,,,,,,,,,,,,,,,,,,,,,,,,,,,,,,,,,,,,,,,,,,,,,,,,,,,,,,,
333,0.1314,2.125396490097046,1.933974892948541e-05,0.62890625,322,,,,,,,,,,,,,,,,,,,,,,,,,,,,,,,,,,,,,,,,,,,,,,,,,,,,,,,,,,,,,,
334,0.1682,2.769818067550659,1.9333827678459277e-05,0.630859375,323,,,,,,,,,,,,,,,,,,,,,,,,,,,,,,,,,,,,,,,,,,,,,,,,,,,,,,,,,,,,,,
335,0.1561,2.334979295730591,1.9327880909104684e-05,0.6328125,324,,,,,,,,,,,,,,,,,,,,,,,,,,,,,,,,,,,,,,,,,,,,,,,,,,,,,,,,,,,,,,
336,0.1448,1.5462141036987305,1.9321908637679868e-05,0.634765625,325,,,,,,,,,,,,,,,,,,,,,,,,,,,,,,,,,,,,,,,,,,,,,,,,,,,,,,,,,,,,,,
337,0.1347,1.281775712966919,1.9315910880512792e-05,0.63671875,326,,,,,,,,,,,,,,,,,,,,,,,,,,,,,,,,,,,,,,,,,,,,,,,,,,,,,,,,,,,,,,
338,0.1125,1.6059445142745972,1.9309887654001095e-05,0.638671875,327,,,,,,,,,,,,,,,,,,,,,,,,,,,,,,,,,,,,,,,,,,,,,,,,,,,,,,,,,,,,,,
339,0.1246,1.4749903678894043,1.930383897461205e-05,0.640625,328,,,,,,,,,,,,,,,,,,,,,,,,,,,,,,,,,,,,,,,,,,,,,,,,,,,,,,,,,,,,,,
340,0.1102,2.1480796337127686,1.9297764858882516e-05,0.642578125,329,,,,,,,,,,,,,,,,,,,,,,,,,,,,,,,,,,,,,,,,,,,,,,,,,,,,,,,,,,,,,,
341,0.1524,2.5790371894836426,1.9291665323418888e-05,0.64453125,330,,,,,,,,,,,,,,,,,,,,,,,,,,,,,,,,,,,,,,,,,,,,,,,,,,,,,,,,,,,,,,
342,0.1353,2.1262335777282715,1.9285540384897073e-05,0.646484375,331,,,,,,,,,,,,,,,,,,,,,,,,,,,,,,,,,,,,,,,,,,,,,,,,,,,,,,,,,,,,,,
343,0.1343,2.021991491317749,1.9279390060062408e-05,0.6484375,332,,,,,,,,,,,,,,,,,,,,,,,,,,,,,,,,,,,,,,,,,,,,,,,,,,,,,,,,,,,,,,
344,0.1209,1.829740047454834,1.9273214365729655e-05,0.650390625,333,,,,,,,,,,,,,,,,,,,,,,,,,,,,,,,,,,,,,,,,,,,,,,,,,,,,,,,,,,,,,,
345,0.107,1.9843496084213257,1.9267013318782922e-05,0.65234375,334,,,,,,,,,,,,,,,,,,,,,,,,,,,,,,,,,,,,,,,,,,,,,,,,,,,,,,,,,,,,,,
346,0.1581,2.0156822204589844,1.9260786936175635e-05,0.654296875,335,,,,,,,,,,,,,,,,,,,,,,,,,,,,,,,,,,,,,,,,,,,,,,,,,,,,,,,,,,,,,,
347,0.1391,3.7133166790008545,1.9254535234930486e-05,0.65625,336,,,,,,,,,,,,,,,,,,,,,,,,,,,,,,,,,,,,,,,,,,,,,,,,,,,,,,,,,,,,,,
348,0.1405,1.9728784561157227,1.924825823213939e-05,0.658203125,337,,,,,,,,,,,,,,,,,,,,,,,,,,,,,,,,,,,,,,,,,,,,,,,,,,,,,,,,,,,,,,
349,0.1278,2.2365787029266357,1.924195594496343e-05,0.66015625,338,,,,,,,,,,,,,,,,,,,,,,,,,,,,,,,,,,,,,,,,,,,,,,,,,,,,,,,,,,,,,,
350,0.1116,2.473855495452881,1.923562839063282e-05,0.662109375,339,,,,,,,,,,,,,,,,,,,,,,,,,,,,,,,,,,,,,,,,,,,,,,,,,,,,,,,,,,,,,,
351,0.107,1.5905418395996094,1.9229275586446853e-05,0.6640625,340,,,,,,,,,,,,,,,,,,,,,,,,,,,,,,,,,,,,,,,,,,,,,,,,,,,,,,,,,,,,,,
352,0.0996,1.951514482498169,1.922289754977385e-05,0.666015625,341,,,,,,,,,,,,,,,,,,,,,,,,,,,,,,,,,,,,,,,,,,,,,,,,,,,,,,,,,,,,,,
353,0.1155,1.9373645782470703,1.921649429805112e-05,0.66796875,342,,,,,,,,,,,,,,,,,,,,,,,,,,,,,,,,,,,,,,,,,,,,,,,,,,,,,,,,,,,,,,
354,0.1139,1.5062012672424316,1.9210065848784915e-05,0.669921875,343,,,,,,,,,,,,,,,,,,,,,,,,,,,,,,,,,,,,,,,,,,,,,,,,,,,,,,,,,,,,,,
355,0.1271,2.1989402770996094,1.9203612219550357e-05,0.671875,344,,,,,,,,,,,,,,,,,,,,,,,,,,,,,,,,,,,,,,,,,,,,,,,,,,,,,,,,,,,,,,
356,0.1398,2.050985336303711,1.9197133427991437e-05,0.673828125,345,,,,,,,,,,,,,,,,,,,,,,,,,,,,,,,,,,,,,,,,,,,,,,,,,,,,,,,,,,,,,,
357,0.1076,1.3522685766220093,1.919062949182091e-05,0.67578125,346,,,,,,,,,,,,,,,,,,,,,,,,,,,,,,,,,,,,,,,,,,,,,,,,,,,,,,,,,,,,,,
358,0.1527,2.2852158546447754,1.9184100428820304e-05,0.677734375,347,,,,,,,,,,,,,,,,,,,,,,,,,,,,,,,,,,,,,,,,,,,,,,,,,,,,,,,,,,,,,,
359,0.1087,1.9691237211227417,1.9177546256839814e-05,0.6796875,348,,,,,,,,,,,,,,,,,,,,,,,,,,,,,,,,,,,,,,,,,,,,,,,,,,,,,,,,,,,,,,
360,0.1397,2.113063335418701,1.9170966993798302e-05,0.681640625,349,,,,,,,,,,,,,,,,,,,,,,,,,,,,,,,,,,,,,,,,,,,,,,,,,,,,,,,,,,,,,,
361,0.132,1.8907610177993774,1.9164362657683223e-05,0.68359375,350,,,,,,,,,,,,,,,,,,,,,,,,,,,,,,,,,,,,,,,,,,,,,,,,,,,,,,,,,,,,,,
362,0.1434,2.0015153884887695,1.9157733266550577e-05,0.685546875,351,,,,,,,,,,,,,,,,,,,,,,,,,,,,,,,,,,,,,,,,,,,,,,,,,,,,,,,,,,,,,,
363,0.1301,1.938180685043335,1.9151078838524867e-05,0.6875,352,,,,,,,,,,,,,,,,,,,,,,,,,,,,,,,,,,,,,,,,,,,,,,,,,,,,,,,,,,,,,,
364,0.115,2.571932077407837,1.9144399391799043e-05,0.689453125,353,,,,,,,,,,,,,,,,,,,,,,,,,,,,,,,,,,,,,,,,,,,,,,,,,,,,,,,,,,,,,,
365,0.1744,3.336638927459717,1.9137694944634465e-05,0.69140625,354,,,,,,,,,,,,,,,,,,,,,,,,,,,,,,,,,,,,,,,,,,,,,,,,,,,,,,,,,,,,,,
366,0.183,1.9933784008026123,1.913096551536083e-05,0.693359375,355,,,,,,,,,,,,,,,,,,,,,,,,,,,,,,,,,,,,,,,,,,,,,,,,,,,,,,,,,,,,,,
367,0.1394,2.1547694206237793,1.9124211122376138e-05,0.6953125,356,,,,,,,,,,,,,,,,,,,,,,,,,,,,,,,,,,,,,,,,,,,,,,,,,,,,,,,,,,,,,,
368,0.0851,1.3037601709365845,1.911743178414665e-05,0.697265625,357,,,,,,,,,,,,,,,,,,,,,,,,,,,,,,,,,,,,,,,,,,,,,,,,,,,,,,,,,,,,,,
369,0.1408,1.9272834062576294,1.9110627519206806e-05,0.69921875,358,,,,,,,,,,,,,,,,,,,,,,,,,,,,,,,,,,,,,,,,,,,,,,,,,,,,,,,,,,,,,,
370,0.132,1.655568242073059,1.9103798346159214e-05,0.701171875,359,,,,,,,,,,,,,,,,,,,,,,,,,,,,,,,,,,,,,,,,,,,,,,,,,,,,,,,,,,,,,,
371,0.0803,1.8950448036193848,1.9096944283674574e-05,0.703125,360,,,,,,,,,,,,,,,,,,,,,,,,,,,,,,,,,,,,,,,,,,,,,,,,,,,,,,,,,,,,,,
372,0.1273,2.356840133666992,1.909006535049163e-05,0.705078125,361,,,,,,,,,,,,,,,,,,,,,,,,,,,,,,,,,,,,,,,,,,,,,,,,,,,,,,,,,,,,,,
373,0.1203,2.3133227825164795,1.9083161565417115e-05,0.70703125,362,,,,,,,,,,,,,,,,,,,,,,,,,,,,,,,,,,,,,,,,,,,,,,,,,,,,,,,,,,,,,,
374,0.1029,1.6876498460769653,1.9076232947325724e-05,0.708984375,363,,,,,,,,,,,,,,,,,,,,,,,,,,,,,,,,,,,,,,,,,,,,,,,,,,,,,,,,,,,,,,
375,0.1728,3.365546464920044,1.9069279515160027e-05,0.7109375,364,,,,,,,,,,,,,,,,,,,,,,,,,,,,,,,,,,,,,,,,,,,,,,,,,,,,,,,,,,,,,,
376,0.1297,1.6533643007278442,1.9062301287930448e-05,0.712890625,365,,,,,,,,,,,,,,,,,,,,,,,,,,,,,,,,,,,,,,,,,,,,,,,,,,,,,,,,,,,,,,
377,0.1043,1.9327982664108276,1.9055298284715192e-05,0.71484375,366,,,,,,,,,,,,,,,,,,,,,,,,,,,,,,,,,,,,,,,,,,,,,,,,,,,,,,,,,,,,,,
378,0.1091,1.5800654888153076,1.9048270524660197e-05,0.716796875,367,,,,,,,,,,,,,,,,,,,,,,,,,,,,,,,,,,,,,,,,,,,,,,,,,,,,,,,,,,,,,,
379,0.1273,2.1857426166534424,1.9041218026979096e-05,0.71875,368,,,,,,,,,,,,,,,,,,,,,,,,,,,,,,,,,,,,,,,,,,,,,,,,,,,,,,,,,,,,,,
380,0.1174,2.8042848110198975,1.903414081095315e-05,0.720703125,369,,,,,,,,,,,,,,,,,,,,,,,,,,,,,,,,,,,,,,,,,,,,,,,,,,,,,,,,,,,,,,
381,0.1291,2.458630084991455,1.902703889593119e-05,0.72265625,370,,,,,,,,,,,,,,,,,,,,,,,,,,,,,,,,,,,,,,,,,,,,,,,,,,,,,,,,,,,,,,
382,0.1153,1.911300778388977,1.9019912301329593e-05,0.724609375,371,,,,,,,,,,,,,,,,,,,,,,,,,,,,,,,,,,,,,,,,,,,,,,,,,,,,,,,,,,,,,,
383,0.1384,2.6952812671661377,1.901276104663218e-05,0.7265625,372,,,,,,,,,,,,,,,,,,,,,,,,,,,,,,,,,,,,,,,,,,,,,,,,,,,,,,,,,,,,,,
384,0.1422,1.5549273490905762,1.9005585151390224e-05,0.728515625,373,,,,,,,,,,,,,,,,,,,,,,,,,,,,,,,,,,,,,,,,,,,,,,,,,,,,,,,,,,,,,,
385,0.1607,2.191917896270752,1.8998384635222337e-05,0.73046875,374,,,,,,,,,,,,,,,,,,,,,,,,,,,,,,,,,,,,,,,,,,,,,,,,,,,,,,,,,,,,,,
386,0.1615,2.654503107070923,1.8991159517814463e-05,0.732421875,375,,,,,,,,,,,,,,,,,,,,,,,,,,,,,,,,,,,,,,,,,,,,,,,,,,,,,,,,,,,,,,
387,0.1242,1.5687975883483887,1.898390981891979e-05,0.734375,376,,,,,,,,,,,,,,,,,,,,,,,,,,,,,,,,,,,,,,,,,,,,,,,,,,,,,,,,,,,,,,
388,0.1278,1.9462238550186157,1.897663555835872e-05,0.736328125,377,,,,,,,,,,,,,,,,,,,,,,,,,,,,,,,,,,,,,,,,,,,,,,,,,,,,,,,,,,,,,,
389,0.1823,2.988999128341675,1.8969336756018813e-05,0.73828125,378,,,,,,,,,,,,,,,,,,,,,,,,,,,,,,,,,,,,,,,,,,,,,,,,,,,,,,,,,,,,,,
390,0.0823,1.1518633365631104,1.8962013431854705e-05,0.740234375,379,,,,,,,,,,,,,,,,,,,,,,,,,,,,,,,,,,,,,,,,,,,,,,,,,,,,,,,,,,,,,,
391,0.1392,2.915762424468994,1.8954665605888086e-05,0.7421875,380,,,,,,,,,,,,,,,,,,,,,,,,,,,,,,,,,,,,,,,,,,,,,,,,,,,,,,,,,,,,,,
392,0.1256,1.94536554813385,1.8947293298207637e-05,0.744140625,381,,,,,,,,,,,,,,,,,,,,,,,,,,,,,,,,,,,,,,,,,,,,,,,,,,,,,,,,,,,,,,
393,0.1516,3.2454311847686768,1.893989652896896e-05,0.74609375,382,,,,,,,,,,,,,,,,,,,,,,,,,,,,,,,,,,,,,,,,,,,,,,,,,,,,,,,,,,,,,,
394,0.1311,2.5644142627716064,1.8932475318394542e-05,0.748046875,383,,,,,,,,,,,,,,,,,,,,,,,,,,,,,,,,,,,,,,,,,,,,,,,,,,,,,,,,,,,,,,
395,0.1781,3.0865659713745117,1.8925029686773692e-05,0.75,384,,,,,,,,,,,,,,,,,,,,,,,,,,,,,,,,,,,,,,,,,,,,,,,,,,,,,,,,,,,,,,
396,0.1346,1.870863437652588,1.8917559654462474e-05,0.751953125,385,,,,,,,,,,,,,,,,,,,,,,,,,,,,,,,,,,,,,,,,,,,,,,,,,,,,,,,,,,,,,,
397,0.1241,1.6358317136764526,1.891006524188368e-05,0.75390625,386,,,,,,,,,,,,,,,,,,,,,,,,,,,,,,,,,,,,,,,,,,,,,,,,,,,,,,,,,,,,,,
398,0.1125,2.5398154258728027,1.8902546469526744e-05,0.755859375,387,,,,,,,,,,,,,,,,,,,,,,,,,,,,,,,,,,,,,,,,,,,,,,,,,,,,,,,,,,,,,,
399,0.1345,1.950730323791504,1.8895003357947707e-05,0.7578125,388,,,,,,,,,,,,,,,,,,,,,,,,,,,,,,,,,,,,,,,,,,,,,,,,,,,,,,,,,,,,,,
400,0.0922,1.2861104011535645,1.8887435927769137e-05,0.759765625,389,,,,,,,,,,,,,,,,,,,,,,,,,,,,,,,,,,,,,,,,,,,,,,,,,,,,,,,,,,,,,,
401,0.1321,1.7109841108322144,1.887984419968011e-05,0.76171875,390,,,,,,,,,,,,,,,,,,,,,,,,,,,,,,,,,,,,,,,,,,,,,,,,,,,,,,,,,,,,,,
402,0.1239,2.0096778869628906,1.887222819443612e-05,0.763671875,391,,,,,,,,,,,,,,,,,,,,,,,,,,,,,,,,,,,,,,,,,,,,,,,,,,,,,,,,,,,,,,
403,0.1299,1.5331082344055176,1.8864587932859028e-05,0.765625,392,,,,,,,,,,,,,,,,,,,,,,,,,,,,,,,,,,,,,,,,,,,,,,,,,,,,,,,,,,,,,,
404,0.1346,2.3953964710235596,1.8856923435837024e-05,0.767578125,393,,,,,,,,,,,,,,,,,,,,,,,,,,,,,,,,,,,,,,,,,,,,,,,,,,,,,,,,,,,,,,
405,0.1361,2.6100802421569824,1.8849234724324543e-05,0.76953125,394,,,,,,,,,,,,,,,,,,,,,,,,,,,,,,,,,,,,,,,,,,,,,,,,,,,,,,,,,,,,,,
406,0.1588,2.2905235290527344,1.8841521819342237e-05,0.771484375,395,,,,,,,,,,,,,,,,,,,,,,,,,,,,,,,,,,,,,,,,,,,,,,,,,,,,,,,,,,,,,,
407,0.1233,2.5783777236938477,1.883378474197689e-05,0.7734375,396,,,,,,,,,,,,,,,,,,,,,,,,,,,,,,,,,,,,,,,,,,,,,,,,,,,,,,,,,,,,,,
408,0.1696,1.928292155265808,1.8826023513381372e-05,0.775390625,397,,,,,,,,,,,,,,,,,,,,,,,,,,,,,,,,,,,,,,,,,,,,,,,,,,,,,,,,,,,,,,
409,0.131,2.573140859603882,1.881823815477459e-05,0.77734375,398,,,,,,,,,,,,,,,,,,,,,,,,,,,,,,,,,,,,,,,,,,,,,,,,,,,,,,,,,,,,,,
410,0.1326,2.541951894760132,1.8810428687441415e-05,0.779296875,399,,,,,,,,,,,,,,,,,,,,,,,,,,,,,,,,,,,,,,,,,,,,,,,,,,,,,,,,,,,,,,
411,0.137,2.129023790359497,1.8802595132732636e-05,0.78125,400,,,,,,,,,,,,,,,,,,,,,,,,,,,,,,,,,,,,,,,,,,,,,,,,,,,,,,,,,,,,,,
412,,,,0.78125,400,0.0922299474477768,0.9417613636363636,0.9432800031248655,0.9417613636363638,0.9413297433529454,0.9417613636363636,0.9455836399610345,0.9417613636363636,0.9123563218390804,0.9283625730994152,0.954639175257732,0.9566115702479339,0.9508840864440079,0.9416342412451363,0.9644549763033176,0.9465116279069767,2.6023,883.08,4.611,,,,,,,,,,,,,,,,,,,,,,,,,,,,,,,,,,,,,,,,,,,
413,,,,0.78125,400,,,,,,,,,,,,,,,,,,,,0.7097761631011963,0.5413306451612904,0.5277009440322903,0.5413306451612904,0.5250720821807447,0.5413306451612904,0.6768548892519447,0.5413306451612904,0.43581336696090794,0.5901639344262296,0.7484662576687117,0.6088583905177791,0.72090112640801,0.5393258426966293,0.8022388059701493,0.37245560848852316,6.2584,958.707,5.113,,,,,,,,,,,,,,,,,,,,,,,,
414,,,,0.78125,400,,,,,,,,,,,,,,,,,,,,,,,,,,,,,,,,,,,,,,,0.13299685716629028,0.9027777777777778,0.9001437769855348,0.9027777777777778,0.8996121364934032,0.9027777777777778,0.9019598323521867,0.9027777777777778,0.9105011933174224,0.9040284360189574,0.9699863574351978,0.9556451612903225,0.841897233201581,0.8789546079779917,0.8854545454545455,0.8619469026548673,3.3163,870.251,4.825,,,,,
415,0.1493,2.103628396987915,1.879473751206489e-05,0.783203125,401,,,,,,,,,,,,,,,,,,,,,,,,,,,,,,,,,,,,,,,,,,,,,,,,,,,,,,,,,,,,,,
416,0.1204,2.473437547683716,1.8786855846920615e-05,0.78515625,402,,,,,,,,,,,,,,,,,,,,,,,,,,,,,,,,,,,,,,,,,,,,,,,,,,,,,,,,,,,,,,
417,0.1191,1.6452645063400269,1.8778950158847976e-05,0.787109375,403,,,,,,,,,,,,,,,,,,,,,,,,,,,,,,,,,,,,,,,,,,,,,,,,,,,,,,,,,,,,,,
418,0.1526,3.506927251815796,1.877102046946083e-05,0.7890625,404,,,,,,,,,,,,,,,,,,,,,,,,,,,,,,,,,,,,,,,,,,,,,,,,,,,,,,,,,,,,,,
419,0.129,2.1935691833496094,1.8763066800438638e-05,0.791015625,405,,,,,,,,,,,,,,,,,,,,,,,,,,,,,,,,,,,,,,,,,,,,,,,,,,,,,,,,,,,,,,
420,0.1304,2.4468019008636475,1.875508917352643e-05,0.79296875,406,,,,,,,,,,,,,,,,,,,,,,,,,,,,,,,,,,,,,,,,,,,,,,,,,,,,,,,,,,,,,,
421,0.1247,2.5448155403137207,1.8747087610534735e-05,0.794921875,407,,,,,,,,,,,,,,,,,,,,,,,,,,,,,,,,,,,,,,,,,,,,,,,,,,,,,,,,,,,,,,
422,0.1212,2.689706802368164,1.8739062133339518e-05,0.796875,408,,,,,,,,,,,,,,,,,,,,,,,,,,,,,,,,,,,,,,,,,,,,,,,,,,,,,,,,,,,,,,
423,0.1447,1.9673049449920654,1.8731012763882132e-05,0.798828125,409,,,,,,,,,,,,,,,,,,,,,,,,,,,,,,,,,,,,,,,,,,,,,,,,,,,,,,,,,,,,,,
424,0.1247,1.8488327264785767,1.8722939524169243e-05,0.80078125,410,,,,,,,,,,,,,,,,,,,,,,,,,,,,,,,,,,,,,,,,,,,,,,,,,,,,,,,,,,,,,,
425,0.1427,2.038710117340088,1.8714842436272774e-05,0.802734375,411,,,,,,,,,,,,,,,,,,,,,,,,,,,,,,,,,,,,,,,,,,,,,,,,,,,,,,,,,,,,,,
426,0.1207,2.715986728668213,1.8706721522329862e-05,0.8046875,412,,,,,,,,,,,,,,,,,,,,,,,,,,,,,,,,,,,,,,,,,,,,,,,,,,,,,,,,,,,,,,
427,0.1106,1.6918840408325195,1.8698576804542775e-05,0.806640625,413,,,,,,,,,,,,,,,,,,,,,,,,,,,,,,,,,,,,,,,,,,,,,,,,,,,,,,,,,,,,,,
428,0.1212,2.0343098640441895,1.8690408305178858e-05,0.80859375,414,,,,,,,,,,,,,,,,,,,,,,,,,,,,,,,,,,,,,,,,,,,,,,,,,,,,,,,,,,,,,,
429,0.1179,2.038119077682495,1.8682216046570477e-05,0.810546875,415,,,,,,,,,,,,,,,,,,,,,,,,,,,,,,,,,,,,,,,,,,,,,,,,,,,,,,,,,,,,,,
430,0.1244,2.1830101013183594,1.8674000051114953e-05,0.8125,416,,,,,,,,,,,,,,,,,,,,,,,,,,,,,,,,,,,,,,,,,,,,,,,,,,,,,,,,,,,,,,
431,0.1254,3.70877742767334,1.8665760341274505e-05,0.814453125,417,,,,,,,,,,,,,,,,,,,,,,,,,,,,,,,,,,,,,,,,,,,,,,,,,,,,,,,,,,,,,,
432,0.0907,1.2227898836135864,1.8657496939576187e-05,0.81640625,418,,,,,,,,,,,,,,,,,,,,,,,,,,,,,,,,,,,,,,,,,,,,,,,,,,,,,,,,,,,,,,
433,0.1476,2.0446159839630127,1.8649209868611822e-05,0.818359375,419,,,,,,,,,,,,,,,,,,,,,,,,,,,,,,,,,,,,,,,,,,,,,,,,,,,,,,,,,,,,,,
434,0.1286,3.2213985919952393,1.8640899151037945e-05,0.8203125,420,,,,,,,,,,,,,,,,,,,,,,,,,,,,,,,,,,,,,,,,,,,,,,,,,,,,,,,,,,,,,,
435,0.1186,2.1383538246154785,1.863256480957574e-05,0.822265625,421,,,,,,,,,,,,,,,,,,,,,,,,,,,,,,,,,,,,,,,,,,,,,,,,,,,,,,,,,,,,,,
436,0.1256,2.3413338661193848,1.8624206867010982e-05,0.82421875,422,,,,,,,,,,,,,,,,,,,,,,,,,,,,,,,,,,,,,,,,,,,,,,,,,,,,,,,,,,,,,,
437,0.1352,3.1333975791931152,1.861582534619396e-05,0.826171875,423,,,,,,,,,,,,,,,,,,,,,,,,,,,,,,,,,,,,,,,,,,,,,,,,,,,,,,,,,,,,,,
438,0.1535,3.296621799468994,1.860742027003944e-05,0.828125,424,,,,,,,,,,,,,,,,,,,,,,,,,,,,,,,,,,,,,,,,,,,,,,,,,,,,,,,,,,,,,,
439,0.1241,2.0314419269561768,1.859899166152657e-05,0.830078125,425,,,,,,,,,,,,,,,,,,,,,,,,,,,,,,,,,,,,,,,,,,,,,,,,,,,,,,,,,,,,,,
440,0.1029,2.136301040649414,1.8590539543698852e-05,0.83203125,426,,,,,,,,,,,,,,,,,,,,,,,,,,,,,,,,,,,,,,,,,,,,,,,,,,,,,,,,,,,,,,
441,0.1431,1.7194321155548096,1.8582063939664052e-05,0.833984375,427,,,,,,,,,,,,,,,,,,,,,,,,,,,,,,,,,,,,,,,,,,,,,,,,,,,,,,,,,,,,,,
442,0.0988,1.862120509147644,1.8573564872594144e-05,0.8359375,428,,,,,,,,,,,,,,,,,,,,,,,,,,,,,,,,,,,,,,,,,,,,,,,,,,,,,,,,,,,,,,
443,0.1702,3.477945566177368,1.856504236572526e-05,0.837890625,429,,,,,,,,,,,,,,,,,,,,,,,,,,,,,,,,,,,,,,,,,,,,,,,,,,,,,,,,,,,,,,
444,0.1565,2.154636859893799,1.8556496442357597e-05,0.83984375,430,,,,,,,,,,,,,,,,,,,,,,,,,,,,,,,,,,,,,,,,,,,,,,,,,,,,,,,,,,,,,,
445,0.1341,2.0130460262298584,1.854792712585539e-05,0.841796875,431,,,,,,,,,,,,,,,,,,,,,,,,,,,,,,,,,,,,,,,,,,,,,,,,,,,,,,,,,,,,,,
446,0.1213,1.764560580253601,1.8539334439646827e-05,0.84375,432,,,,,,,,,,,,,,,,,,,,,,,,,,,,,,,,,,,,,,,,,,,,,,,,,,,,,,,,,,,,,,
447,0.0821,1.7178022861480713,1.8530718407223976e-05,0.845703125,433,,,,,,,,,,,,,,,,,,,,,,,,,,,,,,,,,,,,,,,,,,,,,,,,,,,,,,,,,,,,,,
448,0.1503,3.4606926441192627,1.8522079052142748e-05,0.84765625,434,,,,,,,,,,,,,,,,,,,,,,,,,,,,,,,,,,,,,,,,,,,,,,,,,,,,,,,,,,,,,,
449,0.1462,2.436955213546753,1.8513416398022803e-05,0.849609375,435,,,,,,,,,,,,,,,,,,,,,,,,,,,,,,,,,,,,,,,,,,,,,,,,,,,,,,,,,,,,,,
450,0.1193,3.8737332820892334,1.8504730468547508e-05,0.8515625,436,,,,,,,,,,,,,,,,,,,,,,,,,,,,,,,,,,,,,,,,,,,,,,,,,,,,,,,,,,,,,,
451,0.0928,2.332760810852051,1.849602128746387e-05,0.853515625,437,,,,,,,,,,,,,,,,,,,,,,,,,,,,,,,,,,,,,,,,,,,,,,,,,,,,,,,,,,,,,,
452,0.09,1.4525989294052124,1.8487288878582447e-05,0.85546875,438,,,,,,,,,,,,,,,,,,,,,,,,,,,,,,,,,,,,,,,,,,,,,,,,,,,,,,,,,,,,,,
453,0.1144,2.28963565826416,1.847853326577732e-05,0.857421875,439,,,,,,,,,,,,,,,,,,,,,,,,,,,,,,,,,,,,,,,,,,,,,,,,,,,,,,,,,,,,,,
454,0.1105,2.7722716331481934,1.8469754472985994e-05,0.859375,440,,,,,,,,,,,,,,,,,,,,,,,,,,,,,,,,,,,,,,,,,,,,,,,,,,,,,,,,,,,,,,
455,0.1681,3.0964651107788086,1.8460952524209355e-05,0.861328125,441,,,,,,,,,,,,,,,,,,,,,,,,,,,,,,,,,,,,,,,,,,,,,,,,,,,,,,,,,,,,,,
456,0.1232,2.7817203998565674,1.8452127443511597e-05,0.86328125,442,,,,,,,,,,,,,,,,,,,,,,,,,,,,,,,,,,,,,,,,,,,,,,,,,,,,,,,,,,,,,,
457,0.0849,1.7629141807556152,1.8443279255020153e-05,0.865234375,443,,,,,,,,,,,,,,,,,,,,,,,,,,,,,,,,,,,,,,,,,,,,,,,,,,,,,,,,,,,,,,
458,0.0896,2.0400381088256836,1.843440798292563e-05,0.8671875,444,,,,,,,,,,,,,,,,,,,,,,,,,,,,,,,,,,,,,,,,,,,,,,,,,,,,,,,,,,,,,,
459,0.1345,1.9653531312942505,1.8425513651481748e-05,0.869140625,445,,,,,,,,,,,,,,,,,,,,,,,,,,,,,,,,,,,,,,,,,,,,,,,,,,,,,,,,,,,,,,
460,0.092,2.2995429039001465,1.8416596285005274e-05,0.87109375,446,,,,,,,,,,,,,,,,,,,,,,,,,,,,,,,,,,,,,,,,,,,,,,,,,,,,,,,,,,,,,,
461,0.1017,2.0947930812835693,1.8407655907875937e-05,0.873046875,447,,,,,,,,,,,,,,,,,,,,,,,,,,,,,,,,,,,,,,,,,,,,,,,,,,,,,,,,,,,,,,
462,0.0991,2.8359792232513428,1.83986925445364e-05,0.875,448,,,,,,,,,,,,,,,,,,,,,,,,,,,,,,,,,,,,,,,,,,,,,,,,,,,,,,,,,,,,,,
463,0.1199,1.830331802368164,1.8389706219492147e-05,0.876953125,449,,,,,,,,,,,,,,,,,,,,,,,,,,,,,,,,,,,,,,,,,,,,,,,,,,,,,,,,,,,,,,
464,0.1322,2.821277379989624,1.8380696957311447e-05,0.87890625,450,,,,,,,,,,,,,,,,,,,,,,,,,,,,,,,,,,,,,,,,,,,,,,,,,,,,,,,,,,,,,,
465,0.1158,1.9282695055007935,1.8371664782625287e-05,0.880859375,451,,,,,,,,,,,,,,,,,,,,,,,,,,,,,,,,,,,,,,,,,,,,,,,,,,,,,,,,,,,,,,
466,0.1288,2.0843276977539062,1.836260972012728e-05,0.8828125,452,,,,,,,,,,,,,,,,,,,,,,,,,,,,,,,,,,,,,,,,,,,,,,,,,,,,,,,,,,,,,,
467,0.1211,2.4437155723571777,1.8353531794573623e-05,0.884765625,453,,,,,,,,,,,,,,,,,,,,,,,,,,,,,,,,,,,,,,,,,,,,,,,,,,,,,,,,,,,,,,
468,0.1409,1.787320852279663,1.8344431030783022e-05,0.88671875,454,,,,,,,,,,,,,,,,,,,,,,,,,,,,,,,,,,,,,,,,,,,,,,,,,,,,,,,,,,,,,,
469,0.131,2.609116554260254,1.833530745363661e-05,0.888671875,455,,,,,,,,,,,,,,,,,,,,,,,,,,,,,,,,,,,,,,,,,,,,,,,,,,,,,,,,,,,,,,
470,0.1301,2.844726324081421,1.8326161088077905e-05,0.890625,456,,,,,,,,,,,,,,,,,,,,,,,,,,,,,,,,,,,,,,,,,,,,,,,,,,,,,,,,,,,,,,
471,0.1188,2.024444103240967,1.831699195911272e-05,0.892578125,457,,,,,,,,,,,,,,,,,,,,,,,,,,,,,,,,,,,,,,,,,,,,,,,,,,,,,,,,,,,,,,
472,0.1228,2.170459747314453,1.83078000918091e-05,0.89453125,458,,,,,,,,,,,,,,,,,,,,,,,,,,,,,,,,,,,,,,,,,,,,,,,,,,,,,,,,,,,,,,
473,0.1147,2.996129035949707,1.8298585511297263e-05,0.896484375,459,,,,,,,,,,,,,,,,,,,,,,,,,,,,,,,,,,,,,,,,,,,,,,,,,,,,,,,,,,,,,,
474,0.1136,2.209092855453491,1.8289348242769515e-05,0.8984375,460,,,,,,,,,,,,,,,,,,,,,,,,,,,,,,,,,,,,,,,,,,,,,,,,,,,,,,,,,,,,,,
475,0.1066,2.6688454151153564,1.8280088311480203e-05,0.900390625,461,,,,,,,,,,,,,,,,,,,,,,,,,,,,,,,,,,,,,,,,,,,,,,,,,,,,,,,,,,,,,,
476,0.0996,2.077819585800171,1.827080574274562e-05,0.90234375,462,,,,,,,,,,,,,,,,,,,,,,,,,,,,,,,,,,,,,,,,,,,,,,,,,,,,,,,,,,,,,,
477,0.1012,2.260672092437744,1.8261500561943956e-05,0.904296875,463,,,,,,,,,,,,,,,,,,,,,,,,,,,,,,,,,,,,,,,,,,,,,,,,,,,,,,,,,,,,,,
478,0.1541,2.6308841705322266,1.8252172794515225e-05,0.90625,464,,,,,,,,,,,,,,,,,,,,,,,,,,,,,,,,,,,,,,,,,,,,,,,,,,,,,,,,,,,,,,
479,0.1098,2.8621180057525635,1.8242822465961177e-05,0.908203125,465,,,,,,,,,,,,,,,,,,,,,,,,,,,,,,,,,,,,,,,,,,,,,,,,,,,,,,,,,,,,,,
480,0.1061,3.066812753677368,1.823344960184526e-05,0.91015625,466,,,,,,,,,,,,,,,,,,,,,,,,,,,,,,,,,,,,,,,,,,,,,,,,,,,,,,,,,,,,,,
481,0.0913,1.8139060735702515,1.8224054227792524e-05,0.912109375,467,,,,,,,,,,,,,,,,,,,,,,,,,,,,,,,,,,,,,,,,,,,,,,,,,,,,,,,,,,,,,,
482,0.1328,3.3507637977600098,1.8214636369489563e-05,0.9140625,468,,,,,,,,,,,,,,,,,,,,,,,,,,,,,,,,,,,,,,,,,,,,,,,,,,,,,,,,,,,,,,
483,0.1472,2.0251197814941406,1.8205196052684445e-05,0.916015625,469,,,,,,,,,,,,,,,,,,,,,,,,,,,,,,,,,,,,,,,,,,,,,,,,,,,,,,,,,,,,,,
484,0.1139,2.647785186767578,1.8195733303186634e-05,0.91796875,470,,,,,,,,,,,,,,,,,,,,,,,,,,,,,,,,,,,,,,,,,,,,,,,,,,,,,,,,,,,,,,
485,0.1034,2.47692608833313,1.8186248146866928e-05,0.919921875,471,,,,,,,,,,,,,,,,,,,,,,,,,,,,,,,,,,,,,,,,,,,,,,,,,,,,,,,,,,,,,,
486,0.1129,2.0418803691864014,1.8176740609657372e-05,0.921875,472,,,,,,,,,,,,,,,,,,,,,,,,,,,,,,,,,,,,,,,,,,,,,,,,,,,,,,,,,,,,,,
487,0.1246,2.7472004890441895,1.8167210717551224e-05,0.923828125,473,,,,,,,,,,,,,,,,,,,,,,,,,,,,,,,,,,,,,,,,,,,,,,,,,,,,,,,,,,,,,,
488,0.1465,2.459355592727661,1.8157658496602836e-05,0.92578125,474,,,,,,,,,,,,,,,,,,,,,,,,,,,,,,,,,,,,,,,,,,,,,,,,,,,,,,,,,,,,,,
489,0.1554,4.760499000549316,1.8148083972927617e-05,0.927734375,475,,,,,,,,,,,,,,,,,,,,,,,,,,,,,,,,,,,,,,,,,,,,,,,,,,,,,,,,,,,,,,
490,0.1297,3.170154333114624,1.813848717270195e-05,0.9296875,476,,,,,,,,,,,,,,,,,,,,,,,,,,,,,,,,,,,,,,,,,,,,,,,,,,,,,,,,,,,,,,
491,0.1386,1.870985746383667,1.8128868122163125e-05,0.931640625,477,,,,,,,,,,,,,,,,,,,,,,,,,,,,,,,,,,,,,,,,,,,,,,,,,,,,,,,,,,,,,,
492,0.1462,2.427332639694214,1.8119226847609247e-05,0.93359375,478,,,,,,,,,,,,,,,,,,,,,,,,,,,,,,,,,,,,,,,,,,,,,,,,,,,,,,,,,,,,,,
493,0.1305,2.4237821102142334,1.81095633753992e-05,0.935546875,479,,,,,,,,,,,,,,,,,,,,,,,,,,,,,,,,,,,,,,,,,,,,,,,,,,,,,,,,,,,,,,
494,0.1507,2.526569366455078,1.809987773195255e-05,0.9375,480,,,,,,,,,,,,,,,,,,,,,,,,,,,,,,,,,,,,,,,,,,,,,,,,,,,,,,,,,,,,,,
495,,,,0.9375,480,0.0911974310874939,0.9431818181818182,0.9447197600087684,0.9431818181818182,0.9448658757138616,0.9431818181818182,0.9451831329789635,0.9431818181818182,0.9371428571428572,0.9324804548685146,0.9484536082474226,0.9563409563409563,0.9138276553106213,0.9344262295081966,0.9813084112149533,0.9556313993174061,2.6015,883.352,4.613,,,,,,,,,,,,,,,,,,,,,,,,,,,,,,,,,,,,,,,,,,,
496,,,,0.9375,480,,,,,,,,,,,,,,,,,,,,0.6942881941795349,0.5372983870967742,0.5283276687389884,0.5372983870967742,0.5324569450858911,0.5372983870967742,0.6781012516358288,0.5372983870967742,0.4311949685534591,0.5872879904060305,0.7561349693251533,0.6116625310173697,0.6889168765743073,0.5587334014300306,0.8361581920903954,0.35562675210252304,6.2587,958.666,5.113,,,,,,,,,,,,,,,,,,,,,,,,
497,,,,0.9375,480,,,,,,,,,,,,,,,,,,,,,,,,,,,,,,,,,,,,,,,0.12768864631652832,0.9027777777777778,0.9001815587255751,0.9027777777777778,0.8995445898843828,0.9027777777777778,0.9031180916566907,0.9027777777777778,0.9139784946236559,0.906935388263189,0.9619047619047619,0.9592944369063773,0.8311345646437994,0.8743927827897293,0.9054545454545454,0.860103626943005,3.3478,862.066,4.779,,,,,
498,0.1363,2.0758259296417236,1.8090169943749477e-05,0.939453125,481,,,,,,,,,,,,,,,,,,,,,,,,,,,,,,,,,,,,,,,,,,,,,,,,,,,,,,,,,,,,,,
499,0.1434,2.7975070476531982,1.8080440037330697e-05,0.94140625,482,,,,,,,,,,,,,,,,,,,,,,,,,,,,,,,,,,,,,,,,,,,,,,,,,,,,,,,,,,,,,,
500,0.1348,3.109619379043579,1.8070688039297403e-05,0.943359375,483,,,,,,,,,,,,,,,,,,,,,,,,,,,,,,,,,,,,,,,,,,,,,,,,,,,,,,,,,,,,,,
501,0.1973,2.819927215576172,1.8060913976311192e-05,0.9453125,484,,,,,,,,,,,,,,,,,,,,,,,,,,,,,,,,,,,,,,,,,,,,,,,,,,,,,,,,,,,,,,
502,0.1291,1.5728667974472046,1.8051117875093974e-05,0.947265625,485,,,,,,,,,,,,,,,,,,,,,,,,,,,,,,,,,,,,,,,,,,,,,,,,,,,,,,,,,,,,,,
503,0.1119,1.6224662065505981,1.804129976242792e-05,0.94921875,486,,,,,,,,,,,,,,,,,,,,,,,,,,,,,,,,,,,,,,,,,,,,,,,,,,,,,,,,,,,,,,
504,0.0871,1.4683277606964111,1.8031459665155363e-05,0.951171875,487,,,,,,,,,,,,,,,,,,,,,,,,,,,,,,,,,,,,,,,,,,,,,,,,,,,,,,,,,,,,,,
505,0.1728,1.9654797315597534,1.802159761017877e-05,0.953125,488,,,,,,,,,,,,,,,,,,,,,,,,,,,,,,,,,,,,,,,,,,,,,,,,,,,,,,,,,,,,,,
506,0.1533,2.9765748977661133,1.8011713624460608e-05,0.955078125,489,,,,,,,,,,,,,,,,,,,,,,,,,,,,,,,,,,,,,,,,,,,,,,,,,,,,,,,,,,,,,,
507,0.1219,2.723172903060913,1.800180773502333e-05,0.95703125,490,,,,,,,,,,,,,,,,,,,,,,,,,,,,,,,,,,,,,,,,,,,,,,,,,,,,,,,,,,,,,,
508,0.1258,2.491492748260498,1.7991879968949248e-05,0.958984375,491,,,,,,,,,,,,,,,,,,,,,,,,,,,,,,,,,,,,,,,,,,,,,,,,,,,,,,,,,,,,,,
509,0.1437,3.167438507080078,1.7981930353380502e-05,0.9609375,492,,,,,,,,,,,,,,,,,,,,,,,,,,,,,,,,,,,,,,,,,,,,,,,,,,,,,,,,,,,,,,
510,0.1571,1.953454613685608,1.797195891551896e-05,0.962890625,493,,,,,,,,,,,,,,,,,,,,,,,,,,,,,,,,,,,,,,,,,,,,,,,,,,,,,,,,,,,,,,
511,0.1131,1.5988507270812988,1.796196568262615e-05,0.96484375,494,,,,,,,,,,,,,,,,,,,,,,,,,,,,,,,,,,,,,,,,,,,,,,,,,,,,,,,,,,,,,,
512,0.1084,1.531893014907837,1.795195068202319e-05,0.966796875,495,,,,,,,,,,,,,,,,,,,,,,,,,,,,,,,,,,,,,,,,,,,,,,,,,,,,,,,,,,,,,,
513,0.1236,2.111347198486328,1.7941913941090712e-05,0.96875,496,,,,,,,,,,,,,,,,,,,,,,,,,,,,,,,,,,,,,,,,,,,,,,,,,,,,,,,,,,,,,,
514,0.1392,2.9560985565185547,1.793185548726878e-05,0.970703125,497,,,,,,,,,,,,,,,,,,,,,,,,,,,,,,,,,,,,,,,,,,,,,,,,,,,,,,,,,,,,,,
515,0.0803,1.9236656427383423,1.7921775348056822e-05,0.97265625,498,,,,,,,,,,,,,,,,,,,,,,,,,,,,,,,,,,,,,,,,,,,,,,,,,,,,,,,,,,,,,,
516,0.1038,1.8299757242202759,1.7911673551013553e-05,0.974609375,499,,,,,,,,,,,,,,,,,,,,,,,,,,,,,,,,,,,,,,,,,,,,,,,,,,,,,,,,,,,,,,
517,0.1385,2.686455249786377,1.7901550123756906e-05,0.9765625,500,,,,,,,,,,,,,,,,,,,,,,,,,,,,,,,,,,,,,,,,,,,,,,,,,,,,,,,,,,,,,,
518,0.1106,1.5812170505523682,1.789140509396394e-05,0.978515625,501,,,,,,,,,,,,,,,,,,,,,,,,,,,,,,,,,,,,,,,,,,,,,,,,,,,,,,,,,,,,,,
519,0.1397,3.094607353210449,1.7881238489370776e-05,0.98046875,502,,,,,,,,,,,,,,,,,,,,,,,,,,,,,,,,,,,,,,,,,,,,,,,,,,,,,,,,,,,,,,
520,0.1223,2.0037448406219482,1.7871050337772527e-05,0.982421875,503,,,,,,,,,,,,,,,,,,,,,,,,,,,,,,,,,,,,,,,,,,,,,,,,,,,,,,,,,,,,,,
521,0.131,2.267106771469116,1.7860840667023212e-05,0.984375,504,,,,,,,,,,,,,,,,,,,,,,,,,,,,,,,,,,,,,,,,,,,,,,,,,,,,,,,,,,,,,,
522,0.1043,1.9102094173431396,1.785060950503568e-05,0.986328125,505,,,,,,,,,,,,,,,,,,,,,,,,,,,,,,,,,,,,,,,,,,,,,,,,,,,,,,,,,,,,,,
523,0.1104,1.996626615524292,1.784035687978153e-05,0.98828125,506,,,,,,,,,,,,,,,,,,,,,,,,,,,,,,,,,,,,,,,,,,,,,,,,,,,,,,,,,,,,,,
524,0.1477,2.457054853439331,1.783008281929106e-05,0.990234375,507,,,,,,,,,,,,,,,,,,,,,,,,,,,,,,,,,,,,,,,,,,,,,,,,,,,,,,,,,,,,,,
525,0.1063,1.8893721103668213,1.781978735165315e-05,0.9921875,508,,,,,,,,,,,,,,,,,,,,,,,,,,,,,,,,,,,,,,,,,,,,,,,,,,,,,,,,,,,,,,
526,0.1369,2.219862222671509,1.780947050501522e-05,0.994140625,509,,,,,,,,,,,,,,,,,,,,,,,,,,,,,,,,,,,,,,,,,,,,,,,,,,,,,,,,,,,,,,
527,0.1145,3.386826992034912,1.7799132307583133e-05,0.99609375,510,,,,,,,,,,,,,,,,,,,,,,,,,,,,,,,,,,,,,,,,,,,,,,,,,,,,,,,,,,,,,,
528,0.1184,1.8040516376495361,1.7788772787621126e-05,0.998046875,511,,,,,,,,,,,,,,,,,,,,,,,,,,,,,,,,,,,,,,,,,,,,,,,,,,,,,,,,,,,,,,
529,0.1504,2.8719794750213623,1.7778391973451728e-05,1.0,512,,,,,,,,,,,,,,,,,,,,,,,,,,,,,,,,,,,,,,,,,,,,,,,,,,,,,,,,,,,,,,
530,0.0875,1.7223771810531616,1.7767989893455696e-05,1.001953125,513,,,,,,,,,,,,,,,,,,,,,,,,,,,,,,,,,,,,,,,,,,,,,,,,,,,,,,,,,,,,,,
531,0.0838,1.7156703472137451,1.7757566576071916e-05,1.00390625,514,,,,,,,,,,,,,,,,,,,,,,,,,,,,,,,,,,,,,,,,,,,,,,,,,,,,,,,,,,,,,,
532,0.1065,2.1321184635162354,1.7747122049797336e-05,1.005859375,515,,,,,,,,,,,,,,,,,,,,,,,,,,,,,,,,,,,,,,,,,,,,,,,,,,,,,,,,,,,,,,
533,0.1022,2.8418664932250977,1.7736656343186897e-05,1.0078125,516,,,,,,,,,,,,,,,,,,,,,,,,,,,,,,,,,,,,,,,,,,,,,,,,,,,,,,,,,,,,,,
534,0.1234,2.765139102935791,1.7726169484853438e-05,1.009765625,517,,,,,,,,,,,,,,,,,,,,,,,,,,,,,,,,,,,,,,,,,,,,,,,,,,,,,,,,,,,,,,
535,0.0976,2.371824264526367,1.771566150346763e-05,1.01171875,518,,,,,,,,,,,,,,,,,,,,,,,,,,,,,,,,,,,,,,,,,,,,,,,,,,,,,,,,,,,,,,
536,0.1083,2.4248242378234863,1.7705132427757895e-05,1.013671875,519,,,,,,,,,,,,,,,,,,,,,,,,,,,,,,,,,,,,,,,,,,,,,,,,,,,,,,,,,,,,,,
537,0.109,1.7071917057037354,1.769458228651032e-05,1.015625,520,,,,,,,,,,,,,,,,,,,,,,,,,,,,,,,,,,,,,,,,,,,,,,,,,,,,,,,,,,,,,,
538,0.0783,1.5906387567520142,1.7684011108568593e-05,1.017578125,521,,,,,,,,,,,,,,,,,,,,,,,,,,,,,,,,,,,,,,,,,,,,,,,,,,,,,,,,,,,,,,
539,0.1274,4.385655403137207,1.7673418922833904e-05,1.01953125,522,,,,,,,,,,,,,,,,,,,,,,,,,,,,,,,,,,,,,,,,,,,,,,,,,,,,,,,,,,,,,,
540,0.1333,3.258301258087158,1.7662805758264894e-05,1.021484375,523,,,,,,,,,,,,,,,,,,,,,,,,,,,,,,,,,,,,,,,,,,,,,,,,,,,,,,,,,,,,,,
541,0.0914,2.2887496948242188,1.765217164387754e-05,1.0234375,524,,,,,,,,,,,,,,,,,,,,,,,,,,,,,,,,,,,,,,,,,,,,,,,,,,,,,,,,,,,,,,
542,0.1109,2.0396461486816406,1.7641516608745114e-05,1.025390625,525,,,,,,,,,,,,,,,,,,,,,,,,,,,,,,,,,,,,,,,,,,,,,,,,,,,,,,,,,,,,,,
543,0.0903,1.7659260034561157,1.7630840681998068e-05,1.02734375,526,,,,,,,,,,,,,,,,,,,,,,,,,,,,,,,,,,,,,,,,,,,,,,,,,,,,,,,,,,,,,,
544,0.1326,1.9956610202789307,1.7620143892823977e-05,1.029296875,527,,,,,,,,,,,,,,,,,,,,,,,,,,,,,,,,,,,,,,,,,,,,,,,,,,,,,,,,,,,,,,
545,0.125,2.22475004196167,1.760942627046746e-05,1.03125,528,,,,,,,,,,,,,,,,,,,,,,,,,,,,,,,,,,,,,,,,,,,,,,,,,,,,,,,,,,,,,,
546,0.1025,1.7476943731307983,1.759868784423009e-05,1.033203125,529,,,,,,,,,,,,,,,,,,,,,,,,,,,,,,,,,,,,,,,,,,,,,,,,,,,,,,,,,,,,,,
547,0.1148,2.8605270385742188,1.75879286434703e-05,1.03515625,530,,,,,,,,,,,,,,,,,,,,,,,,,,,,,,,,,,,,,,,,,,,,,,,,,,,,,,,,,,,,,,
548,0.0913,2.3216538429260254,1.757714869760335e-05,1.037109375,531,,,,,,,,,,,,,,,,,,,,,,,,,,,,,,,,,,,,,,,,,,,,,,,,,,,,,,,,,,,,,,
549,0.1109,2.042987585067749,1.7566348036101187e-05,1.0390625,532,,,,,,,,,,,,,,,,,,,,,,,,,,,,,,,,,,,,,,,,,,,,,,,,,,,,,,,,,,,,,,
550,0.0949,1.257802963256836,1.7555526688492418e-05,1.041015625,533,,,,,,,,,,,,,,,,,,,,,,,,,,,,,,,,,,,,,,,,,,,,,,,,,,,,,,,,,,,,,,
551,0.1325,2.29864239692688,1.754468468436219e-05,1.04296875,534,,,,,,,,,,,,,,,,,,,,,,,,,,,,,,,,,,,,,,,,,,,,,,,,,,,,,,,,,,,,,,
552,0.1277,1.8253016471862793,1.7533822053352127e-05,1.044921875,535,,,,,,,,,,,,,,,,,,,,,,,,,,,,,,,,,,,,,,,,,,,,,,,,,,,,,,,,,,,,,,
553,0.1132,2.080024480819702,1.752293882516025e-05,1.046875,536,,,,,,,,,,,,,,,,,,,,,,,,,,,,,,,,,,,,,,,,,,,,,,,,,,,,,,,,,,,,,,
554,0.1058,2.0242326259613037,1.7512035029540887e-05,1.048828125,537,,,,,,,,,,,,,,,,,,,,,,,,,,,,,,,,,,,,,,,,,,,,,,,,,,,,,,,,,,,,,,
555,0.0949,1.8543412685394287,1.7501110696304598e-05,1.05078125,538,,,,,,,,,,,,,,,,,,,,,,,,,,,,,,,,,,,,,,,,,,,,,,,,,,,,,,,,,,,,,,
556,0.0846,2.583479881286621,1.7490165855318097e-05,1.052734375,539,,,,,,,,,,,,,,,,,,,,,,,,,,,,,,,,,,,,,,,,,,,,,,,,,,,,,,,,,,,,,,
557,0.1199,3.210066080093384,1.7479200536504154e-05,1.0546875,540,,,,,,,,,,,,,,,,,,,,,,,,,,,,,,,,,,,,,,,,,,,,,,,,,,,,,,,,,,,,,,
558,0.1454,2.8553626537323,1.7468214769841542e-05,1.056640625,541,,,,,,,,,,,,,,,,,,,,,,,,,,,,,,,,,,,,,,,,,,,,,,,,,,,,,,,,,,,,,,
559,0.0873,1.5089247226715088,1.745720858536492e-05,1.05859375,542,,,,,,,,,,,,,,,,,,,,,,,,,,,,,,,,,,,,,,,,,,,,,,,,,,,,,,,,,,,,,,
560,0.105,2.059831142425537,1.744618201316478e-05,1.060546875,543,,,,,,,,,,,,,,,,,,,,,,,,,,,,,,,,,,,,,,,,,,,,,,,,,,,,,,,,,,,,,,
561,0.1466,2.6792690753936768,1.7435135083387345e-05,1.0625,544,,,,,,,,,,,,,,,,,,,,,,,,,,,,,,,,,,,,,,,,,,,,,,,,,,,,,,,,,,,,,,
562,0.0999,2.954648017883301,1.74240678262345e-05,1.064453125,545,,,,,,,,,,,,,,,,,,,,,,,,,,,,,,,,,,,,,,,,,,,,,,,,,,,,,,,,,,,,,,
563,0.1193,1.9201419353485107,1.7412980271963712e-05,1.06640625,546,,,,,,,,,,,,,,,,,,,,,,,,,,,,,,,,,,,,,,,,,,,,,,,,,,,,,,,,,,,,,,
564,0.0877,1.9944360256195068,1.7401872450887917e-05,1.068359375,547,,,,,,,,,,,,,,,,,,,,,,,,,,,,,,,,,,,,,,,,,,,,,,,,,,,,,,,,,,,,,,
565,0.0814,1.8749905824661255,1.7390744393375487e-05,1.0703125,548,,,,,,,,,,,,,,,,,,,,,,,,,,,,,,,,,,,,,,,,,,,,,,,,,,,,,,,,,,,,,,
566,0.11,1.99541437625885,1.7379596129850098e-05,1.072265625,549,,,,,,,,,,,,,,,,,,,,,,,,,,,,,,,,,,,,,,,,,,,,,,,,,,,,,,,,,,,,,,
567,0.0923,1.5732296705245972,1.7368427690790678e-05,1.07421875,550,,,,,,,,,,,,,,,,,,,,,,,,,,,,,,,,,,,,,,,,,,,,,,,,,,,,,,,,,,,,,,
568,0.0908,3.271291971206665,1.735723910673132e-05,1.076171875,551,,,,,,,,,,,,,,,,,,,,,,,,,,,,,,,,,,,,,,,,,,,,,,,,,,,,,,,,,,,,,,
569,0.0882,1.1455177068710327,1.734603040826117e-05,1.078125,552,,,,,,,,,,,,,,,,,,,,,,,,,,,,,,,,,,,,,,,,,,,,,,,,,,,,,,,,,,,,,,
570,0.1065,1.5990020036697388,1.73348016260244e-05,1.080078125,553,,,,,,,,,,,,,,,,,,,,,,,,,,,,,,,,,,,,,,,,,,,,,,,,,,,,,,,,,,,,,,
571,0.1,2.285850763320923,1.732355279072006e-05,1.08203125,554,,,,,,,,,,,,,,,,,,,,,,,,,,,,,,,,,,,,,,,,,,,,,,,,,,,,,,,,,,,,,,
572,0.0771,1.213003158569336,1.731228393310204e-05,1.083984375,555,,,,,,,,,,,,,,,,,,,,,,,,,,,,,,,,,,,,,,,,,,,,,,,,,,,,,,,,,,,,,,
573,0.0659,1.1982429027557373,1.7300995083978965e-05,1.0859375,556,,,,,,,,,,,,,,,,,,,,,,,,,,,,,,,,,,,,,,,,,,,,,,,,,,,,,,,,,,,,,,
574,0.1172,2.222480535507202,1.7289686274214116e-05,1.087890625,557,,,,,,,,,,,,,,,,,,,,,,,,,,,,,,,,,,,,,,,,,,,,,,,,,,,,,,,,,,,,,,
575,0.1444,2.724459171295166,1.7278357534725353e-05,1.08984375,558,,,,,,,,,,,,,,,,,,,,,,,,,,,,,,,,,,,,,,,,,,,,,,,,,,,,,,,,,,,,,,
576,0.1102,1.8640772104263306,1.726700889648501e-05,1.091796875,559,,,,,,,,,,,,,,,,,,,,,,,,,,,,,,,,,,,,,,,,,,,,,,,,,,,,,,,,,,,,,,
577,0.1155,2.1302225589752197,1.7255640390519838e-05,1.09375,560,,,,,,,,,,,,,,,,,,,,,,,,,,,,,,,,,,,,,,,,,,,,,,,,,,,,,,,,,,,,,,
578,,,,1.09375,560,0.08565397560596466,0.9460227272727273,0.9477798827318731,0.9460227272727273,0.9455904513817175,0.9460227272727273,0.9506514907881977,0.9460227272727273,0.9063400576368876,0.9318518518518519,0.9795501022494888,0.958,0.9549019607843138,0.9428848015488868,0.9618138424821002,0.958382877526754,2.6144,878.975,4.59,,,,,,,,,,,,,,,,,,,,,,,,,,,,,,,,,,,,,,,,,,,
579,,,,1.09375,560,,,,,,,,,,,,,,,,,,,,0.7260094881057739,0.5352822580645161,0.5232342535618238,0.5352822580645161,0.520766013460699,0.5352822580645161,0.6836346786463494,0.5352822580645161,0.4160565513759152,0.5746164574616457,0.8033536585365854,0.6047045324153758,0.75625,0.546028880866426,0.7588785046728972,0.36758714350384786,6.2813,955.212,5.094,,,,,,,,,,,,,,,,,,,,,,,,
580,,,,1.09375,560,,,,,,,,,,,,,,,,,,,,,,,,,,,,,,,,,,,,,,,0.1277800053358078,0.9072916666666667,0.9036370559785682,0.9072916666666667,0.9076455139757599,0.9072916666666667,0.9012635972085123,0.9072916666666667,0.921146953405018,0.9086623453152621,0.9782312925170068,0.952317880794702,0.8881578947368421,0.8928571428571429,0.8175182481751825,0.8607108549471661,3.3273,867.377,4.809,,,,,
581,0.1449,4.110978126525879,1.7244252047910893e-05,1.095703125,561,,,,,,,,,,,,,,,,,,,,,,,,,,,,,,,,,,,,,,,,,,,,,,,,,,,,,,,,,,,,,,
582,0.0838,1.1901137828826904,1.7232843899793467e-05,1.09765625,562,,,,,,,,,,,,,,,,,,,,,,,,,,,,,,,,,,,,,,,,,,,,,,,,,,,,,,,,,,,,,,
583,0.1112,1.9593955278396606,1.7221415977357008e-05,1.099609375,563,,,,,,,,,,,,,,,,,,,,,,,,,,,,,,,,,,,,,,,,,,,,,,,,,,,,,,,,,,,,,,
584,0.0887,1.7312986850738525,1.7209968311845014e-05,1.1015625,564,,,,,,,,,,,,,,,,,,,,,,,,,,,,,,,,,,,,,,,,,,,,,,,,,,,,,,,,,,,,,,
585,0.123,1.4650884866714478,1.7198500934554966e-05,1.103515625,565,,,,,,,,,,,,,,,,,,,,,,,,,,,,,,,,,,,,,,,,,,,,,,,,,,,,,,,,,,,,,,
586,0.1048,2.476297616958618,1.718701387683824e-05,1.10546875,566,,,,,,,,,,,,,,,,,,,,,,,,,,,,,,,,,,,,,,,,,,,,,,,,,,,,,,,,,,,,,,
587,0.1127,2.4684886932373047,1.717550717010001e-05,1.107421875,567,,,,,,,,,,,,,,,,,,,,,,,,,,,,,,,,,,,,,,,,,,,,,,,,,,,,,,,,,,,,,,
588,0.1148,2.1425838470458984,1.716398084579917e-05,1.109375,568,,,,,,,,,,,,,,,,,,,,,,,,,,,,,,,,,,,,,,,,,,,,,,,,,,,,,,,,,,,,,,
589,0.107,1.9881209135055542,1.7152434935448257e-05,1.111328125,569,,,,,,,,,,,,,,,,,,,,,,,,,,,,,,,,,,,,,,,,,,,,,,,,,,,,,,,,,,,,,,
590,0.1281,2.6654114723205566,1.7140869470613344e-05,1.11328125,570,,,,,,,,,,,,,,,,,,,,,,,,,,,,,,,,,,,,,,,,,,,,,,,,,,,,,,,,,,,,,,
591,0.0981,1.8904926776885986,1.7129284482913973e-05,1.115234375,571,,,,,,,,,,,,,,,,,,,,,,,,,,,,,,,,,,,,,,,,,,,,,,,,,,,,,,,,,,,,,,
592,0.0834,1.7381384372711182,1.7117680004023057e-05,1.1171875,572,,,,,,,,,,,,,,,,,,,,,,,,,,,,,,,,,,,,,,,,,,,,,,,,,,,,,,,,,,,,,,
593,0.0892,1.9334557056427002,1.7106056065666793e-05,1.119140625,573,,,,,,,,,,,,,,,,,,,,,,,,,,,,,,,,,,,,,,,,,,,,,,,,,,,,,,,,,,,,,,
594,0.0906,2.2911605834960938,1.7094412699624596e-05,1.12109375,574,,,,,,,,,,,,,,,,,,,,,,,,,,,,,,,,,,,,,,,,,,,,,,,,,,,,,,,,,,,,,,
595,0.0912,1.7386003732681274,1.7082749937728972e-05,1.123046875,575,,,,,,,,,,,,,,,,,,,,,,,,,,,,,,,,,,,,,,,,,,,,,,,,,,,,,,,,,,,,,,
596,0.0937,1.9693679809570312,1.7071067811865477e-05,1.125,576,,,,,,,,,,,,,,,,,,,,,,,,,,,,,,,,,,,,,,,,,,,,,,,,,,,,,,,,,,,,,,
597,0.1287,2.1582138538360596,1.705936635397259e-05,1.126953125,577,,,,,,,,,,,,,,,,,,,,,,,,,,,,,,,,,,,,,,,,,,,,,,,,,,,,,,,,,,,,,,
598,0.1128,1.4910067319869995,1.7047645596041654e-05,1.12890625,578,,,,,,,,,,,,,,,,,,,,,,,,,,,,,,,,,,,,,,,,,,,,,,,,,,,,,,,,,,,,,,
599,0.1358,2.6633951663970947,1.703590557011677e-05,1.130859375,579,,,,,,,,,,,,,,,,,,,,,,,,,,,,,,,,,,,,,,,,,,,,,,,,,,,,,,,,,,,,,,
600,0.1093,2.570213556289673,1.7024146308294725e-05,1.1328125,580,,,,,,,,,,,,,,,,,,,,,,,,,,,,,,,,,,,,,,,,,,,,,,,,,,,,,,,,,,,,,,
601,0.0936,2.181459426879883,1.7012367842724887e-05,1.134765625,581,,,,,,,,,,,,,,,,,,,,,,,,,,,,,,,,,,,,,,,,,,,,,,,,,,,,,,,,,,,,,,
602,0.0837,1.856750249862671,1.7000570205609136e-05,1.13671875,582,,,,,,,,,,,,,,,,,,,,,,,,,,,,,,,,,,,,,,,,,,,,,,,,,,,,,,,,,,,,,,
603,0.0924,2.12565279006958,1.6988753429201756e-05,1.138671875,583,,,,,,,,,,,,,,,,,,,,,,,,,,,,,,,,,,,,,,,,,,,,,,,,,,,,,,,,,,,,,,
604,0.0764,1.1926031112670898,1.697691754580937e-05,1.140625,584,,,,,,,,,,,,,,,,,,,,,,,,,,,,,,,,,,,,,,,,,,,,,,,,,,,,,,,,,,,,,,
605,0.084,2.067606210708618,1.6965062587790823e-05,1.142578125,585,,,,,,,,,,,,,,,,,,,,,,,,,,,,,,,,,,,,,,,,,,,,,,,,,,,,,,,,,,,,,,
606,0.1065,1.993720293045044,1.6953188587557122e-05,1.14453125,586,,,,,,,,,,,,,,,,,,,,,,,,,,,,,,,,,,,,,,,,,,,,,,,,,,,,,,,,,,,,,,
607,0.1161,2.2606990337371826,1.694129557757133e-05,1.146484375,587,,,,,,,,,,,,,,,,,,,,,,,,,,,,,,,,,,,,,,,,,,,,,,,,,,,,,,,,,,,,,,
608,0.126,3.045574903488159,1.692938359034848e-05,1.1484375,588,,,,,,,,,,,,,,,,,,,,,,,,,,,,,,,,,,,,,,,,,,,,,,,,,,,,,,,,,,,,,,
609,0.0512,2.569378614425659,1.6917452658455496e-05,1.150390625,589,,,,,,,,,,,,,,,,,,,,,,,,,,,,,,,,,,,,,,,,,,,,,,,,,,,,,,,,,,,,,,
610,0.1327,2.4715375900268555,1.6905502814511085e-05,1.15234375,590,,,,,,,,,,,,,,,,,,,,,,,,,,,,,,,,,,,,,,,,,,,,,,,,,,,,,,,,,,,,,,
611,0.0739,1.5198174715042114,1.6893534091185658e-05,1.154296875,591,,,,,,,,,,,,,,,,,,,,,,,,,,,,,,,,,,,,,,,,,,,,,,,,,,,,,,,,,,,,,,
612,0.1224,2.931241512298584,1.6881546521201263e-05,1.15625,592,,,,,,,,,,,,,,,,,,,,,,,,,,,,,,,,,,,,,,,,,,,,,,,,,,,,,,,,,,,,,,
613,0.0768,1.923814296722412,1.6869540137331445e-05,1.158203125,593,,,,,,,,,,,,,,,,,,,,,,,,,,,,,,,,,,,,,,,,,,,,,,,,,,,,,,,,,,,,,,
614,0.1092,2.7314293384552,1.6857514972401207e-05,1.16015625,594,,,,,,,,,,,,,,,,,,,,,,,,,,,,,,,,,,,,,,,,,,,,,,,,,,,,,,,,,,,,,,
615,0.1049,1.3813170194625854,1.684547105928689e-05,1.162109375,595,,,,,,,,,,,,,,,,,,,,,,,,,,,,,,,,,,,,,,,,,,,,,,,,,,,,,,,,,,,,,,
616,0.0947,1.7311736345291138,1.6833408430916085e-05,1.1640625,596,,,,,,,,,,,,,,,,,,,,,,,,,,,,,,,,,,,,,,,,,,,,,,,,,,,,,,,,,,,,,,
617,0.0932,2.9665818214416504,1.6821327120267567e-05,1.166015625,597,,,,,,,,,,,,,,,,,,,,,,,,,,,,,,,,,,,,,,,,,,,,,,,,,,,,,,,,,,,,,,
618,0.0821,1.5049129724502563,1.6809227160371173e-05,1.16796875,598,,,,,,,,,,,,,,,,,,,,,,,,,,,,,,,,,,,,,,,,,,,,,,,,,,,,,,,,,,,,,,
619,0.104,2.7398970127105713,1.6797108584307732e-05,1.169921875,599,,,,,,,,,,,,,,,,,,,,,,,,,,,,,,,,,,,,,,,,,,,,,,,,,,,,,,,,,,,,,,
620,0.1156,2.901980400085449,1.6784971425208967e-05,1.171875,600,,,,,,,,,,,,,,,,,,,,,,,,,,,,,,,,,,,,,,,,,,,,,,,,,,,,,,,,,,,,,,
621,0.0931,1.7084929943084717,1.6772815716257414e-05,1.173828125,601,,,,,,,,,,,,,,,,,,,,,,,,,,,,,,,,,,,,,,,,,,,,,,,,,,,,,,,,,,,,,,
622,0.1001,2.2619147300720215,1.6760641490686307e-05,1.17578125,602,,,,,,,,,,,,,,,,,,,,,,,,,,,,,,,,,,,,,,,,,,,,,,,,,,,,,,,,,,,,,,
623,0.077,2.0133512020111084,1.674844878177952e-05,1.177734375,603,,,,,,,,,,,,,,,,,,,,,,,,,,,,,,,,,,,,,,,,,,,,,,,,,,,,,,,,,,,,,,
624,0.111,1.9214977025985718,1.6736237622871453e-05,1.1796875,604,,,,,,,,,,,,,,,,,,,,,,,,,,,,,,,,,,,,,,,,,,,,,,,,,,,,,,,,,,,,,,
625,0.1163,2.0197176933288574,1.6724008047346946e-05,1.181640625,605,,,,,,,,,,,,,,,,,,,,,,,,,,,,,,,,,,,,,,,,,,,,,,,,,,,,,,,,,,,,,,
626,0.1213,2.2723422050476074,1.6711760088641197e-05,1.18359375,606,,,,,,,,,,,,,,,,,,,,,,,,,,,,,,,,,,,,,,,,,,,,,,,,,,,,,,,,,,,,,,
627,0.1067,2.5069451332092285,1.6699493780239652e-05,1.185546875,607,,,,,,,,,,,,,,,,,,,,,,,,,,,,,,,,,,,,,,,,,,,,,,,,,,,,,,,,,,,,,,
628,0.0688,2.2770650386810303,1.668720915567793e-05,1.1875,608,,,,,,,,,,,,,,,,,,,,,,,,,,,,,,,,,,,,,,,,,,,,,,,,,,,,,,,,,,,,,,
629,0.1076,2.4308125972747803,1.667490624854173e-05,1.189453125,609,,,,,,,,,,,,,,,,,,,,,,,,,,,,,,,,,,,,,,,,,,,,,,,,,,,,,,,,,,,,,,
630,0.0924,2.1777138710021973,1.6662585092466722e-05,1.19140625,610,,,,,,,,,,,,,,,,,,,,,,,,,,,,,,,,,,,,,,,,,,,,,,,,,,,,,,,,,,,,,,
631,0.0839,2.5228090286254883,1.6650245721138483e-05,1.193359375,611,,,,,,,,,,,,,,,,,,,,,,,,,,,,,,,,,,,,,,,,,,,,,,,,,,,,,,,,,,,,,,
632,0.1142,2.5331337451934814,1.6637888168292385e-05,1.1953125,612,,,,,,,,,,,,,,,,,,,,,,,,,,,,,,,,,,,,,,,,,,,,,,,,,,,,,,,,,,,,,,
633,0.1023,2.873206615447998,1.66255124677135e-05,1.197265625,613,,,,,,,,,,,,,,,,,,,,,,,,,,,,,,,,,,,,,,,,,,,,,,,,,,,,,,,,,,,,,,
634,0.0927,1.7250816822052002,1.661311865323652e-05,1.19921875,614,,,,,,,,,,,,,,,,,,,,,,,,,,,,,,,,,,,,,,,,,,,,,,,,,,,,,,,,,,,,,,
635,0.1029,1.6136020421981812,1.6600706758745668e-05,1.201171875,615,,,,,,,,,,,,,,,,,,,,,,,,,,,,,,,,,,,,,,,,,,,,,,,,,,,,,,,,,,,,,,
636,0.1003,1.9016327857971191,1.658827681817458e-05,1.203125,616,,,,,,,,,,,,,,,,,,,,,,,,,,,,,,,,,,,,,,,,,,,,,,,,,,,,,,,,,,,,,,
637,0.1398,2.7902660369873047,1.6575828865506246e-05,1.205078125,617,,,,,,,,,,,,,,,,,,,,,,,,,,,,,,,,,,,,,,,,,,,,,,,,,,,,,,,,,,,,,,
638,0.1052,1.849029779434204,1.6563362934772893e-05,1.20703125,618,,,,,,,,,,,,,,,,,,,,,,,,,,,,,,,,,,,,,,,,,,,,,,,,,,,,,,,,,,,,,,
639,0.1471,3.6078999042510986,1.6550879060055897e-05,1.208984375,619,,,,,,,,,,,,,,,,,,,,,,,,,,,,,,,,,,,,,,,,,,,,,,,,,,,,,,,,,,,,,,
640,0.1188,2.5054328441619873,1.6538377275485694e-05,1.2109375,620,,,,,,,,,,,,,,,,,,,,,,,,,,,,,,,,,,,,,,,,,,,,,,,,,,,,,,,,,,,,,,
641,0.0938,2.4918885231018066,1.6525857615241686e-05,1.212890625,621,,,,,,,,,,,,,,,,,,,,,,,,,,,,,,,,,,,,,,,,,,,,,,,,,,,,,,,,,,,,,,
642,0.1164,2.184507131576538,1.651332011355215e-05,1.21484375,622,,,,,,,,,,,,,,,,,,,,,,,,,,,,,,,,,,,,,,,,,,,,,,,,,,,,,,,,,,,,,,
643,0.0936,2.4349477291107178,1.6500764804694132e-05,1.216796875,623,,,,,,,,,,,,,,,,,,,,,,,,,,,,,,,,,,,,,,,,,,,,,,,,,,,,,,,,,,,,,,
644,0.1102,1.816465139389038,1.6488191722993372e-05,1.21875,624,,,,,,,,,,,,,,,,,,,,,,,,,,,,,,,,,,,,,,,,,,,,,,,,,,,,,,,,,,,,,,
645,0.0899,3.4921953678131104,1.647560090282419e-05,1.220703125,625,,,,,,,,,,,,,,,,,,,,,,,,,,,,,,,,,,,,,,,,,,,,,,,,,,,,,,,,,,,,,,
646,0.124,6.5988664627075195,1.646299237860941e-05,1.22265625,626,,,,,,,,,,,,,,,,,,,,,,,,,,,,,,,,,,,,,,,,,,,,,,,,,,,,,,,,,,,,,,
647,0.1314,3.873680830001831,1.6450366184820256e-05,1.224609375,627,,,,,,,,,,,,,,,,,,,,,,,,,,,,,,,,,,,,,,,,,,,,,,,,,,,,,,,,,,,,,,
648,0.0857,3.6542675495147705,1.643772235597626e-05,1.2265625,628,,,,,,,,,,,,,,,,,,,,,,,,,,,,,,,,,,,,,,,,,,,,,,,,,,,,,,,,,,,,,,
649,0.0771,2.0193963050842285,1.6425060926645168e-05,1.228515625,629,,,,,,,,,,,,,,,,,,,,,,,,,,,,,,,,,,,,,,,,,,,,,,,,,,,,,,,,,,,,,,
650,0.1123,1.6619102954864502,1.6412381931442837e-05,1.23046875,630,,,,,,,,,,,,,,,,,,,,,,,,,,,,,,,,,,,,,,,,,,,,,,,,,,,,,,,,,,,,,,
651,0.1208,4.323151111602783,1.6399685405033168e-05,1.232421875,631,,,,,,,,,,,,,,,,,,,,,,,,,,,,,,,,,,,,,,,,,,,,,,,,,,,,,,,,,,,,,,
652,0.0995,1.665866494178772,1.638697138212797e-05,1.234375,632,,,,,,,,,,,,,,,,,,,,,,,,,,,,,,,,,,,,,,,,,,,,,,,,,,,,,,,,,,,,,,
653,0.0855,1.786055088043213,1.63742398974869e-05,1.236328125,633,,,,,,,,,,,,,,,,,,,,,,,,,,,,,,,,,,,,,,,,,,,,,,,,,,,,,,,,,,,,,,
654,0.1003,2.851482629776001,1.636149098591735e-05,1.23828125,634,,,,,,,,,,,,,,,,,,,,,,,,,,,,,,,,,,,,,,,,,,,,,,,,,,,,,,,,,,,,,,
655,0.1188,1.7287477254867554,1.6348724682274353e-05,1.240234375,635,,,,,,,,,,,,,,,,,,,,,,,,,,,,,,,,,,,,,,,,,,,,,,,,,,,,,,,,,,,,,,
656,0.0831,1.8443615436553955,1.6335941021460507e-05,1.2421875,636,,,,,,,,,,,,,,,,,,,,,,,,,,,,,,,,,,,,,,,,,,,,,,,,,,,,,,,,,,,,,,
657,0.1057,2.5926105976104736,1.6323140038425842e-05,1.244140625,637,,,,,,,,,,,,,,,,,,,,,,,,,,,,,,,,,,,,,,,,,,,,,,,,,,,,,,,,,,,,,,
658,0.1196,1.7783786058425903,1.6310321768167762e-05,1.24609375,638,,,,,,,,,,,,,,,,,,,,,,,,,,,,,,,,,,,,,,,,,,,,,,,,,,,,,,,,,,,,,,
659,0.1007,1.2761123180389404,1.6297486245730925e-05,1.248046875,639,,,,,,,,,,,,,,,,,,,,,,,,,,,,,,,,,,,,,,,,,,,,,,,,,,,,,,,,,,,,,,
660,0.1275,1.8191279172897339,1.628463350620716e-05,1.25,640,,,,,,,,,,,,,,,,,,,,,,,,,,,,,,,,,,,,,,,,,,,,,,,,,,,,,,,,,,,,,,
661,,,,1.25,640,0.07763809710741043,0.9512310606060606,0.9526928090307589,0.9512310606060606,0.9516971888743676,0.9512310606060606,0.9537896837187062,0.9512310606060606,0.9338129496402877,0.9405797101449276,0.9728033472803347,0.9637305699481865,0.9411764705882353,0.9458128078817734,0.9673659673659674,0.960648148148148,2.6226,876.246,4.576,,,,,,,,,,,,,,,,,,,,,,,,,,,,,,,,,,,,,,,,,,,
662,,,,1.25,640,,,,,,,,,,,,,,,,,,,,0.7649157047271729,0.536122311827957,0.5259472886163366,0.536122311827957,0.5248697629496832,0.536122311827957,0.6859948516513882,0.536122311827957,0.417255297679112,0.5759052924791087,0.8112633181126332,0.6119402985074627,0.7406015037593985,0.5549295774647888,0.774859287054409,0.361013986013986,6.2451,960.757,5.124,,,,,,,,,,,,,,,,,,,,,,,,
663,,,,1.25,640,,,,,,,,,,,,,,,,,,,,,,,,,,,,,,,,,,,,,,,0.12587536871433258,0.9086805555555556,0.9057408742064574,0.9086805555555555,0.9074770221472699,0.9086805555555556,0.9048548724429866,0.9086805555555556,0.9106078665077473,0.9106078665077473,0.9809264305177112,0.9511228533685601,0.8824306472919419,0.8912608405603736,0.8454545454545455,0.8699719363891487,3.3413,863.743,4.789,,,,,
664,0.0734,1.9130375385284424,1.6271763584735373e-05,1.251953125,641,,,,,,,,,,,,,,,,,,,,,,,,,,,,,,,,,,,,,,,,,,,,,,,,,,,,,,,,,,,,,,
665,0.1233,3.579242467880249,1.6258876516501425e-05,1.25390625,642,,,,,,,,,,,,,,,,,,,,,,,,,,,,,,,,,,,,,,,,,,,,,,,,,,,,,,,,,,,,,,
666,0.1015,1.7993417978286743,1.624597233673808e-05,1.255859375,643,,,,,,,,,,,,,,,,,,,,,,,,,,,,,,,,,,,,,,,,,,,,,,,,,,,,,,,,,,,,,,
667,0.1044,1.834337830543518,1.6233051080724867e-05,1.2578125,644,,,,,,,,,,,,,,,,,,,,,,,,,,,,,,,,,,,,,,,,,,,,,,,,,,,,,,,,,,,,,,
668,0.1133,2.082719326019287,1.622011278378801e-05,1.259765625,645,,,,,,,,,,,,,,,,,,,,,,,,,,,,,,,,,,,,,,,,,,,,,,,,,,,,,,,,,,,,,,
669,0.1292,1.803861379623413,1.6207157481300315e-05,1.26171875,646,,,,,,,,,,,,,,,,,,,,,,,,,,,,,,,,,,,,,,,,,,,,,,,,,,,,,,,,,,,,,,
670,0.1276,1.7610013484954834,1.6194185208681085e-05,1.263671875,647,,,,,,,,,,,,,,,,,,,,,,,,,,,,,,,,,,,,,,,,,,,,,,,,,,,,,,,,,,,,,,
671,0.1258,3.6915440559387207,1.6181196001396018e-05,1.265625,648,,,,,,,,,,,,,,,,,,,,,,,,,,,,,,,,,,,,,,,,,,,,,,,,,,,,,,,,,,,,,,
672,0.0957,2.0164639949798584,1.616818989495711e-05,1.267578125,649,,,,,,,,,,,,,,,,,,,,,,,,,,,,,,,,,,,,,,,,,,,,,,,,,,,,,,,,,,,,,,
673,0.141,3.091155529022217,1.6155166924922564e-05,1.26953125,650,,,,,,,,,,,,,,,,,,,,,,,,,,,,,,,,,,,,,,,,,,,,,,,,,,,,,,,,,,,,,,
674,0.1345,2.7234914302825928,1.6142127126896682e-05,1.271484375,651,,,,,,,,,,,,,,,,,,,,,,,,,,,,,,,,,,,,,,,,,,,,,,,,,,,,,,,,,,,,,,
675,0.1309,2.6143605709075928,1.6129070536529767e-05,1.2734375,652,,,,,,,,,,,,,,,,,,,,,,,,,,,,,,,,,,,,,,,,,,,,,,,,,,,,,,,,,,,,,,
676,0.0847,1.5894160270690918,1.6115997189518043e-05,1.275390625,653,,,,,,,,,,,,,,,,,,,,,,,,,,,,,,,,,,,,,,,,,,,,,,,,,,,,,,,,,,,,,,
677,0.1114,2.3699252605438232,1.6102907121603543e-05,1.27734375,654,,,,,,,,,,,,,,,,,,,,,,,,,,,,,,,,,,,,,,,,,,,,,,,,,,,,,,,,,,,,,,
678,0.1264,2.520578145980835,1.6089800368574013e-05,1.279296875,655,,,,,,,,,,,,,,,,,,,,,,,,,,,,,,,,,,,,,,,,,,,,,,,,,,,,,,,,,,,,,,
679,0.1218,2.708317995071411,1.6076676966262815e-05,1.28125,656,,,,,,,,,,,,,,,,,,,,,,,,,,,,,,,,,,,,,,,,,,,,,,,,,,,,,,,,,,,,,,
680,0.157,1.838579773902893,1.6063536950548825e-05,1.283203125,657,,,,,,,,,,,,,,,,,,,,,,,,,,,,,,,,,,,,,,,,,,,,,,,,,,,,,,,,,,,,,,
681,0.0821,1.8111426830291748,1.605038035735635e-05,1.28515625,658,,,,,,,,,,,,,,,,,,,,,,,,,,,,,,,,,,,,,,,,,,,,,,,,,,,,,,,,,,,,,,
682,0.0955,1.6101018190383911,1.603720722265501e-05,1.287109375,659,,,,,,,,,,,,,,,,,,,,,,,,,,,,,,,,,,,,,,,,,,,,,,,,,,,,,,,,,,,,,,
683,0.1218,2.50087308883667,1.6024017582459652e-05,1.2890625,660,,,,,,,,,,,,,,,,,,,,,,,,,,,,,,,,,,,,,,,,,,,,,,,,,,,,,,,,,,,,,,
684,0.0988,1.8528481721878052,1.6010811472830253e-05,1.291015625,661,,,,,,,,,,,,,,,,,,,,,,,,,,,,,,,,,,,,,,,,,,,,,,,,,,,,,,,,,,,,,,
685,0.0821,1.6098065376281738,1.599758892987181e-05,1.29296875,662,,,,,,,,,,,,,,,,,,,,,,,,,,,,,,,,,,,,,,,,,,,,,,,,,,,,,,,,,,,,,,
686,0.1118,2.0616955757141113,1.5984349989734248e-05,1.294921875,663,,,,,,,,,,,,,,,,,,,,,,,,,,,,,,,,,,,,,,,,,,,,,,,,,,,,,,,,,,,,,,
687,0.058,1.4191105365753174,1.597109468861232e-05,1.296875,664,,,,,,,,,,,,,,,,,,,,,,,,,,,,,,,,,,,,,,,,,,,,,,,,,,,,,,,,,,,,,,
688,0.0874,1.7798665761947632,1.595782306274553e-05,1.298828125,665,,,,,,,,,,,,,,,,,,,,,,,,,,,,,,,,,,,,,,,,,,,,,,,,,,,,,,,,,,,,,,
689,0.0845,2.2955009937286377,1.5944535148417982e-05,1.30078125,666,,,,,,,,,,,,,,,,,,,,,,,,,,,,,,,,,,,,,,,,,,,,,,,,,,,,,,,,,,,,,,
690,0.1259,3.920366048812866,1.593123098195833e-05,1.302734375,667,,,,,,,,,,,,,,,,,,,,,,,,,,,,,,,,,,,,,,,,,,,,,,,,,,,,,,,,,,,,,,
691,0.0986,3.150355815887451,1.5917910599739652e-05,1.3046875,668,,,,,,,,,,,,,,,,,,,,,,,,,,,,,,,,,,,,,,,,,,,,,,,,,,,,,,,,,,,,,,
692,0.1154,2.0523886680603027,1.5904574038179372e-05,1.306640625,669,,,,,,,,,,,,,,,,,,,,,,,,,,,,,,,,,,,,,,,,,,,,,,,,,,,,,,,,,,,,,,
693,0.0804,2.398406744003296,1.589122133373914e-05,1.30859375,670,,,,,,,,,,,,,,,,,,,,,,,,,,,,,,,,,,,,,,,,,,,,,,,,,,,,,,,,,,,,,,
694,0.1555,3.053422451019287,1.5877852522924733e-05,1.310546875,671,,,,,,,,,,,,,,,,,,,,,,,,,,,,,,,,,,,,,,,,,,,,,,,,,,,,,,,,,,,,,,
695,0.0838,3.3069007396698,1.5864467642285975e-05,1.3125,672,,,,,,,,,,,,,,,,,,,,,,,,,,,,,,,,,,,,,,,,,,,,,,,,,,,,,,,,,,,,,,
696,0.0766,1.10299813747406,1.5851066728416617e-05,1.314453125,673,,,,,,,,,,,,,,,,,,,,,,,,,,,,,,,,,,,,,,,,,,,,,,,,,,,,,,,,,,,,,,
697,0.0826,1.861291527748108,1.5837649817954245e-05,1.31640625,674,,,,,,,,,,,,,,,,,,,,,,,,,,,,,,,,,,,,,,,,,,,,,,,,,,,,,,,,,,,,,,
698,0.1062,2.772127389907837,1.5824216947580183e-05,1.318359375,675,,,,,,,,,,,,,,,,,,,,,,,,,,,,,,,,,,,,,,,,,,,,,,,,,,,,,,,,,,,,,,
699,0.0945,2.253389358520508,1.5810768154019386e-05,1.3203125,676,,,,,,,,,,,,,,,,,,,,,,,,,,,,,,,,,,,,,,,,,,,,,,,,,,,,,,,,,,,,,,
700,0.1117,2.6598966121673584,1.5797303474040332e-05,1.322265625,677,,,,,,,,,,,,,,,,,,,,,,,,,,,,,,,,,,,,,,,,,,,,,,,,,,,,,,,,,,,,,,
701,0.0941,2.6124279499053955,1.5783822944454956e-05,1.32421875,678,,,,,,,,,,,,,,,,,,,,,,,,,,,,,,,,,,,,,,,,,,,,,,,,,,,,,,,,,,,,,,
702,0.0667,1.5934914350509644,1.5770326602118502e-05,1.326171875,679,,,,,,,,,,,,,,,,,,,,,,,,,,,,,,,,,,,,,,,,,,,,,,,,,,,,,,,,,,,,,,
703,0.0857,1.4602973461151123,1.575681448392946e-05,1.328125,680,,,,,,,,,,,,,,,,,,,,,,,,,,,,,,,,,,,,,,,,,,,,,,,,,,,,,,,,,,,,,,
704,0.1205,2.38954758644104,1.5743286626829437e-05,1.330078125,681,,,,,,,,,,,,,,,,,,,,,,,,,,,,,,,,,,,,,,,,,,,,,,,,,,,,,,,,,,,,,,
705,0.1275,3.054931640625,1.5729743067803087e-05,1.33203125,682,,,,,,,,,,,,,,,,,,,,,,,,,,,,,,,,,,,,,,,,,,,,,,,,,,,,,,,,,,,,,,
706,0.1181,2.6893839836120605,1.5716183843877977e-05,1.333984375,683,,,,,,,,,,,,,,,,,,,,,,,,,,,,,,,,,,,,,,,,,,,,,,,,,,,,,,,,,,,,,,
707,0.1185,1.6690409183502197,1.570260899212451e-05,1.3359375,684,,,,,,,,,,,,,,,,,,,,,,,,,,,,,,,,,,,,,,,,,,,,,,,,,,,,,,,,,,,,,,
708,0.1349,3.1717264652252197,1.5689018549655815e-05,1.337890625,685,,,,,,,,,,,,,,,,,,,,,,,,,,,,,,,,,,,,,,,,,,,,,,,,,,,,,,,,,,,,,,
709,0.1147,1.8899956941604614,1.5675412553627638e-05,1.33984375,686,,,,,,,,,,,,,,,,,,,,,,,,,,,,,,,,,,,,,,,,,,,,,,,,,,,,,,,,,,,,,,
710,0.061,2.036858320236206,1.5661791041238258e-05,1.341796875,687,,,,,,,,,,,,,,,,,,,,,,,,,,,,,,,,,,,,,,,,,,,,,,,,,,,,,,,,,,,,,,
711,0.1092,2.1017136573791504,1.564815404972836e-05,1.34375,688,,,,,,,,,,,,,,,,,,,,,,,,,,,,,,,,,,,,,,,,,,,,,,,,,,,,,,,,,,,,,,
712,0.0701,2.1859636306762695,1.5634501616380967e-05,1.345703125,689,,,,,,,,,,,,,,,,,,,,,,,,,,,,,,,,,,,,,,,,,,,,,,,,,,,,,,,,,,,,,,
713,0.1298,2.7858920097351074,1.5620833778521306e-05,1.34765625,690,,,,,,,,,,,,,,,,,,,,,,,,,,,,,,,,,,,,,,,,,,,,,,,,,,,,,,,,,,,,,,
714,0.082,2.7818281650543213,1.560715057351673e-05,1.349609375,691,,,,,,,,,,,,,,,,,,,,,,,,,,,,,,,,,,,,,,,,,,,,,,,,,,,,,,,,,,,,,,
715,0.1113,2.387324571609497,1.559345203877659e-05,1.3515625,692,,,,,,,,,,,,,,,,,,,,,,,,,,,,,,,,,,,,,,,,,,,,,,,,,,,,,,,,,,,,,,
716,0.0948,2.3296146392822266,1.5579738211752165e-05,1.353515625,693,,,,,,,,,,,,,,,,,,,,,,,,,,,,,,,,,,,,,,,,,,,,,,,,,,,,,,,,,,,,,,
717,0.131,2.6434991359710693,1.556600912993653e-05,1.35546875,694,,,,,,,,,,,,,,,,,,,,,,,,,,,,,,,,,,,,,,,,,,,,,,,,,,,,,,,,,,,,,,
718,0.1264,2.803131341934204,1.555226483086447e-05,1.357421875,695,,,,,,,,,,,,,,,,,,,,,,,,,,,,,,,,,,,,,,,,,,,,,,,,,,,,,,,,,,,,,,
719,0.0964,1.525027871131897,1.5538505352112373e-05,1.359375,696,,,,,,,,,,,,,,,,,,,,,,,,,,,,,,,,,,,,,,,,,,,,,,,,,,,,,,,,,,,,,,
720,0.0739,1.7224794626235962,1.5524730731298136e-05,1.361328125,697,,,,,,,,,,,,,,,,,,,,,,,,,,,,,,,,,,,,,,,,,,,,,,,,,,,,,,,,,,,,,,
721,0.092,2.1824138164520264,1.5510941006081032e-05,1.36328125,698,,,,,,,,,,,,,,,,,,,,,,,,,,,,,,,,,,,,,,,,,,,,,,,,,,,,,,,,,,,,,,
722,0.1346,2.360321283340454,1.5497136214161662e-05,1.365234375,699,,,,,,,,,,,,,,,,,,,,,,,,,,,,,,,,,,,,,,,,,,,,,,,,,,,,,,,,,,,,,,
723,0.1033,1.8417052030563354,1.5483316393281783e-05,1.3671875,700,,,,,,,,,,,,,,,,,,,,,,,,,,,,,,,,,,,,,,,,,,,,,,,,,,,,,,,,,,,,,,
724,0.0747,1.4344526529312134,1.5469481581224274e-05,1.369140625,701,,,,,,,,,,,,,,,,,,,,,,,,,,,,,,,,,,,,,,,,,,,,,,,,,,,,,,,,,,,,,,
725,0.1212,1.715700626373291,1.5455631815812963e-05,1.37109375,702,,,,,,,,,,,,,,,,,,,,,,,,,,,,,,,,,,,,,,,,,,,,,,,,,,,,,,,,,,,,,,
726,0.1275,2.216017246246338,1.5441767134912597e-05,1.373046875,703,,,,,,,,,,,,,,,,,,,,,,,,,,,,,,,,,,,,,,,,,,,,,,,,,,,,,,,,,,,,,,
727,0.0992,2.0812454223632812,1.5427887576428675e-05,1.375,704,,,,,,,,,,,,,,,,,,,,,,,,,,,,,,,,,,,,,,,,,,,,,,,,,,,,,,,,,,,,,,
728,0.1314,2.0509161949157715,1.541399317830738e-05,1.376953125,705,,,,,,,,,,,,,,,,,,,,,,,,,,,,,,,,,,,,,,,,,,,,,,,,,,,,,,,,,,,,,,
729,0.1141,2.7235019207000732,1.5400083978535475e-05,1.37890625,706,,,,,,,,,,,,,,,,,,,,,,,,,,,,,,,,,,,,,,,,,,,,,,,,,,,,,,,,,,,,,,
730,0.0638,1.8476897478103638,1.5386160015140168e-05,1.380859375,707,,,,,,,,,,,,,,,,,,,,,,,,,,,,,,,,,,,,,,,,,,,,,,,,,,,,,,,,,,,,,,
731,0.0919,2.3045308589935303,1.5372221326189053e-05,1.3828125,708,,,,,,,,,,,,,,,,,,,,,,,,,,,,,,,,,,,,,,,,,,,,,,,,,,,,,,,,,,,,,,
732,0.1083,1.6898248195648193,1.5358267949789968e-05,1.384765625,709,,,,,,,,,,,,,,,,,,,,,,,,,,,,,,,,,,,,,,,,,,,,,,,,,,,,,,,,,,,,,,
733,0.0989,1.461929202079773,1.5344299924090915e-05,1.38671875,710,,,,,,,,,,,,,,,,,,,,,,,,,,,,,,,,,,,,,,,,,,,,,,,,,,,,,,,,,,,,,,
734,0.0845,1.8198566436767578,1.533031728727994e-05,1.388671875,711,,,,,,,,,,,,,,,,,,,,,,,,,,,,,,,,,,,,,,,,,,,,,,,,,,,,,,,,,,,,,,
735,0.0848,1.408488392829895,1.531632007758504e-05,1.390625,712,,,,,,,,,,,,,,,,,,,,,,,,,,,,,,,,,,,,,,,,,,,,,,,,,,,,,,,,,,,,,,
736,0.1329,3.849363327026367,1.530230833327405e-05,1.392578125,713,,,,,,,,,,,,,,,,,,,,,,,,,,,,,,,,,,,,,,,,,,,,,,,,,,,,,,,,,,,,,,
737,0.1134,2.942126512527466,1.5288282092654544e-05,1.39453125,714,,,,,,,,,,,,,,,,,,,,,,,,,,,,,,,,,,,,,,,,,,,,,,,,,,,,,,,,,,,,,,
738,0.0794,2.1747851371765137,1.5274241394073733e-05,1.396484375,715,,,,,,,,,,,,,,,,,,,,,,,,,,,,,,,,,,,,,,,,,,,,,,,,,,,,,,,,,,,,,,
739,0.0799,1.9913363456726074,1.526018627591834e-05,1.3984375,716,,,,,,,,,,,,,,,,,,,,,,,,,,,,,,,,,,,,,,,,,,,,,,,,,,,,,,,,,,,,,,
740,0.0785,1.6503080129623413,1.524611677661454e-05,1.400390625,717,,,,,,,,,,,,,,,,,,,,,,,,,,,,,,,,,,,,,,,,,,,,,,,,,,,,,,,,,,,,,,
741,0.096,1.8181878328323364,1.5232032934627782e-05,1.40234375,718,,,,,,,,,,,,,,,,,,,,,,,,,,,,,,,,,,,,,,,,,,,,,,,,,,,,,,,,,,,,,,
742,0.1396,2.2608892917633057,1.5217934788462774e-05,1.404296875,719,,,,,,,,,,,,,,,,,,,,,,,,,,,,,,,,,,,,,,,,,,,,,,,,,,,,,,,,,,,,,,
743,0.1362,3.161593198776245,1.52038223766633e-05,1.40625,720,,,,,,,,,,,,,,,,,,,,,,,,,,,,,,,,,,,,,,,,,,,,,,,,,,,,,,,,,,,,,,
744,,,,1.40625,720,0.07759957015514374,0.9517045454545454,0.9529820766555912,0.9517045454545454,0.9542720727272493,0.9517045454545454,0.952358392464578,0.9517045454545454,0.9555873925501432,0.9434229137199434,0.9730290456431535,0.9630390143737166,0.9142300194931774,0.9446122860020141,0.9665871121718377,0.9608540925266904,2.6479,867.849,4.532,,,,,,,,,,,,,,,,,,,,,,,,,,,,,,,,,,,,,,,,,,,
745,,,,1.40625,720,,,,,,,,,,,,,,,,,,,,0.743173360824585,0.5608198924731183,0.5418406824860336,0.5608198924731183,0.5355687760110749,0.5608198924731183,0.6925209556546226,0.5608198924731183,0.4581442259203227,0.6153064679986454,0.8149847094801224,0.6151182919792268,0.715,0.5663366336633663,0.7819548872180451,0.3706013363028953,6.267,957.396,5.106,,,,,,,,,,,,,,,,,,,,,,,,
746,,,,1.40625,720,,,,,,,,,,,,,,,,,,,,,,,,,,,,,,,,,,,,,,,0.11905527859926224,0.9142361111111111,0.9114196752673358,0.9142361111111111,0.9119288543937342,0.9142361111111111,0.9112058696996586,0.9142361111111111,0.9318181818181818,0.9202598936798582,0.964625850340136,0.9561699258260283,0.8774703557312253,0.8951612903225806,0.8709090909090909,0.8740875912408759,3.3922,850.769,4.717,,,,,
747,0.1028,1.8248522281646729,1.5189695737812153e-05,1.408203125,721,,,,,,,,,,,,,,,,,,,,,,,,,,,,,,,,,,,,,,,,,,,,,,,,,,,,,,,,,,,,,,
748,0.071,1.689812183380127,1.517555491053103e-05,1.41015625,722,,,,,,,,,,,,,,,,,,,,,,,,,,,,,,,,,,,,,,,,,,,,,,,,,,,,,,,,,,,,,,
749,0.1029,2.159749746322632,1.5161399933480402e-05,1.412109375,723,,,,,,,,,,,,,,,,,,,,,,,,,,,,,,,,,,,,,,,,,,,,,,,,,,,,,,,,,,,,,,
750,0.0903,1.7865309715270996,1.5147230845359452e-05,1.4140625,724,,,,,,,,,,,,,,,,,,,,,,,,,,,,,,,,,,,,,,,,,,,,,,,,,,,,,,,,,,,,,,
751,0.0832,2.193788528442383,1.5133047684905916e-05,1.416015625,725,,,,,,,,,,,,,,,,,,,,,,,,,,,,,,,,,,,,,,,,,,,,,,,,,,,,,,,,,,,,,,
752,0.0979,1.8464899063110352,1.5118850490896012e-05,1.41796875,726,,,,,,,,,,,,,,,,,,,,,,,,,,,,,,,,,,,,,,,,,,,,,,,,,,,,,,,,,,,,,,
753,0.0857,2.161497116088867,1.5104639302144327e-05,1.419921875,727,,,,,,,,,,,,,,,,,,,,,,,,,,,,,,,,,,,,,,,,,,,,,,,,,,,,,,,,,,,,,,
754,0.1017,2.0143115520477295,1.5090414157503715e-05,1.421875,728,,,,,,,,,,,,,,,,,,,,,,,,,,,,,,,,,,,,,,,,,,,,,,,,,,,,,,,,,,,,,,
755,0.1248,1.7626097202301025,1.5076175095865171e-05,1.423828125,729,,,,,,,,,,,,,,,,,,,,,,,,,,,,,,,,,,,,,,,,,,,,,,,,,,,,,,,,,,,,,,
756,0.0839,1.9871398210525513,1.5061922156157746e-05,1.42578125,730,,,,,,,,,,,,,,,,,,,,,,,,,,,,,,,,,,,,,,,,,,,,,,,,,,,,,,,,,,,,,,
757,0.1093,1.970593810081482,1.504765537734844e-05,1.427734375,731,,,,,,,,,,,,,,,,,,,,,,,,,,,,,,,,,,,,,,,,,,,,,,,,,,,,,,,,,,,,,,
758,0.1312,2.253268003463745,1.5033374798442073e-05,1.4296875,732,,,,,,,,,,,,,,,,,,,,,,,,,,,,,,,,,,,,,,,,,,,,,,,,,,,,,,,,,,,,,,
759,0.079,1.9047553539276123,1.5019080458481203e-05,1.431640625,733,,,,,,,,,,,,,,,,,,,,,,,,,,,,,,,,,,,,,,,,,,,,,,,,,,,,,,,,,,,,,,
760,0.1218,2.763319969177246,1.500477239654602e-05,1.43359375,734,,,,,,,,,,,,,,,,,,,,,,,,,,,,,,,,,,,,,,,,,,,,,,,,,,,,,,,,,,,,,,
761,0.0856,2.2299423217773438,1.4990450651754207e-05,1.435546875,735,,,,,,,,,,,,,,,,,,,,,,,,,,,,,,,,,,,,,,,,,,,,,,,,,,,,,,,,,,,,,,
762,0.0719,2.968132734298706,1.4976115263260876e-05,1.4375,736,,,,,,,,,,,,,,,,,,,,,,,,,,,,,,,,,,,,,,,,,,,,,,,,,,,,,,,,,,,,,,
763,0.1056,2.634803533554077,1.4961766270258422e-05,1.439453125,737,,,,,,,,,,,,,,,,,,,,,,,,,,,,,,,,,,,,,,,,,,,,,,,,,,,,,,,,,,,,,,
764,0.0554,2.535205125808716,1.4947403711976454e-05,1.44140625,738,,,,,,,,,,,,,,,,,,,,,,,,,,,,,,,,,,,,,,,,,,,,,,,,,,,,,,,,,,,,,,
765,0.0817,2.010127067565918,1.4933027627681651e-05,1.443359375,739,,,,,,,,,,,,,,,,,,,,,,,,,,,,,,,,,,,,,,,,,,,,,,,,,,,,,,,,,,,,,,
766,0.1268,2.333009958267212,1.4918638056677682e-05,1.4453125,740,,,,,,,,,,,,,,,,,,,,,,,,,,,,,,,,,,,,,,,,,,,,,,,,,,,,,,,,,,,,,,
767,0.0596,2.146327495574951,1.4904235038305084e-05,1.447265625,741,,,,,,,,,,,,,,,,,,,,,,,,,,,,,,,,,,,,,,,,,,,,,,,,,,,,,,,,,,,,,,
768,0.1013,2.642944097518921,1.4889818611941155e-05,1.44921875,742,,,,,,,,,,,,,,,,,,,,,,,,,,,,,,,,,,,,,,,,,,,,,,,,,,,,,,,,,,,,,,
769,0.1035,2.2626452445983887,1.4875388816999865e-05,1.451171875,743,,,,,,,,,,,,,,,,,,,,,,,,,,,,,,,,,,,,,,,,,,,,,,,,,,,,,,,,,,,,,,
770,0.0764,2.7714569568634033,1.4860945692931711e-05,1.453125,744,,,,,,,,,,,,,,,,,,,,,,,,,,,,,,,,,,,,,,,,,,,,,,,,,,,,,,,,,,,,,,
771,0.1261,2.3343777656555176,1.4846489279223653e-05,1.455078125,745,,,,,,,,,,,,,,,,,,,,,,,,,,,,,,,,,,,,,,,,,,,,,,,,,,,,,,,,,,,,,,
772,0.0949,1.8244099617004395,1.4832019615398962e-05,1.45703125,746,,,,,,,,,,,,,,,,,,,,,,,,,,,,,,,,,,,,,,,,,,,,,,,,,,,,,,,,,,,,,,
773,0.1222,1.9644981622695923,1.4817536741017153e-05,1.458984375,747,,,,,,,,,,,,,,,,,,,,,,,,,,,,,,,,,,,,,,,,,,,,,,,,,,,,,,,,,,,,,,
774,0.1017,2.0524113178253174,1.4803040695673853e-05,1.4609375,748,,,,,,,,,,,,,,,,,,,,,,,,,,,,,,,,,,,,,,,,,,,,,,,,,,,,,,,,,,,,,,
775,0.091,2.672663927078247,1.4788531519000696e-05,1.462890625,749,,,,,,,,,,,,,,,,,,,,,,,,,,,,,,,,,,,,,,,,,,,,,,,,,,,,,,,,,,,,,,
776,0.0996,2.0229876041412354,1.4774009250665215e-05,1.46484375,750,,,,,,,,,,,,,,,,,,,,,,,,,,,,,,,,,,,,,,,,,,,,,,,,,,,,,,,,,,,,,,
777,0.0851,1.8395642042160034,1.4759473930370738e-05,1.466796875,751,,,,,,,,,,,,,,,,,,,,,,,,,,,,,,,,,,,,,,,,,,,,,,,,,,,,,,,,,,,,,,
778,0.0874,3.8520915508270264,1.4744925597856275e-05,1.46875,752,,,,,,,,,,,,,,,,,,,,,,,,,,,,,,,,,,,,,,,,,,,,,,,,,,,,,,,,,,,,,,
779,0.0869,1.6714191436767578,1.473036429289641e-05,1.470703125,753,,,,,,,,,,,,,,,,,,,,,,,,,,,,,,,,,,,,,,,,,,,,,,,,,,,,,,,,,,,,,,
780,0.094,2.486156940460205,1.4715790055301197e-05,1.47265625,754,,,,,,,,,,,,,,,,,,,,,,,,,,,,,,,,,,,,,,,,,,,,,,,,,,,,,,,,,,,,,,
781,0.1213,2.1295597553253174,1.470120292491605e-05,1.474609375,755,,,,,,,,,,,,,,,,,,,,,,,,,,,,,,,,,,,,,,,,,,,,,,,,,,,,,,,,,,,,,,
782,0.1061,2.7857563495635986,1.4686602941621618e-05,1.4765625,756,,,,,,,,,,,,,,,,,,,,,,,,,,,,,,,,,,,,,,,,,,,,,,,,,,,,,,,,,,,,,,
783,0.0977,2.282269239425659,1.4671990145333697e-05,1.478515625,757,,,,,,,,,,,,,,,,,,,,,,,,,,,,,,,,,,,,,,,,,,,,,,,,,,,,,,,,,,,,,,
784,0.0957,2.4797449111938477,1.4657364576003122e-05,1.48046875,758,,,,,,,,,,,,,,,,,,,,,,,,,,,,,,,,,,,,,,,,,,,,,,,,,,,,,,,,,,,,,,
785,0.1429,2.4775612354278564,1.4642726273615639e-05,1.482421875,759,,,,,,,,,,,,,,,,,,,,,,,,,,,,,,,,,,,,,,,,,,,,,,,,,,,,,,,,,,,,,,
786,0.0779,2.7036616802215576,1.4628075278191803e-05,1.484375,760,,,,,,,,,,,,,,,,,,,,,,,,,,,,,,,,,,,,,,,,,,,,,,,,,,,,,,,,,,,,,,
787,0.0966,3.2660045623779297,1.461341162978688e-05,1.486328125,761,,,,,,,,,,,,,,,,,,,,,,,,,,,,,,,,,,,,,,,,,,,,,,,,,,,,,,,,,,,,,,
788,0.0868,2.209015369415283,1.4598735368490724e-05,1.48828125,762,,,,,,,,,,,,,,,,,,,,,,,,,,,,,,,,,,,,,,,,,,,,,,,,,,,,,,,,,,,,,,
789,0.0781,2.7313504219055176,1.4584046534427671e-05,1.490234375,763,,,,,,,,,,,,,,,,,,,,,,,,,,,,,,,,,,,,,,,,,,,,,,,,,,,,,,,,,,,,,,
790,0.0891,1.6308581829071045,1.4569345167756436e-05,1.4921875,764,,,,,,,,,,,,,,,,,,,,,,,,,,,,,,,,,,,,,,,,,,,,,,,,,,,,,,,,,,,,,,
791,0.0841,2.7828574180603027,1.4554631308669993e-05,1.494140625,765,,,,,,,,,,,,,,,,,,,,,,,,,,,,,,,,,,,,,,,,,,,,,,,,,,,,,,,,,,,,,,
792,0.0646,1.4264806509017944,1.4539904997395468e-05,1.49609375,766,,,,,,,,,,,,,,,,,,,,,,,,,,,,,,,,,,,,,,,,,,,,,,,,,,,,,,,,,,,,,,
793,0.1065,3.1231534481048584,1.4525166274194038e-05,1.498046875,767,,,,,,,,,,,,,,,,,,,,,,,,,,,,,,,,,,,,,,,,,,,,,,,,,,,,,,,,,,,,,,
794,0.0919,2.2469828128814697,1.4510415179360806e-05,1.5,768,,,,,,,,,,,,,,,,,,,,,,,,,,,,,,,,,,,,,,,,,,,,,,,,,,,,,,,,,,,,,,
795,0.1099,2.4221341609954834,1.4495651753224706e-05,1.501953125,769,,,,,,,,,,,,,,,,,,,,,,,,,,,,,,,,,,,,,,,,,,,,,,,,,,,,,,,,,,,,,,
796,0.1082,1.9904992580413818,1.4480876036148376e-05,1.50390625,770,,,,,,,,,,,,,,,,,,,,,,,,,,,,,,,,,,,,,,,,,,,,,,,,,,,,,,,,,,,,,,
797,0.1317,3.0246171951293945,1.4466088068528068e-05,1.505859375,771,,,,,,,,,,,,,,,,,,,,,,,,,,,,,,,,,,,,,,,,,,,,,,,,,,,,,,,,,,,,,,
798,0.119,1.7481023073196411,1.4451287890793513e-05,1.5078125,772,,,,,,,,,,,,,,,,,,,,,,,,,,,,,,,,,,,,,,,,,,,,,,,,,,,,,,,,,,,,,,
799,0.0895,1.829026699066162,1.4436475543407843e-05,1.509765625,773,,,,,,,,,,,,,,,,,,,,,,,,,,,,,,,,,,,,,,,,,,,,,,,,,,,,,,,,,,,,,,
800,0.1013,2.0879476070404053,1.442165106686744e-05,1.51171875,774,,,,,,,,,,,,,,,,,,,,,,,,,,,,,,,,,,,,,,,,,,,,,,,,,,,,,,,,,,,,,,
801,0.0855,1.9921226501464844,1.4406814501701857e-05,1.513671875,775,,,,,,,,,,,,,,,,,,,,,,,,,,,,,,,,,,,,,,,,,,,,,,,,,,,,,,,,,,,,,,
802,0.1286,2.700117588043213,1.4391965888473705e-05,1.515625,776,,,,,,,,,,,,,,,,,,,,,,,,,,,,,,,,,,,,,,,,,,,,,,,,,,,,,,,,,,,,,,
803,0.0863,2.4713385105133057,1.437710526777852e-05,1.517578125,777,,,,,,,,,,,,,,,,,,,,,,,,,,,,,,,,,,,,,,,,,,,,,,,,,,,,,,,,,,,,,,
804,0.0637,1.8365552425384521,1.4362232680244673e-05,1.51953125,778,,,,,,,,,,,,,,,,,,,,,,,,,,,,,,,,,,,,,,,,,,,,,,,,,,,,,,,,,,,,,,
805,0.0667,2.3341543674468994,1.4347348166533247e-05,1.521484375,779,,,,,,,,,,,,,,,,,,,,,,,,,,,,,,,,,,,,,,,,,,,,,,,,,,,,,,,,,,,,,,
806,0.1009,2.4658074378967285,1.4332451767337938e-05,1.5234375,780,,,,,,,,,,,,,,,,,,,,,,,,,,,,,,,,,,,,,,,,,,,,,,,,,,,,,,,,,,,,,,
807,0.1279,3.621640682220459,1.4317543523384928e-05,1.525390625,781,,,,,,,,,,,,,,,,,,,,,,,,,,,,,,,,,,,,,,,,,,,,,,,,,,,,,,,,,,,,,,
808,0.1292,3.4174067974090576,1.4302623475432796e-05,1.52734375,782,,,,,,,,,,,,,,,,,,,,,,,,,,,,,,,,,,,,,,,,,,,,,,,,,,,,,,,,,,,,,,
809,0.1187,3.4052846431732178,1.4287691664272376e-05,1.529296875,783,,,,,,,,,,,,,,,,,,,,,,,,,,,,,,,,,,,,,,,,,,,,,,,,,,,,,,,,,,,,,,
810,0.1396,2.5943195819854736,1.4272748130726668e-05,1.53125,784,,,,,,,,,,,,,,,,,,,,,,,,,,,,,,,,,,,,,,,,,,,,,,,,,,,,,,,,,,,,,,
811,0.1015,2.8141911029815674,1.4257792915650728e-05,1.533203125,785,,,,,,,,,,,,,,,,,,,,,,,,,,,,,,,,,,,,,,,,,,,,,,,,,,,,,,,,,,,,,,
812,0.1185,3.290879964828491,1.4242826059931538e-05,1.53515625,786,,,,,,,,,,,,,,,,,,,,,,,,,,,,,,,,,,,,,,,,,,,,,,,,,,,,,,,,,,,,,,
813,0.1569,2.976529121398926,1.4227847604487914e-05,1.537109375,787,,,,,,,,,,,,,,,,,,,,,,,,,,,,,,,,,,,,,,,,,,,,,,,,,,,,,,,,,,,,,,
814,0.0805,2.185021162033081,1.421285759027038e-05,1.5390625,788,,,,,,,,,,,,,,,,,,,,,,,,,,,,,,,,,,,,,,,,,,,,,,,,,,,,,,,,,,,,,,
815,0.1091,2.3616199493408203,1.4197856058261059e-05,1.541015625,789,,,,,,,,,,,,,,,,,,,,,,,,,,,,,,,,,,,,,,,,,,,,,,,,,,,,,,,,,,,,,,
816,0.0782,1.6808695793151855,1.418284304947357e-05,1.54296875,790,,,,,,,,,,,,,,,,,,,,,,,,,,,,,,,,,,,,,,,,,,,,,,,,,,,,,,,,,,,,,,
817,0.1074,2.217089891433716,1.4167818604952906e-05,1.544921875,791,,,,,,,,,,,,,,,,,,,,,,,,,,,,,,,,,,,,,,,,,,,,,,,,,,,,,,,,,,,,,,
818,0.0623,1.745861291885376,1.4152782765775323e-05,1.546875,792,,,,,,,,,,,,,,,,,,,,,,,,,,,,,,,,,,,,,,,,,,,,,,,,,,,,,,,,,,,,,,
819,0.0688,1.592583179473877,1.4137735573048232e-05,1.548828125,793,,,,,,,,,,,,,,,,,,,,,,,,,,,,,,,,,,,,,,,,,,,,,,,,,,,,,,,,,,,,,,
820,0.0691,1.8388879299163818,1.4122677067910084e-05,1.55078125,794,,,,,,,,,,,,,,,,,,,,,,,,,,,,,,,,,,,,,,,,,,,,,,,,,,,,,,,,,,,,,,
821,0.1419,2.6770215034484863,1.4107607291530256e-05,1.552734375,795,,,,,,,,,,,,,,,,,,,,,,,,,,,,,,,,,,,,,,,,,,,,,,,,,,,,,,,,,,,,,,
822,0.1005,2.3193438053131104,1.409252628510894e-05,1.5546875,796,,,,,,,,,,,,,,,,,,,,,,,,,,,,,,,,,,,,,,,,,,,,,,,,,,,,,,,,,,,,,,
823,0.1161,3.4121291637420654,1.4077434089877038e-05,1.556640625,797,,,,,,,,,,,,,,,,,,,,,,,,,,,,,,,,,,,,,,,,,,,,,,,,,,,,,,,,,,,,,,
824,0.1103,3.2256436347961426,1.4062330747096027e-05,1.55859375,798,,,,,,,,,,,,,,,,,,,,,,,,,,,,,,,,,,,,,,,,,,,,,,,,,,,,,,,,,,,,,,
825,0.0897,2.742469549179077,1.4047216298057872e-05,1.560546875,799,,,,,,,,,,,,,,,,,,,,,,,,,,,,,,,,,,,,,,,,,,,,,,,,,,,,,,,,,,,,,,
826,0.112,3.584134101867676,1.4032090784084904e-05,1.5625,800,,,,,,,,,,,,,,,,,,,,,,,,,,,,,,,,,,,,,,,,,,,,,,,,,,,,,,,,,,,,,,
827,,,,1.5625,800,0.07745281606912613,0.9521780303030303,0.9533497295029887,0.9521780303030303,0.9533880203453163,0.9521780303030303,0.9533370528283386,0.9521780303030303,0.9458689458689459,0.9472182596291012,0.9665970772442589,0.9615784008307372,0.941747572815534,0.9408341416100874,0.9591346153846154,0.9637681159420289,2.6348,872.183,4.554,,,,,,,,,,,,,,,,,,,,,,,,,,,,,,,,,,,,,,,,,,,
828,,,,1.5625,800,,,,,,,,,,,,,,,,,,,,0.7720044851303101,0.5567876344086021,0.5422215631453843,0.5567876344086021,0.53731704631955,0.5567876344086021,0.7006831820915059,0.5567876344086021,0.44161412358133667,0.6025464556090846,0.8190184049079755,0.6267605633802816,0.769712140175219,0.5652573529411765,0.7723880597014925,0.37432188065099453,6.2439,960.939,5.125,,,,,,,,,,,,,,,,,,,,,,,,
829,,,,1.5625,800,,,,,,,,,,,,,,,,,,,,,,,,,,,,,,,,,,,,,,,0.11384604871273041,0.9152777777777777,0.9122622059654193,0.9152777777777777,0.914965577569531,0.9152777777777777,0.910284791801993,0.9152777777777777,0.9342891278375149,0.9194591416813639,0.96875,0.9589778076664425,0.8941798941798942,0.8965517241379312,0.8439201451905626,0.87406015037594,3.3241,868.192,4.813,,,,,
830,0.0894,3.466813087463379,1.4016954246529697e-05,1.564453125,801,,,,,,,,,,,,,,,,,,,,,,,,,,,,,,,,,,,,,,,,,,,,,,,,,,,,,,,,,,,,,,
831,0.1075,2.646944522857666,1.4001806726774965e-05,1.56640625,802,,,,,,,,,,,,,,,,,,,,,,,,,,,,,,,,,,,,,,,,,,,,,,,,,,,,,,,,,,,,,,
832,0.0772,1.91789710521698,1.3986648266233452e-05,1.568359375,803,,,,,,,,,,,,,,,,,,,,,,,,,,,,,,,,,,,,,,,,,,,,,,,,,,,,,,,,,,,,,,
833,0.0618,1.3322858810424805,1.3971478906347806e-05,1.5703125,804,,,,,,,,,,,,,,,,,,,,,,,,,,,,,,,,,,,,,,,,,,,,,,,,,,,,,,,,,,,,,,
834,0.106,2.28666353225708,1.3956298688590484e-05,1.572265625,805,,,,,,,,,,,,,,,,,,,,,,,,,,,,,,,,,,,,,,,,,,,,,,,,,,,,,,,,,,,,,,
835,0.073,1.4149442911148071,1.3941107654463619e-05,1.57421875,806,,,,,,,,,,,,,,,,,,,,,,,,,,,,,,,,,,,,,,,,,,,,,,,,,,,,,,,,,,,,,,
836,0.0709,1.8362390995025635,1.3925905845498915e-05,1.576171875,807,,,,,,,,,,,,,,,,,,,,,,,,,,,,,,,,,,,,,,,,,,,,,,,,,,,,,,,,,,,,,,
837,0.1011,2.684128999710083,1.391069330325754e-05,1.578125,808,,,,,,,,,,,,,,,,,,,,,,,,,,,,,,,,,,,,,,,,,,,,,,,,,,,,,,,,,,,,,,
838,0.0973,2.465975284576416,1.3895470069330003e-05,1.580078125,809,,,,,,,,,,,,,,,,,,,,,,,,,,,,,,,,,,,,,,,,,,,,,,,,,,,,,,,,,,,,,,
839,0.119,2.5851593017578125,1.3880236185336045e-05,1.58203125,810,,,,,,,,,,,,,,,,,,,,,,,,,,,,,,,,,,,,,,,,,,,,,,,,,,,,,,,,,,,,,,
840,0.0715,2.142965078353882,1.3864991692924524e-05,1.583984375,811,,,,,,,,,,,,,,,,,,,,,,,,,,,,,,,,,,,,,,,,,,,,,,,,,,,,,,,,,,,,,,
841,0.0767,1.48774254322052,1.3849736633773298e-05,1.5859375,812,,,,,,,,,,,,,,,,,,,,,,,,,,,,,,,,,,,,,,,,,,,,,,,,,,,,,,,,,,,,,,
842,0.1353,2.2103078365325928,1.3834471049589117e-05,1.587890625,813,,,,,,,,,,,,,,,,,,,,,,,,,,,,,,,,,,,,,,,,,,,,,,,,,,,,,,,,,,,,,,
843,0.0625,2.099263906478882,1.3819194982107504e-05,1.58984375,814,,,,,,,,,,,,,,,,,,,,,,,,,,,,,,,,,,,,,,,,,,,,,,,,,,,,,,,,,,,,,,
844,0.1043,1.584137201309204,1.3803908473092648e-05,1.591796875,815,,,,,,,,,,,,,,,,,,,,,,,,,,,,,,,,,,,,,,,,,,,,,,,,,,,,,,,,,,,,,,
845,0.1507,3.8095874786376953,1.3788611564337277e-05,1.59375,816,,,,,,,,,,,,,,,,,,,,,,,,,,,,,,,,,,,,,,,,,,,,,,,,,,,,,,,,,,,,,,
846,0.1045,2.0344083309173584,1.377330429766256e-05,1.595703125,817,,,,,,,,,,,,,,,,,,,,,,,,,,,,,,,,,,,,,,,,,,,,,,,,,,,,,,,,,,,,,,
847,0.069,2.010038137435913,1.3757986714917972e-05,1.59765625,818,,,,,,,,,,,,,,,,,,,,,,,,,,,,,,,,,,,,,,,,,,,,,,,,,,,,,,,,,,,,,,
848,0.0828,1.4249897003173828,1.3742658857981204e-05,1.599609375,819,,,,,,,,,,,,,,,,,,,,,,,,,,,,,,,,,,,,,,,,,,,,,,,,,,,,,,,,,,,,,,
849,0.1123,2.3099594116210938,1.3727320768758034e-05,1.6015625,820,,,,,,,,,,,,,,,,,,,,,,,,,,,,,,,,,,,,,,,,,,,,,,,,,,,,,,,,,,,,,,
850,0.1101,2.035155773162842,1.3711972489182208e-05,1.603515625,821,,,,,,,,,,,,,,,,,,,,,,,,,,,,,,,,,,,,,,,,,,,,,,,,,,,,,,,,,,,,,,
851,0.0543,1.5173137187957764,1.369661406121534e-05,1.60546875,822,,,,,,,,,,,,,,,,,,,,,,,,,,,,,,,,,,,,,,,,,,,,,,,,,,,,,,,,,,,,,,
852,0.1007,1.9432861804962158,1.3681245526846782e-05,1.607421875,823,,,,,,,,,,,,,,,,,,,,,,,,,,,,,,,,,,,,,,,,,,,,,,,,,,,,,,,,,,,,,,
853,0.0613,1.7648208141326904,1.366586692809352e-05,1.609375,824,,,,,,,,,,,,,,,,,,,,,,,,,,,,,,,,,,,,,,,,,,,,,,,,,,,,,,,,,,,,,,
854,0.1259,2.091146469116211,1.3650478307000059e-05,1.611328125,825,,,,,,,,,,,,,,,,,,,,,,,,,,,,,,,,,,,,,,,,,,,,,,,,,,,,,,,,,,,,,,
855,0.1179,2.335190773010254,1.3635079705638298e-05,1.61328125,826,,,,,,,,,,,,,,,,,,,,,,,,,,,,,,,,,,,,,,,,,,,,,,,,,,,,,,,,,,,,,,
856,0.1048,2.7152011394500732,1.3619671166107432e-05,1.615234375,827,,,,,,,,,,,,,,,,,,,,,,,,,,,,,,,,,,,,,,,,,,,,,,,,,,,,,,,,,,,,,,
857,0.0954,1.7485949993133545,1.3604252730533811e-05,1.6171875,828,,,,,,,,,,,,,,,,,,,,,,,,,,,,,,,,,,,,,,,,,,,,,,,,,,,,,,,,,,,,,,
858,0.0921,1.7494899034500122,1.3588824441070852e-05,1.619140625,829,,,,,,,,,,,,,,,,,,,,,,,,,,,,,,,,,,,,,,,,,,,,,,,,,,,,,,,,,,,,,,
859,0.0975,2.4327304363250732,1.357338633989891e-05,1.62109375,830,,,,,,,,,,,,,,,,,,,,,,,,,,,,,,,,,,,,,,,,,,,,,,,,,,,,,,,,,,,,,,
860,0.0714,1.5413775444030762,1.3557938469225167e-05,1.623046875,831,,,,,,,,,,,,,,,,,,,,,,,,,,,,,,,,,,,,,,,,,,,,,,,,,,,,,,,,,,,,,,
861,0.094,1.6146154403686523,1.3542480871283507e-05,1.625,832,,,,,,,,,,,,,,,,,,,,,,,,,,,,,,,,,,,,,,,,,,,,,,,,,,,,,,,,,,,,,,
862,0.0955,1.4617319107055664,1.3527013588334415e-05,1.626953125,833,,,,,,,,,,,,,,,,,,,,,,,,,,,,,,,,,,,,,,,,,,,,,,,,,,,,,,,,,,,,,,
863,0.1045,2.7539961338043213,1.3511536662664848e-05,1.62890625,834,,,,,,,,,,,,,,,,,,,,,,,,,,,,,,,,,,,,,,,,,,,,,,,,,,,,,,,,,,,,,,
864,0.0912,1.508050560951233,1.3496050136588135e-05,1.630859375,835,,,,,,,,,,,,,,,,,,,,,,,,,,,,,,,,,,,,,,,,,,,,,,,,,,,,,,,,,,,,,,
865,0.0969,2.4751570224761963,1.3480554052443847e-05,1.6328125,836,,,,,,,,,,,,,,,,,,,,,,,,,,,,,,,,,,,,,,,,,,,,,,,,,,,,,,,,,,,,,,
866,0.0892,1.7794756889343262,1.3465048452597682e-05,1.634765625,837,,,,,,,,,,,,,,,,,,,,,,,,,,,,,,,,,,,,,,,,,,,,,,,,,,,,,,,,,,,,,,
867,0.1078,2.840869903564453,1.3449533379441359e-05,1.63671875,838,,,,,,,,,,,,,,,,,,,,,,,,,,,,,,,,,,,,,,,,,,,,,,,,,,,,,,,,,,,,,,
868,0.067,2.4524455070495605,1.3434008875392499e-05,1.638671875,839,,,,,,,,,,,,,,,,,,,,,,,,,,,,,,,,,,,,,,,,,,,,,,,,,,,,,,,,,,,,,,
869,0.1003,1.759509801864624,1.3418474982894499e-05,1.640625,840,,,,,,,,,,,,,,,,,,,,,,,,,,,,,,,,,,,,,,,,,,,,,,,,,,,,,,,,,,,,,,
870,0.1236,2.1718130111694336,1.3402931744416432e-05,1.642578125,841,,,,,,,,,,,,,,,,,,,,,,,,,,,,,,,,,,,,,,,,,,,,,,,,,,,,,,,,,,,,,,
871,0.1067,3.0896334648132324,1.3387379202452917e-05,1.64453125,842,,,,,,,,,,,,,,,,,,,,,,,,,,,,,,,,,,,,,,,,,,,,,,,,,,,,,,,,,,,,,,
872,0.1304,1.938238501548767,1.3371817399524006e-05,1.646484375,843,,,,,,,,,,,,,,,,,,,,,,,,,,,,,,,,,,,,,,,,,,,,,,,,,,,,,,,,,,,,,,
873,0.1003,2.130066156387329,1.335624637817508e-05,1.6484375,844,,,,,,,,,,,,,,,,,,,,,,,,,,,,,,,,,,,,,,,,,,,,,,,,,,,,,,,,,,,,,,
874,0.1032,2.9832358360290527,1.3340666180976713e-05,1.650390625,845,,,,,,,,,,,,,,,,,,,,,,,,,,,,,,,,,,,,,,,,,,,,,,,,,,,,,,,,,,,,,,
875,0.0996,2.4351916313171387,1.332507685052457e-05,1.65234375,846,,,,,,,,,,,,,,,,,,,,,,,,,,,,,,,,,,,,,,,,,,,,,,,,,,,,,,,,,,,,,,
876,0.1119,2.371736764907837,1.3309478429439284e-05,1.654296875,847,,,,,,,,,,,,,,,,,,,,,,,,,,,,,,,,,,,,,,,,,,,,,,,,,,,,,,,,,,,,,,
877,0.1256,2.2583136558532715,1.3293870960366346e-05,1.65625,848,,,,,,,,,,,,,,,,,,,,,,,,,,,,,,,,,,,,,,,,,,,,,,,,,,,,,,,,,,,,,,
878,0.0763,1.4798930883407593,1.3278254485975977e-05,1.658203125,849,,,,,,,,,,,,,,,,,,,,,,,,,,,,,,,,,,,,,,,,,,,,,,,,,,,,,,,,,,,,,,
879,0.1186,2.2449393272399902,1.3262629048963028e-05,1.66015625,850,,,,,,,,,,,,,,,,,,,,,,,,,,,,,,,,,,,,,,,,,,,,,,,,,,,,,,,,,,,,,,
880,0.1362,2.378366470336914,1.3246994692046837e-05,1.662109375,851,,,,,,,,,,,,,,,,,,,,,,,,,,,,,,,,,,,,,,,,,,,,,,,,,,,,,,,,,,,,,,
881,0.1167,1.8470714092254639,1.3231351457971144e-05,1.6640625,852,,,,,,,,,,,,,,,,,,,,,,,,,,,,,,,,,,,,,,,,,,,,,,,,,,,,,,,,,,,,,,
882,0.0785,1.8582711219787598,1.3215699389503956e-05,1.666015625,853,,,,,,,,,,,,,,,,,,,,,,,,,,,,,,,,,,,,,,,,,,,,,,,,,,,,,,,,,,,,,,
883,0.0698,2.0093727111816406,1.3200038529437427e-05,1.66796875,854,,,,,,,,,,,,,,,,,,,,,,,,,,,,,,,,,,,,,,,,,,,,,,,,,,,,,,,,,,,,,,
884,0.1202,2.0680642127990723,1.3184368920587756e-05,1.669921875,855,,,,,,,,,,,,,,,,,,,,,,,,,,,,,,,,,,,,,,,,,,,,,,,,,,,,,,,,,,,,,,
885,0.1219,2.305541753768921,1.3168690605795044e-05,1.671875,856,,,,,,,,,,,,,,,,,,,,,,,,,,,,,,,,,,,,,,,,,,,,,,,,,,,,,,,,,,,,,,
886,0.1052,2.4753122329711914,1.3153003627923217e-05,1.673828125,857,,,,,,,,,,,,,,,,,,,,,,,,,,,,,,,,,,,,,,,,,,,,,,,,,,,,,,,,,,,,,,
887,0.1291,2.289450168609619,1.3137308029859865e-05,1.67578125,858,,,,,,,,,,,,,,,,,,,,,,,,,,,,,,,,,,,,,,,,,,,,,,,,,,,,,,,,,,,,,,
888,0.0776,1.3359795808792114,1.3121603854516161e-05,1.677734375,859,,,,,,,,,,,,,,,,,,,,,,,,,,,,,,,,,,,,,,,,,,,,,,,,,,,,,,,,,,,,,,
889,0.1118,2.3323874473571777,1.3105891144826715e-05,1.6796875,860,,,,,,,,,,,,,,,,,,,,,,,,,,,,,,,,,,,,,,,,,,,,,,,,,,,,,,,,,,,,,,
890,0.0953,2.922172784805298,1.3090169943749475e-05,1.681640625,861,,,,,,,,,,,,,,,,,,,,,,,,,,,,,,,,,,,,,,,,,,,,,,,,,,,,,,,,,,,,,,
891,0.0953,2.5499041080474854,1.307444029426561e-05,1.68359375,862,,,,,,,,,,,,,,,,,,,,,,,,,,,,,,,,,,,,,,,,,,,,,,,,,,,,,,,,,,,,,,
892,0.1107,1.7884149551391602,1.3058702239379374e-05,1.685546875,863,,,,,,,,,,,,,,,,,,,,,,,,,,,,,,,,,,,,,,,,,,,,,,,,,,,,,,,,,,,,,,
893,0.1053,1.6434623003005981,1.3042955822118017e-05,1.6875,864,,,,,,,,,,,,,,,,,,,,,,,,,,,,,,,,,,,,,,,,,,,,,,,,,,,,,,,,,,,,,,
894,0.0902,2.0236597061157227,1.3027201085531633e-05,1.689453125,865,,,,,,,,,,,,,,,,,,,,,,,,,,,,,,,,,,,,,,,,,,,,,,,,,,,,,,,,,,,,,,
895,0.0883,2.9403209686279297,1.3011438072693077e-05,1.69140625,866,,,,,,,,,,,,,,,,,,,,,,,,,,,,,,,,,,,,,,,,,,,,,,,,,,,,,,,,,,,,,,
896,0.1171,2.529984951019287,1.299566682669782e-05,1.693359375,867,,,,,,,,,,,,,,,,,,,,,,,,,,,,,,,,,,,,,,,,,,,,,,,,,,,,,,,,,,,,,,
897,0.093,1.6545416116714478,1.2979887390663847e-05,1.6953125,868,,,,,,,,,,,,,,,,,,,,,,,,,,,,,,,,,,,,,,,,,,,,,,,,,,,,,,,,,,,,,,
898,0.064,1.5522303581237793,1.2964099807731539e-05,1.697265625,869,,,,,,,,,,,,,,,,,,,,,,,,,,,,,,,,,,,,,,,,,,,,,,,,,,,,,,,,,,,,,,
899,0.0937,1.7763835191726685,1.2948304121063538e-05,1.69921875,870,,,,,,,,,,,,,,,,,,,,,,,,,,,,,,,,,,,,,,,,,,,,,,,,,,,,,,,,,,,,,,
900,0.1012,2.1265673637390137,1.293250037384465e-05,1.701171875,871,,,,,,,,,,,,,,,,,,,,,,,,,,,,,,,,,,,,,,,,,,,,,,,,,,,,,,,,,,,,,,
901,0.0594,1.482455849647522,1.2916688609281716e-05,1.703125,872,,,,,,,,,,,,,,,,,,,,,,,,,,,,,,,,,,,,,,,,,,,,,,,,,,,,,,,,,,,,,,
902,0.1088,1.6655075550079346,1.2900868870603502e-05,1.705078125,873,,,,,,,,,,,,,,,,,,,,,,,,,,,,,,,,,,,,,,,,,,,,,,,,,,,,,,,,,,,,,,
903,0.1411,1.9019291400909424,1.2885041201060561e-05,1.70703125,874,,,,,,,,,,,,,,,,,,,,,,,,,,,,,,,,,,,,,,,,,,,,,,,,,,,,,,,,,,,,,,
904,0.1126,2.3660898208618164,1.2869205643925142e-05,1.708984375,875,,,,,,,,,,,,,,,,,,,,,,,,,,,,,,,,,,,,,,,,,,,,,,,,,,,,,,,,,,,,,,
905,0.0784,2.3127715587615967,1.2853362242491054e-05,1.7109375,876,,,,,,,,,,,,,,,,,,,,,,,,,,,,,,,,,,,,,,,,,,,,,,,,,,,,,,,,,,,,,,
906,0.0938,1.9498934745788574,1.283751104007355e-05,1.712890625,877,,,,,,,,,,,,,,,,,,,,,,,,,,,,,,,,,,,,,,,,,,,,,,,,,,,,,,,,,,,,,,
907,0.0914,1.8227182626724243,1.2821652080009214e-05,1.71484375,878,,,,,,,,,,,,,,,,,,,,,,,,,,,,,,,,,,,,,,,,,,,,,,,,,,,,,,,,,,,,,,
908,0.0819,2.2996747493743896,1.2805785405655833e-05,1.716796875,879,,,,,,,,,,,,,,,,,,,,,,,,,,,,,,,,,,,,,,,,,,,,,,,,,,,,,,,,,,,,,,
909,0.0966,2.8146142959594727,1.2789911060392295e-05,1.71875,880,,,,,,,,,,,,,,,,,,,,,,,,,,,,,,,,,,,,,,,,,,,,,,,,,,,,,,,,,,,,,,
910,,,,1.71875,880,0.0827813446521759,0.946969696969697,0.9485258311085644,0.946969696969697,0.9454293792901891,0.946969696969697,0.9529071944875673,0.946969696969697,0.9042253521126761,0.9351784413692643,0.959915611814346,0.9650053022269353,0.9665354330708661,0.9424184261036468,0.9809523809523809,0.951501154734411,2.6243,875.654,4.573,,,,,,,,,,,,,,,,,,,,,,,,,,,,,,,,,,,,,,,,,,,
911,,,,1.71875,880,,,,,,,,,,,,,,,,,,,,0.8765286803245544,0.5062163978494624,0.5129120960184911,0.5062163978494624,0.5298071097337391,0.5062163978494624,0.685461362774948,0.5062163978494624,0.3649193548387097,0.5258761576175776,0.7587786259541984,0.6307106598984772,0.7816813048933501,0.5424466695690031,0.8364661654135338,0.35261489698890647,6.2297,963.126,5.137,,,,,,,,,,,,,,,,,,,,,,,,
912,,,,1.71875,880,,,,,,,,,,,,,,,,,,,,,,,,,,,,,,,,,,,,,,,0.10850436985492706,0.9163194444444445,0.9140628024978052,0.9163194444444445,0.9126647545527979,0.9163194444444445,0.9159321648910835,0.9163194444444445,0.905727923627685,0.9183303085299455,0.9577656675749319,0.9603825136612021,0.8984168865435356,0.9019867549668874,0.9018181818181819,0.8755516328331862,3.3414,863.721,4.788,,,,,
913,0.1173,2.403146505355835,1.2774029087618448e-05,1.720703125,881,,,,,,,,,,,,,,,,,,,,,,,,,,,,,,,,,,,,,,,,,,,,,,,,,,,,,,,,,,,,,,
914,0.0803,2.7346291542053223,1.2758139530755001e-05,1.72265625,882,,,,,,,,,,,,,,,,,,,,,,,,,,,,,,,,,,,,,,,,,,,,,,,,,,,,,,,,,,,,,,
915,0.101,1.7889130115509033,1.2742242433243396e-05,1.724609375,883,,,,,,,,,,,,,,,,,,,,,,,,,,,,,,,,,,,,,,,,,,,,,,,,,,,,,,,,,,,,,,
916,0.0973,1.7849247455596924,1.2726337838545692e-05,1.7265625,884,,,,,,,,,,,,,,,,,,,,,,,,,,,,,,,,,,,,,,,,,,,,,,,,,,,,,,,,,,,,,,
917,0.098,1.4576610326766968,1.2710425790144445e-05,1.728515625,885,,,,,,,,,,,,,,,,,,,,,,,,,,,,,,,,,,,,,,,,,,,,,,,,,,,,,,,,,,,,,,
918,0.1371,2.5831079483032227,1.269450633154258e-05,1.73046875,886,,,,,,,,,,,,,,,,,,,,,,,,,,,,,,,,,,,,,,,,,,,,,,,,,,,,,,,,,,,,,,
919,0.1156,1.9603089094161987,1.2678579506263299e-05,1.732421875,887,,,,,,,,,,,,,,,,,,,,,,,,,,,,,,,,,,,,,,,,,,,,,,,,,,,,,,,,,,,,,,
920,0.0832,1.8767036199569702,1.2662645357849925e-05,1.734375,888,,,,,,,,,,,,,,,,,,,,,,,,,,,,,,,,,,,,,,,,,,,,,,,,,,,,,,,,,,,,,,
921,0.0697,1.4553687572479248,1.2646703929865817e-05,1.736328125,889,,,,,,,,,,,,,,,,,,,,,,,,,,,,,,,,,,,,,,,,,,,,,,,,,,,,,,,,,,,,,,
922,0.117,2.984891414642334,1.263075526589423e-05,1.73828125,890,,,,,,,,,,,,,,,,,,,,,,,,,,,,,,,,,,,,,,,,,,,,,,,,,,,,,,,,,,,,,,
923,0.0817,1.6602532863616943,1.26147994095382e-05,1.740234375,891,,,,,,,,,,,,,,,,,,,,,,,,,,,,,,,,,,,,,,,,,,,,,,,,,,,,,,,,,,,,,,
924,0.1227,2.508531332015991,1.259883640442043e-05,1.7421875,892,,,,,,,,,,,,,,,,,,,,,,,,,,,,,,,,,,,,,,,,,,,,,,,,,,,,,,,,,,,,,,
925,0.0935,2.4439518451690674,1.2582866294183167e-05,1.744140625,893,,,,,,,,,,,,,,,,,,,,,,,,,,,,,,,,,,,,,,,,,,,,,,,,,,,,,,,,,,,,,,
926,0.1812,2.260526657104492,1.2566889122488084e-05,1.74609375,894,,,,,,,,,,,,,,,,,,,,,,,,,,,,,,,,,,,,,,,,,,,,,,,,,,,,,,,,,,,,,,
927,0.0945,1.9948375225067139,1.2550904933016152e-05,1.748046875,895,,,,,,,,,,,,,,,,,,,,,,,,,,,,,,,,,,,,,,,,,,,,,,,,,,,,,,,,,,,,,,
928,0.0715,1.281394124031067,1.253491376946754e-05,1.75,896,,,,,,,,,,,,,,,,,,,,,,,,,,,,,,,,,,,,,,,,,,,,,,,,,,,,,,,,,,,,,,
929,0.1196,2.7287964820861816,1.2518915675561482e-05,1.751953125,897,,,,,,,,,,,,,,,,,,,,,,,,,,,,,,,,,,,,,,,,,,,,,,,,,,,,,,,,,,,,,,
930,0.1188,2.002638578414917,1.2502910695036149e-05,1.75390625,898,,,,,,,,,,,,,,,,,,,,,,,,,,,,,,,,,,,,,,,,,,,,,,,,,,,,,,,,,,,,,,
931,0.1027,2.315143346786499,1.2486898871648552e-05,1.755859375,899,,,,,,,,,,,,,,,,,,,,,,,,,,,,,,,,,,,,,,,,,,,,,,,,,,,,,,,,,,,,,,
932,0.1115,2.0345873832702637,1.2470880249174397e-05,1.7578125,900,,,,,,,,,,,,,,,,,,,,,,,,,,,,,,,,,,,,,,,,,,,,,,,,,,,,,,,,,,,,,,
933,0.072,2.0885818004608154,1.2454854871407993e-05,1.759765625,901,,,,,,,,,,,,,,,,,,,,,,,,,,,,,,,,,,,,,,,,,,,,,,,,,,,,,,,,,,,,,,
934,0.0869,1.5961979627609253,1.243882278216211e-05,1.76171875,902,,,,,,,,,,,,,,,,,,,,,,,,,,,,,,,,,,,,,,,,,,,,,,,,,,,,,,,,,,,,,,
935,0.0617,2.0781216621398926,1.2422784025267864e-05,1.763671875,903,,,,,,,,,,,,,,,,,,,,,,,,,,,,,,,,,,,,,,,,,,,,,,,,,,,,,,,,,,,,,,
936,0.0795,2.4612672328948975,1.2406738644574612e-05,1.765625,904,,,,,,,,,,,,,,,,,,,,,,,,,,,,,,,,,,,,,,,,,,,,,,,,,,,,,,,,,,,,,,
937,0.0883,1.741028904914856,1.2390686683949799e-05,1.767578125,905,,,,,,,,,,,,,,,,,,,,,,,,,,,,,,,,,,,,,,,,,,,,,,,,,,,,,,,,,,,,,,
938,0.0942,2.784505844116211,1.2374628187278888e-05,1.76953125,906,,,,,,,,,,,,,,,,,,,,,,,,,,,,,,,,,,,,,,,,,,,,,,,,,,,,,,,,,,,,,,
939,0.0888,2.6907196044921875,1.2358563198465184e-05,1.771484375,907,,,,,,,,,,,,,,,,,,,,,,,,,,,,,,,,,,,,,,,,,,,,,,,,,,,,,,,,,,,,,,
940,0.058,1.5102990865707397,1.2342491761429761e-05,1.7734375,908,,,,,,,,,,,,,,,,,,,,,,,,,,,,,,,,,,,,,,,,,,,,,,,,,,,,,,,,,,,,,,
941,0.0978,3.096713066101074,1.2326413920111304e-05,1.775390625,909,,,,,,,,,,,,,,,,,,,,,,,,,,,,,,,,,,,,,,,,,,,,,,,,,,,,,,,,,,,,,,
942,0.0981,2.0688393115997314,1.2310329718466023e-05,1.77734375,910,,,,,,,,,,,,,,,,,,,,,,,,,,,,,,,,,,,,,,,,,,,,,,,,,,,,,,,,,,,,,,
943,0.1179,2.4119091033935547,1.2294239200467516e-05,1.779296875,911,,,,,,,,,,,,,,,,,,,,,,,,,,,,,,,,,,,,,,,,,,,,,,,,,,,,,,,,,,,,,,
944,0.1043,2.4206624031066895,1.227814241010664e-05,1.78125,912,,,,,,,,,,,,,,,,,,,,,,,,,,,,,,,,,,,,,,,,,,,,,,,,,,,,,,,,,,,,,,
945,0.0917,2.620129108428955,1.2262039391391405e-05,1.783203125,913,,,,,,,,,,,,,,,,,,,,,,,,,,,,,,,,,,,,,,,,,,,,,,,,,,,,,,,,,,,,,,
946,0.1045,2.47900128364563,1.2245930188346849e-05,1.78515625,914,,,,,,,,,,,,,,,,,,,,,,,,,,,,,,,,,,,,,,,,,,,,,,,,,,,,,,,,,,,,,,
947,0.0995,2.404900312423706,1.2229814845014918e-05,1.787109375,915,,,,,,,,,,,,,,,,,,,,,,,,,,,,,,,,,,,,,,,,,,,,,,,,,,,,,,,,,,,,,,
948,0.0852,1.96623694896698,1.2213693405454345e-05,1.7890625,916,,,,,,,,,,,,,,,,,,,,,,,,,,,,,,,,,,,,,,,,,,,,,,,,,,,,,,,,,,,,,,
949,0.0907,3.2758305072784424,1.2197565913740531e-05,1.791015625,917,,,,,,,,,,,,,,,,,,,,,,,,,,,,,,,,,,,,,,,,,,,,,,,,,,,,,,,,,,,,,,
950,0.1117,1.9916365146636963,1.2181432413965428e-05,1.79296875,918,,,,,,,,,,,,,,,,,,,,,,,,,,,,,,,,,,,,,,,,,,,,,,,,,,,,,,,,,,,,,,
951,0.068,1.665940523147583,1.21652929502374e-05,1.794921875,919,,,,,,,,,,,,,,,,,,,,,,,,,,,,,,,,,,,,,,,,,,,,,,,,,,,,,,,,,,,,,,
952,0.1073,2.466756820678711,1.2149147566681126e-05,1.796875,920,,,,,,,,,,,,,,,,,,,,,,,,,,,,,,,,,,,,,,,,,,,,,,,,,,,,,,,,,,,,,,
953,0.1022,2.4045701026916504,1.213299630743747e-05,1.798828125,921,,,,,,,,,,,,,,,,,,,,,,,,,,,,,,,,,,,,,,,,,,,,,,,,,,,,,,,,,,,,,,
954,0.0992,1.1939101219177246,1.2116839216663358e-05,1.80078125,922,,,,,,,,,,,,,,,,,,,,,,,,,,,,,,,,,,,,,,,,,,,,,,,,,,,,,,,,,,,,,,
955,0.0855,1.4854995012283325,1.2100676338531661e-05,1.802734375,923,,,,,,,,,,,,,,,,,,,,,,,,,,,,,,,,,,,,,,,,,,,,,,,,,,,,,,,,,,,,,,
956,0.1172,1.9783987998962402,1.2084507717231064e-05,1.8046875,924,,,,,,,,,,,,,,,,,,,,,,,,,,,,,,,,,,,,,,,,,,,,,,,,,,,,,,,,,,,,,,
957,0.0862,2.5882091522216797,1.2068333396965968e-05,1.806640625,925,,,,,,,,,,,,,,,,,,,,,,,,,,,,,,,,,,,,,,,,,,,,,,,,,,,,,,,,,,,,,,
958,0.073,1.3873248100280762,1.2052153421956343e-05,1.80859375,926,,,,,,,,,,,,,,,,,,,,,,,,,,,,,,,,,,,,,,,,,,,,,,,,,,,,,,,,,,,,,,
959,0.1192,1.814631462097168,1.2035967836437625e-05,1.810546875,927,,,,,,,,,,,,,,,,,,,,,,,,,,,,,,,,,,,,,,,,,,,,,,,,,,,,,,,,,,,,,,
960,0.0787,1.7614766359329224,1.2019776684660584e-05,1.8125,928,,,,,,,,,,,,,,,,,,,,,,,,,,,,,,,,,,,,,,,,,,,,,,,,,,,,,,,,,,,,,,
961,0.0784,1.9435306787490845,1.2003580010891214e-05,1.814453125,929,,,,,,,,,,,,,,,,,,,,,,,,,,,,,,,,,,,,,,,,,,,,,,,,,,,,,,,,,,,,,,
962,0.1158,1.5799835920333862,1.1987377859410598e-05,1.81640625,930,,,,,,,,,,,,,,,,,,,,,,,,,,,,,,,,,,,,,,,,,,,,,,,,,,,,,,,,,,,,,,
963,0.1031,2.4412124156951904,1.1971170274514802e-05,1.818359375,931,,,,,,,,,,,,,,,,,,,,,,,,,,,,,,,,,,,,,,,,,,,,,,,,,,,,,,,,,,,,,,
964,0.0628,1.8272322416305542,1.1954957300514749e-05,1.8203125,932,,,,,,,,,,,,,,,,,,,,,,,,,,,,,,,,,,,,,,,,,,,,,,,,,,,,,,,,,,,,,,
965,0.1097,2.017584800720215,1.1938738981736084e-05,1.822265625,933,,,,,,,,,,,,,,,,,,,,,,,,,,,,,,,,,,,,,,,,,,,,,,,,,,,,,,,,,,,,,,
966,0.1079,1.8290044069290161,1.1922515362519072e-05,1.82421875,934,,,,,,,,,,,,,,,,,,,,,,,,,,,,,,,,,,,,,,,,,,,,,,,,,,,,,,,,,,,,,,
967,0.0949,1.4911668300628662,1.190628648721847e-05,1.826171875,935,,,,,,,,,,,,,,,,,,,,,,,,,,,,,,,,,,,,,,,,,,,,,,,,,,,,,,,,,,,,,,
968,0.1018,2.3816254138946533,1.1890052400203405e-05,1.828125,936,,,,,,,,,,,,,,,,,,,,,,,,,,,,,,,,,,,,,,,,,,,,,,,,,,,,,,,,,,,,,,
969,0.0961,1.8444546461105347,1.187381314585725e-05,1.830078125,937,,,,,,,,,,,,,,,,,,,,,,,,,,,,,,,,,,,,,,,,,,,,,,,,,,,,,,,,,,,,,,
970,0.0632,2.517335891723633,1.18575687685775e-05,1.83203125,938,,,,,,,,,,,,,,,,,,,,,,,,,,,,,,,,,,,,,,,,,,,,,,,,,,,,,,,,,,,,,,
971,0.0984,1.6616976261138916,1.1841319312775672e-05,1.833984375,939,,,,,,,,,,,,,,,,,,,,,,,,,,,,,,,,,,,,,,,,,,,,,,,,,,,,,,,,,,,,,,
972,0.0834,3.1252260208129883,1.1825064822877153e-05,1.8359375,940,,,,,,,,,,,,,,,,,,,,,,,,,,,,,,,,,,,,,,,,,,,,,,,,,,,,,,,,,,,,,,
973,0.0785,1.7084559202194214,1.1808805343321102e-05,1.837890625,941,,,,,,,,,,,,,,,,,,,,,,,,,,,,,,,,,,,,,,,,,,,,,,,,,,,,,,,,,,,,,,
974,0.0948,2.870257616043091,1.1792540918560306e-05,1.83984375,942,,,,,,,,,,,,,,,,,,,,,,,,,,,,,,,,,,,,,,,,,,,,,,,,,,,,,,,,,,,,,,
975,0.1102,2.202578544616699,1.1776271593061089e-05,1.841796875,943,,,,,,,,,,,,,,,,,,,,,,,,,,,,,,,,,,,,,,,,,,,,,,,,,,,,,,,,,,,,,,
976,0.1169,2.4543747901916504,1.175999741130316e-05,1.84375,944,,,,,,,,,,,,,,,,,,,,,,,,,,,,,,,,,,,,,,,,,,,,,,,,,,,,,,,,,,,,,,
977,0.1052,2.155839681625366,1.1743718417779518e-05,1.845703125,945,,,,,,,,,,,,,,,,,,,,,,,,,,,,,,,,,,,,,,,,,,,,,,,,,,,,,,,,,,,,,,
978,0.1184,2.0715692043304443,1.1727434656996306e-05,1.84765625,946,,,,,,,,,,,,,,,,,,,,,,,,,,,,,,,,,,,,,,,,,,,,,,,,,,,,,,,,,,,,,,
979,0.0607,1.3391209840774536,1.1711146173472701e-05,1.849609375,947,,,,,,,,,,,,,,,,,,,,,,,,,,,,,,,,,,,,,,,,,,,,,,,,,,,,,,,,,,,,,,
980,0.1014,2.737353563308716,1.1694853011740798e-05,1.8515625,948,,,,,,,,,,,,,,,,,,,,,,,,,,,,,,,,,,,,,,,,,,,,,,,,,,,,,,,,,,,,,,
981,0.0971,2.202910900115967,1.1678555216345478e-05,1.853515625,949,,,,,,,,,,,,,,,,,,,,,,,,,,,,,,,,,,,,,,,,,,,,,,,,,,,,,,,,,,,,,,
982,0.11,2.9324419498443604,1.1662252831844297e-05,1.85546875,950,,,,,,,,,,,,,,,,,,,,,,,,,,,,,,,,,,,,,,,,,,,,,,,,,,,,,,,,,,,,,,
983,0.0938,1.7864123582839966,1.164594590280734e-05,1.857421875,951,,,,,,,,,,,,,,,,,,,,,,,,,,,,,,,,,,,,,,,,,,,,,,,,,,,,,,,,,,,,,,
984,0.137,1.7454769611358643,1.1629634473817138e-05,1.859375,952,,,,,,,,,,,,,,,,,,,,,,,,,,,,,,,,,,,,,,,,,,,,,,,,,,,,,,,,,,,,,,
985,0.0949,1.483396291732788,1.1613318589468512e-05,1.861328125,953,,,,,,,,,,,,,,,,,,,,,,,,,,,,,,,,,,,,,,,,,,,,,,,,,,,,,,,,,,,,,,
986,0.1076,1.3419862985610962,1.1596998294368466e-05,1.86328125,954,,,,,,,,,,,,,,,,,,,,,,,,,,,,,,,,,,,,,,,,,,,,,,,,,,,,,,,,,,,,,,
987,0.1165,2.240293502807617,1.1580673633136066e-05,1.865234375,955,,,,,,,,,,,,,,,,,,,,,,,,,,,,,,,,,,,,,,,,,,,,,,,,,,,,,,,,,,,,,,
988,0.0813,1.6190463304519653,1.156434465040231e-05,1.8671875,956,,,,,,,,,,,,,,,,,,,,,,,,,,,,,,,,,,,,,,,,,,,,,,,,,,,,,,,,,,,,,,
989,0.0722,1.862015724182129,1.1548011390810016e-05,1.869140625,957,,,,,,,,,,,,,,,,,,,,,,,,,,,,,,,,,,,,,,,,,,,,,,,,,,,,,,,,,,,,,,
990,0.0642,1.4862921237945557,1.1531673899013687e-05,1.87109375,958,,,,,,,,,,,,,,,,,,,,,,,,,,,,,,,,,,,,,,,,,,,,,,,,,,,,,,,,,,,,,,
991,0.1396,2.5232062339782715,1.1515332219679405e-05,1.873046875,959,,,,,,,,,,,,,,,,,,,,,,,,,,,,,,,,,,,,,,,,,,,,,,,,,,,,,,,,,,,,,,
992,0.0822,2.0848641395568848,1.14989863974847e-05,1.875,960,,,,,,,,,,,,,,,,,,,,,,,,,,,,,,,,,,,,,,,,,,,,,,,,,,,,,,,,,,,,,,
993,,,,1.875,960,0.07162400335073471,0.9554924242424242,0.9566377782461825,0.9554924242424242,0.9560865701069615,0.9554924242424242,0.9573936601134022,0.9554924242424242,0.9492957746478873,0.9499647639182522,0.9726315789473684,0.9614984391259106,0.9347408829174664,0.9493177387914229,0.9729064039408867,0.9657701711491442,2.6099,880.477,4.598,,,,,,,,,,,,,,,,,,,,,,,,,,,,,,,,,,,,,,,,,,,
994,,,,1.875,960,,,,,,,,,,,,,,,,,,,,0.7936020493507385,0.5315860215053764,0.5228835435593511,0.5315860215053764,0.5241679871042946,0.5315860215053764,0.6849994184584314,0.5315860215053764,0.41309823677581864,0.5719267654751525,0.8226299694189603,0.6120591581342434,0.7035175879396985,0.5471421592574499,0.8007518796992481,0.36040609137055835,6.2404,961.472,5.128,,,,,,,,,,,,,,,,,,,,,,,,
995,,,,1.875,960,,,,,,,,,,,,,,,,,,,,,,,,,,,,,,,,,,,,,,,0.10561775416135788,0.9184027777777778,0.9159081154322143,0.9184027777777778,0.9155771463868311,0.9184027777777778,0.9166246175878972,0.9184027777777778,0.9164677804295943,0.9247441300421432,0.9809782608695652,0.9581950895819509,0.8835978835978836,0.8960429242119384,0.8854545454545455,0.8846503178928247,3.3555,860.086,4.768,,,,,
996,0.0781,1.5131555795669556,1.148263647711842e-05,1.876953125,961,,,,,,,,,,,,,,,,,,,,,,,,,,,,,,,,,,,,,,,,,,,,,,,,,,,,,,,,,,,,,,
997,0.0954,3.2456071376800537,1.1466282503280631e-05,1.87890625,962,,,,,,,,,,,,,,,,,,,,,,,,,,,,,,,,,,,,,,,,,,,,,,,,,,,,,,,,,,,,,,
998,0.0956,1.4308140277862549,1.144992452068246e-05,1.880859375,963,,,,,,,,,,,,,,,,,,,,,,,,,,,,,,,,,,,,,,,,,,,,,,,,,,,,,,,,,,,,,,
999,0.0586,1.4098721742630005,1.143356257404602e-05,1.8828125,964,,,,,,,,,,,,,,,,,,,,,,,,,,,,,,,,,,,,,,,,,,,,,,,,,,,,,,,,,,,,,,
1000,0.0815,2.8518810272216797,1.1417196708104244e-05,1.884765625,965,,,,,,,,,,,,,,,,,,,,,,,,,,,,,,,,,,,,,,,,,,,,,,,,,,,,,,,,,,,,,,
1001,0.0915,2.881361246109009,1.140082696760078e-05,1.88671875,966,,,,,,,,,,,,,,,,,,,,,,,,,,,,,,,,,,,,,,,,,,,,,,,,,,,,,,,,,,,,,,
1002,0.1205,2.201024293899536,1.1384453397289876e-05,1.888671875,967,,,,,,,,,,,,,,,,,,,,,,,,,,,,,,,,,,,,,,,,,,,,,,,,,,,,,,,,,,,,,,
1003,0.105,1.9078023433685303,1.1368076041936252e-05,1.890625,968,,,,,,,,,,,,,,,,,,,,,,,,,,,,,,,,,,,,,,,,,,,,,,,,,,,,,,,,,,,,,,
1004,0.0706,2.0868263244628906,1.135169494631497e-05,1.892578125,969,,,,,,,,,,,,,,,,,,,,,,,,,,,,,,,,,,,,,,,,,,,,,,,,,,,,,,,,,,,,,,
1005,0.0887,2.5893361568450928,1.1335310155211319e-05,1.89453125,970,,,,,,,,,,,,,,,,,,,,,,,,,,,,,,,,,,,,,,,,,,,,,,,,,,,,,,,,,,,,,,
1006,0.0877,2.012136459350586,1.1318921713420691e-05,1.896484375,971,,,,,,,,,,,,,,,,,,,,,,,,,,,,,,,,,,,,,,,,,,,,,,,,,,,,,,,,,,,,,,
1007,0.1068,2.301908016204834,1.130252966574846e-05,1.8984375,972,,,,,,,,,,,,,,,,,,,,,,,,,,,,,,,,,,,,,,,,,,,,,,,,,,,,,,,,,,,,,,
1008,0.1039,2.201028347015381,1.1286134057009862e-05,1.900390625,973,,,,,,,,,,,,,,,,,,,,,,,,,,,,,,,,,,,,,,,,,,,,,,,,,,,,,,,,,,,,,,
1009,0.1244,2.1349616050720215,1.1269734932029864e-05,1.90234375,974,,,,,,,,,,,,,,,,,,,,,,,,,,,,,,,,,,,,,,,,,,,,,,,,,,,,,,,,,,,,,,
1010,0.0782,1.7018945217132568,1.1253332335643043e-05,1.904296875,975,,,,,,,,,,,,,,,,,,,,,,,,,,,,,,,,,,,,,,,,,,,,,,,,,,,,,,,,,,,,,,
1011,0.0777,2.1027843952178955,1.123692631269348e-05,1.90625,976,,,,,,,,,,,,,,,,,,,,,,,,,,,,,,,,,,,,,,,,,,,,,,,,,,,,,,,,,,,,,,
1012,0.0968,1.9786262512207031,1.1220516908034602e-05,1.908203125,977,,,,,,,,,,,,,,,,,,,,,,,,,,,,,,,,,,,,,,,,,,,,,,,,,,,,,,,,,,,,,,
1013,0.1133,2.157294750213623,1.1204104166529111e-05,1.91015625,978,,,,,,,,,,,,,,,,,,,,,,,,,,,,,,,,,,,,,,,,,,,,,,,,,,,,,,,,,,,,,,
1014,0.0779,2.1201188564300537,1.1187688133048801e-05,1.912109375,979,,,,,,,,,,,,,,,,,,,,,,,,,,,,,,,,,,,,,,,,,,,,,,,,,,,,,,,,,,,,,,
1015,0.0922,1.7818975448608398,1.1171268852474492e-05,1.9140625,980,,,,,,,,,,,,,,,,,,,,,,,,,,,,,,,,,,,,,,,,,,,,,,,,,,,,,,,,,,,,,,
1016,0.1025,2.0744435787200928,1.1154846369695864e-05,1.916015625,981,,,,,,,,,,,,,,,,,,,,,,,,,,,,,,,,,,,,,,,,,,,,,,,,,,,,,,,,,,,,,,
1017,0.0897,2.1472008228302,1.1138420729611355e-05,1.91796875,982,,,,,,,,,,,,,,,,,,,,,,,,,,,,,,,,,,,,,,,,,,,,,,,,,,,,,,,,,,,,,,
1018,0.0687,1.1512681245803833,1.1121991977128046e-05,1.919921875,983,,,,,,,,,,,,,,,,,,,,,,,,,,,,,,,,,,,,,,,,,,,,,,,,,,,,,,,,,,,,,,
1019,0.1324,2.2004125118255615,1.1105560157161512e-05,1.921875,984,,,,,,,,,,,,,,,,,,,,,,,,,,,,,,,,,,,,,,,,,,,,,,,,,,,,,,,,,,,,,,
1020,0.082,2.375149726867676,1.1089125314635727e-05,1.923828125,985,,,,,,,,,,,,,,,,,,,,,,,,,,,,,,,,,,,,,,,,,,,,,,,,,,,,,,,,,,,,,,
1021,0.1271,2.132190227508545,1.107268749448292e-05,1.92578125,986,,,,,,,,,,,,,,,,,,,,,,,,,,,,,,,,,,,,,,,,,,,,,,,,,,,,,,,,,,,,,,
1022,0.0964,1.8470104932785034,1.105624674164346e-05,1.927734375,987,,,,,,,,,,,,,,,,,,,,,,,,,,,,,,,,,,,,,,,,,,,,,,,,,,,,,,,,,,,,,,
1023,0.0924,2.2447972297668457,1.1039803101065742e-05,1.9296875,988,,,,,,,,,,,,,,,,,,,,,,,,,,,,,,,,,,,,,,,,,,,,,,,,,,,,,,,,,,,,,,
1024,0.095,1.75552499294281,1.1023356617706051e-05,1.931640625,989,,,,,,,,,,,,,,,,,,,,,,,,,,,,,,,,,,,,,,,,,,,,,,,,,,,,,,,,,,,,,,
1025,0.122,1.7982200384140015,1.1006907336528445e-05,1.93359375,990,,,,,,,,,,,,,,,,,,,,,,,,,,,,,,,,,,,,,,,,,,,,,,,,,,,,,,,,,,,,,,
1026,0.1217,1.8593144416809082,1.099045530250463e-05,1.935546875,991,,,,,,,,,,,,,,,,,,,,,,,,,,,,,,,,,,,,,,,,,,,,,,,,,,,,,,,,,,,,,,
1027,0.1024,1.915228009223938,1.0974000560613835e-05,1.9375,992,,,,,,,,,,,,,,,,,,,,,,,,,,,,,,,,,,,,,,,,,,,,,,,,,,,,,,,,,,,,,,
1028,0.1087,1.593265175819397,1.0957543155842703e-05,1.939453125,993,,,,,,,,,,,,,,,,,,,,,,,,,,,,,,,,,,,,,,,,,,,,,,,,,,,,,,,,,,,,,,
1029,0.0996,1.9723870754241943,1.0941083133185146e-05,1.94140625,994,,,,,,,,,,,,,,,,,,,,,,,,,,,,,,,,,,,,,,,,,,,,,,,,,,,,,,,,,,,,,,
1030,0.0618,1.2887730598449707,1.0924620537642237e-05,1.943359375,995,,,,,,,,,,,,,,,,,,,,,,,,,,,,,,,,,,,,,,,,,,,,,,,,,,,,,,,,,,,,,,
1031,0.1043,1.874849557876587,1.0908155414222083e-05,1.9453125,996,,,,,,,,,,,,,,,,,,,,,,,,,,,,,,,,,,,,,,,,,,,,,,,,,,,,,,,,,,,,,,
1032,0.1143,2.095986843109131,1.0891687807939707e-05,1.947265625,997,,,,,,,,,,,,,,,,,,,,,,,,,,,,,,,,,,,,,,,,,,,,,,,,,,,,,,,,,,,,,,
1033,0.1041,1.7322543859481812,1.0875217763816912e-05,1.94921875,998,,,,,,,,,,,,,,,,,,,,,,,,,,,,,,,,,,,,,,,,,,,,,,,,,,,,,,,,,,,,,,
1034,0.0773,1.7559679746627808,1.0858745326882172e-05,1.951171875,999,,,,,,,,,,,,,,,,,,,,,,,,,,,,,,,,,,,,,,,,,,,,,,,,,,,,,,,,,,,,,,
1035,0.0568,1.4585586786270142,1.0842270542170498e-05,1.953125,1000,,,,,,,,,,,,,,,,,,,,,,,,,,,,,,,,,,,,,,,,,,,,,,,,,,,,,,,,,,,,,,
1036,0.0712,2.3103723526000977,1.0825793454723325e-05,1.955078125,1001,,,,,,,,,,,,,,,,,,,,,,,,,,,,,,,,,,,,,,,,,,,,,,,,,,,,,,,,,,,,,,
1037,0.0792,2.5290896892547607,1.0809314109588377e-05,1.95703125,1002,,,,,,,,,,,,,,,,,,,,,,,,,,,,,,,,,,,,,,,,,,,,,,,,,,,,,,,,,,,,,,
1038,0.1052,1.6740915775299072,1.0792832551819558e-05,1.958984375,1003,,,,,,,,,,,,,,,,,,,,,,,,,,,,,,,,,,,,,,,,,,,,,,,,,,,,,,,,,,,,,,
1039,0.1065,1.5831999778747559,1.0776348826476821e-05,1.9609375,1004,,,,,,,,,,,,,,,,,,,,,,,,,,,,,,,,,,,,,,,,,,,,,,,,,,,,,,,,,,,,,,
1040,0.1086,2.299539089202881,1.0759862978626032e-05,1.962890625,1005,,,,,,,,,,,,,,,,,,,,,,,,,,,,,,,,,,,,,,,,,,,,,,,,,,,,,,,,,,,,,,
1041,0.0913,2.2153139114379883,1.0743375053338879e-05,1.96484375,1006,,,,,,,,,,,,,,,,,,,,,,,,,,,,,,,,,,,,,,,,,,,,,,,,,,,,,,,,,,,,,,
1042,0.1076,2.3366339206695557,1.0726885095692712e-05,1.966796875,1007,,,,,,,,,,,,,,,,,,,,,,,,,,,,,,,,,,,,,,,,,,,,,,,,,,,,,,,,,,,,,,
1043,0.0938,2.295494318008423,1.0710393150770451e-05,1.96875,1008,,,,,,,,,,,,,,,,,,,,,,,,,,,,,,,,,,,,,,,,,,,,,,,,,,,,,,,,,,,,,,
1044,0.0885,3.049889087677002,1.0693899263660442e-05,1.970703125,1009,,,,,,,,,,,,,,,,,,,,,,,,,,,,,,,,,,,,,,,,,,,,,,,,,,,,,,,,,,,,,,
1045,0.0584,2.340430498123169,1.067740347945634e-05,1.97265625,1010,,,,,,,,,,,,,,,,,,,,,,,,,,,,,,,,,,,,,,,,,,,,,,,,,,,,,,,,,,,,,,
1046,0.0582,1.2198342084884644,1.0660905843256995e-05,1.974609375,1011,,,,,,,,,,,,,,,,,,,,,,,,,,,,,,,,,,,,,,,,,,,,,,,,,,,,,,,,,,,,,,
1047,0.1233,2.1808218955993652,1.0644406400166309e-05,1.9765625,1012,,,,,,,,,,,,,,,,,,,,,,,,,,,,,,,,,,,,,,,,,,,,,,,,,,,,,,,,,,,,,,
1048,0.0884,3.013308525085449,1.0627905195293135e-05,1.978515625,1013,,,,,,,,,,,,,,,,,,,,,,,,,,,,,,,,,,,,,,,,,,,,,,,,,,,,,,,,,,,,,,
1049,0.1003,2.7488656044006348,1.0611402273751132e-05,1.98046875,1014,,,,,,,,,,,,,,,,,,,,,,,,,,,,,,,,,,,,,,,,,,,,,,,,,,,,,,,,,,,,,,
1050,0.1198,3.2007527351379395,1.0594897680658657e-05,1.982421875,1015,,,,,,,,,,,,,,,,,,,,,,,,,,,,,,,,,,,,,,,,,,,,,,,,,,,,,,,,,,,,,,
1051,0.1202,2.104952812194824,1.0578391461138642e-05,1.984375,1016,,,,,,,,,,,,,,,,,,,,,,,,,,,,,,,,,,,,,,,,,,,,,,,,,,,,,,,,,,,,,,
1052,0.1011,2.3937926292419434,1.0561883660318456e-05,1.986328125,1017,,,,,,,,,,,,,,,,,,,,,,,,,,,,,,,,,,,,,,,,,,,,,,,,,,,,,,,,,,,,,,
1053,0.0678,2.0310893058776855,1.05453743233298e-05,1.98828125,1018,,,,,,,,,,,,,,,,,,,,,,,,,,,,,,,,,,,,,,,,,,,,,,,,,,,,,,,,,,,,,,
1054,0.0662,1.6749316453933716,1.0528863495308568e-05,1.990234375,1019,,,,,,,,,,,,,,,,,,,,,,,,,,,,,,,,,,,,,,,,,,,,,,,,,,,,,,,,,,,,,,
1055,0.0862,2.85188627243042,1.0512351221394731e-05,1.9921875,1020,,,,,,,,,,,,,,,,,,,,,,,,,,,,,,,,,,,,,,,,,,,,,,,,,,,,,,,,,,,,,,
1056,0.0961,2.715163469314575,1.0495837546732224e-05,1.994140625,1021,,,,,,,,,,,,,,,,,,,,,,,,,,,,,,,,,,,,,,,,,,,,,,,,,,,,,,,,,,,,,,
1057,0.0803,1.846651554107666,1.0479322516468797e-05,1.99609375,1022,,,,,,,,,,,,,,,,,,,,,,,,,,,,,,,,,,,,,,,,,,,,,,,,,,,,,,,,,,,,,,
1058,0.1098,2.5131380558013916,1.046280617575591e-05,1.998046875,1023,,,,,,,,,,,,,,,,,,,,,,,,,,,,,,,,,,,,,,,,,,,,,,,,,,,,,,,,,,,,,,
1059,0.0739,1.9090149402618408,1.0446288569748613e-05,2.0,1024,,,,,,,,,,,,,,,,,,,,,,,,,,,,,,,,,,,,,,,,,,,,,,,,,,,,,,,,,,,,,,
1060,0.0753,1.731985092163086,1.0429769743605406e-05,2.001953125,1025,,,,,,,,,,,,,,,,,,,,,,,,,,,,,,,,,,,,,,,,,,,,,,,,,,,,,,,,,,,,,,
1061,0.077,1.4028738737106323,1.0413249742488132e-05,2.00390625,1026,,,,,,,,,,,,,,,,,,,,,,,,,,,,,,,,,,,,,,,,,,,,,,,,,,,,,,,,,,,,,,
1062,0.06,2.6044135093688965,1.0396728611561843e-05,2.005859375,1027,,,,,,,,,,,,,,,,,,,,,,,,,,,,,,,,,,,,,,,,,,,,,,,,,,,,,,,,,,,,,,
1063,0.0728,1.6583831310272217,1.0380206395994678e-05,2.0078125,1028,,,,,,,,,,,,,,,,,,,,,,,,,,,,,,,,,,,,,,,,,,,,,,,,,,,,,,,,,,,,,,
1064,0.074,1.3357356786727905,1.0363683140957745e-05,2.009765625,1029,,,,,,,,,,,,,,,,,,,,,,,,,,,,,,,,,,,,,,,,,,,,,,,,,,,,,,,,,,,,,,
1065,0.0948,2.069387435913086,1.0347158891624992e-05,2.01171875,1030,,,,,,,,,,,,,,,,,,,,,,,,,,,,,,,,,,,,,,,,,,,,,,,,,,,,,,,,,,,,,,
1066,0.025,0.8552595376968384,1.0330633693173083e-05,2.013671875,1031,,,,,,,,,,,,,,,,,,,,,,,,,,,,,,,,,,,,,,,,,,,,,,,,,,,,,,,,,,,,,,
1067,0.0769,1.7485824823379517,1.0314107590781284e-05,2.015625,1032,,,,,,,,,,,,,,,,,,,,,,,,,,,,,,,,,,,,,,,,,,,,,,,,,,,,,,,,,,,,,,
1068,0.0963,2.048912525177002,1.0297580629631324e-05,2.017578125,1033,,,,,,,,,,,,,,,,,,,,,,,,,,,,,,,,,,,,,,,,,,,,,,,,,,,,,,,,,,,,,,
1069,0.0814,1.5901111364364624,1.028105285490729e-05,2.01953125,1034,,,,,,,,,,,,,,,,,,,,,,,,,,,,,,,,,,,,,,,,,,,,,,,,,,,,,,,,,,,,,,
1070,0.0946,1.9534223079681396,1.0264524311795478e-05,2.021484375,1035,,,,,,,,,,,,,,,,,,,,,,,,,,,,,,,,,,,,,,,,,,,,,,,,,,,,,,,,,,,,,,
1071,0.0903,1.9906325340270996,1.0247995045484303e-05,2.0234375,1036,,,,,,,,,,,,,,,,,,,,,,,,,,,,,,,,,,,,,,,,,,,,,,,,,,,,,,,,,,,,,,
1072,0.0913,1.7425669431686401,1.023146510116414e-05,2.025390625,1037,,,,,,,,,,,,,,,,,,,,,,,,,,,,,,,,,,,,,,,,,,,,,,,,,,,,,,,,,,,,,,
1073,0.0732,1.94796884059906,1.0214934524027228e-05,2.02734375,1038,,,,,,,,,,,,,,,,,,,,,,,,,,,,,,,,,,,,,,,,,,,,,,,,,,,,,,,,,,,,,,
1074,0.0938,1.9986697435379028,1.0198403359267538e-05,2.029296875,1039,,,,,,,,,,,,,,,,,,,,,,,,,,,,,,,,,,,,,,,,,,,,,,,,,,,,,,,,,,,,,,
1075,0.0692,1.3599193096160889,1.0181871652080637e-05,2.03125,1040,,,,,,,,,,,,,,,,,,,,,,,,,,,,,,,,,,,,,,,,,,,,,,,,,,,,,,,,,,,,,,
1076,,,,2.03125,1040,0.07028573751449585,0.953125,0.954310755015256,0.953125,0.9548783135832777,0.953125,0.9538512267285414,0.953125,0.953257790368272,0.9465541490857947,0.9604166666666667,0.9604166666666667,0.935546875,0.9475766567754698,0.966183574879227,0.9626955475330926,2.6386,870.905,4.548,,,,,,,,,,,,,,,,,,,,,,,,,,,,,,,,,,,,,,,,,,,
1077,,,,2.03125,1040,,,,,,,,,,,,,,,,,,,,0.7766010165214539,0.5448588709677419,0.5326084092643691,0.5448588709677419,0.5274168637874467,0.5448588709677419,0.6887663673243507,0.5448588709677419,0.4334677419354839,0.589041095890411,0.8192955589586524,0.6213704994192799,0.7056603773584905,0.5475841874084919,0.7966417910447762,0.3724378543392935,6.3008,952.261,5.079,,,,,,,,,,,,,,,,,,,,,,,,
1078,,,,2.03125,1040,,,,,,,,,,,,,,,,,,,,,,,,,,,,,,,,,,,,,,,0.10549034178256989,0.9201388888888888,0.9178549891385186,0.9201388888888888,0.917345457811614,0.9201388888888888,0.918446318656043,0.9201388888888888,0.9282296650717703,0.927120669056153,0.9592391304347826,0.9605442176870749,0.8919631093544137,0.899070385126162,0.8943533697632058,0.8846846846846846,3.3664,857.283,4.753,,,,,
1079,0.0582,1.9373574256896973,1.0165339447663586e-05,2.033203125,1041,,,,,,,,,,,,,,,,,,,,,,,,,,,,,,,,,,,,,,,,,,,,,,,,,,,,,,,,,,,,,,
1080,0.0764,2.3503620624542236,1.0148806791214797e-05,2.03515625,1042,,,,,,,,,,,,,,,,,,,,,,,,,,,,,,,,,,,,,,,,,,,,,,,,,,,,,,,,,,,,,,
1081,0.058,1.4014300107955933,1.0132273727933925e-05,2.037109375,1043,,,,,,,,,,,,,,,,,,,,,,,,,,,,,,,,,,,,,,,,,,,,,,,,,,,,,,,,,,,,,,
1082,0.053,1.4423792362213135,1.0115740303021729e-05,2.0390625,1044,,,,,,,,,,,,,,,,,,,,,,,,,,,,,,,,,,,,,,,,,,,,,,,,,,,,,,,,,,,,,,
1083,0.0863,2.1146504878997803,1.0099206561679964e-05,2.041015625,1045,,,,,,,,,,,,,,,,,,,,,,,,,,,,,,,,,,,,,,,,,,,,,,,,,,,,,,,,,,,,,,
1084,0.0948,3.1253087520599365,1.008267254911125e-05,2.04296875,1046,,,,,,,,,,,,,,,,,,,,,,,,,,,,,,,,,,,,,,,,,,,,,,,,,,,,,,,,,,,,,,
1085,0.0957,2.472557306289673,1.0066138310518942e-05,2.044921875,1047,,,,,,,,,,,,,,,,,,,,,,,,,,,,,,,,,,,,,,,,,,,,,,,,,,,,,,,,,,,,,,
1086,0.0612,1.5983197689056396,1.004960389110702e-05,2.046875,1048,,,,,,,,,,,,,,,,,,,,,,,,,,,,,,,,,,,,,,,,,,,,,,,,,,,,,,,,,,,,,,
1087,0.0678,1.7479969263076782,1.0033069336079952e-05,2.048828125,1049,,,,,,,,,,,,,,,,,,,,,,,,,,,,,,,,,,,,,,,,,,,,,,,,,,,,,,,,,,,,,,
1088,0.0768,1.3883885145187378,1.0016534690642584e-05,2.05078125,1050,,,,,,,,,,,,,,,,,,,,,,,,,,,,,,,,,,,,,,,,,,,,,,,,,,,,,,,,,,,,,,
1089,0.1047,1.5961452722549438,1e-05,2.052734375,1051,,,,,,,,,,,,,,,,,,,,,,,,,,,,,,,,,,,,,,,,,,,,,,,,,,,,,,,,,,,,,,
1090,0.0917,2.1851394176483154,9.983465309357418e-06,2.0546875,1052,,,,,,,,,,,,,,,,,,,,,,,,,,,,,,,,,,,,,,,,,,,,,,,,,,,,,,,,,,,,,,
1091,0.0722,1.641728162765503,9.96693066392005e-06,2.056640625,1053,,,,,,,,,,,,,,,,,,,,,,,,,,,,,,,,,,,,,,,,,,,,,,,,,,,,,,,,,,,,,,
1092,0.0539,1.5496841669082642,9.950396108892983e-06,2.05859375,1054,,,,,,,,,,,,,,,,,,,,,,,,,,,,,,,,,,,,,,,,,,,,,,,,,,,,,,,,,,,,,,
1093,0.1017,2.094683885574341,9.93386168948106e-06,2.060546875,1055,,,,,,,,,,,,,,,,,,,,,,,,,,,,,,,,,,,,,,,,,,,,,,,,,,,,,,,,,,,,,,
1094,0.0938,1.4586857557296753,9.917327450888751e-06,2.0625,1056,,,,,,,,,,,,,,,,,,,,,,,,,,,,,,,,,,,,,,,,,,,,,,,,,,,,,,,,,,,,,,
1095,0.089,2.5914645195007324,9.900793438320037e-06,2.064453125,1057,,,,,,,,,,,,,,,,,,,,,,,,,,,,,,,,,,,,,,,,,,,,,,,,,,,,,,,,,,,,,,
1096,0.0703,1.8664770126342773,9.884259696978275e-06,2.06640625,1058,,,,,,,,,,,,,,,,,,,,,,,,,,,,,,,,,,,,,,,,,,,,,,,,,,,,,,,,,,,,,,
1097,0.0828,1.8955470323562622,9.86772627206608e-06,2.068359375,1059,,,,,,,,,,,,,,,,,,,,,,,,,,,,,,,,,,,,,,,,,,,,,,,,,,,,,,,,,,,,,,
1098,0.0723,1.7272979021072388,9.851193208785206e-06,2.0703125,1060,,,,,,,,,,,,,,,,,,,,,,,,,,,,,,,,,,,,,,,,,,,,,,,,,,,,,,,,,,,,,,
1099,0.1029,3.283216953277588,9.834660552336415e-06,2.072265625,1061,,,,,,,,,,,,,,,,,,,,,,,,,,,,,,,,,,,,,,,,,,,,,,,,,,,,,,,,,,,,,,
1100,0.0876,1.9369553327560425,9.818128347919364e-06,2.07421875,1062,,,,,,,,,,,,,,,,,,,,,,,,,,,,,,,,,,,,,,,,,,,,,,,,,,,,,,,,,,,,,,
1101,0.0899,1.9826607704162598,9.801596640732466e-06,2.076171875,1063,,,,,,,,,,,,,,,,,,,,,,,,,,,,,,,,,,,,,,,,,,,,,,,,,,,,,,,,,,,,,,
1102,0.0445,1.4257862567901611,9.785065475972773e-06,2.078125,1064,,,,,,,,,,,,,,,,,,,,,,,,,,,,,,,,,,,,,,,,,,,,,,,,,,,,,,,,,,,,,,
1103,0.0724,2.099909782409668,9.768534898835864e-06,2.080078125,1065,,,,,,,,,,,,,,,,,,,,,,,,,,,,,,,,,,,,,,,,,,,,,,,,,,,,,,,,,,,,,,
1104,0.0826,2.2018749713897705,9.7520049545157e-06,2.08203125,1066,,,,,,,,,,,,,,,,,,,,,,,,,,,,,,,,,,,,,,,,,,,,,,,,,,,,,,,,,,,,,,
1105,0.0975,2.340463399887085,9.735475688204522e-06,2.083984375,1067,,,,,,,,,,,,,,,,,,,,,,,,,,,,,,,,,,,,,,,,,,,,,,,,,,,,,,,,,,,,,,
1106,0.079,1.9580281972885132,9.718947145092715e-06,2.0859375,1068,,,,,,,,,,,,,,,,,,,,,,,,,,,,,,,,,,,,,,,,,,,,,,,,,,,,,,,,,,,,,,
1107,0.0795,1.3909910917282104,9.702419370368677e-06,2.087890625,1069,,,,,,,,,,,,,,,,,,,,,,,,,,,,,,,,,,,,,,,,,,,,,,,,,,,,,,,,,,,,,,
1108,0.068,1.4861159324645996,9.685892409218718e-06,2.08984375,1070,,,,,,,,,,,,,,,,,,,,,,,,,,,,,,,,,,,,,,,,,,,,,,,,,,,,,,,,,,,,,,
1109,0.0566,1.4835554361343384,9.669366306826919e-06,2.091796875,1071,,,,,,,,,,,,,,,,,,,,,,,,,,,,,,,,,,,,,,,,,,,,,,,,,,,,,,,,,,,,,,
1110,0.0547,2.323204278945923,9.652841108375013e-06,2.09375,1072,,,,,,,,,,,,,,,,,,,,,,,,,,,,,,,,,,,,,,,,,,,,,,,,,,,,,,,,,,,,,,
1111,0.0481,2.387758493423462,9.636316859042258e-06,2.095703125,1073,,,,,,,,,,,,,,,,,,,,,,,,,,,,,,,,,,,,,,,,,,,,,,,,,,,,,,,,,,,,,,
1112,0.0878,1.6037352085113525,9.619793604005323e-06,2.09765625,1074,,,,,,,,,,,,,,,,,,,,,,,,,,,,,,,,,,,,,,,,,,,,,,,,,,,,,,,,,,,,,,
1113,0.0723,3.1140902042388916,9.603271388438158e-06,2.099609375,1075,,,,,,,,,,,,,,,,,,,,,,,,,,,,,,,,,,,,,,,,,,,,,,,,,,,,,,,,,,,,,,
1114,0.0982,2.3015832901000977,9.586750257511868e-06,2.1015625,1076,,,,,,,,,,,,,,,,,,,,,,,,,,,,,,,,,,,,,,,,,,,,,,,,,,,,,,,,,,,,,,
1115,0.0767,2.05690598487854,9.570230256394595e-06,2.103515625,1077,,,,,,,,,,,,,,,,,,,,,,,,,,,,,,,,,,,,,,,,,,,,,,,,,,,,,,,,,,,,,,
1116,0.0704,1.3723289966583252,9.553711430251388e-06,2.10546875,1078,,,,,,,,,,,,,,,,,,,,,,,,,,,,,,,,,,,,,,,,,,,,,,,,,,,,,,,,,,,,,,
1117,0.1186,2.001333713531494,9.537193824244092e-06,2.107421875,1079,,,,,,,,,,,,,,,,,,,,,,,,,,,,,,,,,,,,,,,,,,,,,,,,,,,,,,,,,,,,,,
1118,0.107,2.5772390365600586,9.520677483531205e-06,2.109375,1080,,,,,,,,,,,,,,,,,,,,,,,,,,,,,,,,,,,,,,,,,,,,,,,,,,,,,,,,,,,,,,
1119,0.1343,3.125990152359009,9.504162453267776e-06,2.111328125,1081,,,,,,,,,,,,,,,,,,,,,,,,,,,,,,,,,,,,,,,,,,,,,,,,,,,,,,,,,,,,,,
1120,0.0741,2.1119167804718018,9.48764877860527e-06,2.11328125,1082,,,,,,,,,,,,,,,,,,,,,,,,,,,,,,,,,,,,,,,,,,,,,,,,,,,,,,,,,,,,,,
1121,0.0686,1.744954228401184,9.471136504691436e-06,2.115234375,1083,,,,,,,,,,,,,,,,,,,,,,,,,,,,,,,,,,,,,,,,,,,,,,,,,,,,,,,,,,,,,,
1122,0.1024,1.6079245805740356,9.454625676670203e-06,2.1171875,1084,,,,,,,,,,,,,,,,,,,,,,,,,,,,,,,,,,,,,,,,,,,,,,,,,,,,,,,,,,,,,,
1123,0.0718,1.9859619140625,9.438116339681546e-06,2.119140625,1085,,,,,,,,,,,,,,,,,,,,,,,,,,,,,,,,,,,,,,,,,,,,,,,,,,,,,,,,,,,,,,
1124,0.0668,2.0575902462005615,9.421608538861361e-06,2.12109375,1086,,,,,,,,,,,,,,,,,,,,,,,,,,,,,,,,,,,,,,,,,,,,,,,,,,,,,,,,,,,,,,
1125,0.067,1.5366345643997192,9.405102319341345e-06,2.123046875,1087,,,,,,,,,,,,,,,,,,,,,,,,,,,,,,,,,,,,,,,,,,,,,,,,,,,,,,,,,,,,,,
1126,0.0796,1.7661664485931396,9.38859772624887e-06,2.125,1088,,,,,,,,,,,,,,,,,,,,,,,,,,,,,,,,,,,,,,,,,,,,,,,,,,,,,,,,,,,,,,
1127,0.0623,1.9014276266098022,9.372094804706867e-06,2.126953125,1089,,,,,,,,,,,,,,,,,,,,,,,,,,,,,,,,,,,,,,,,,,,,,,,,,,,,,,,,,,,,,,
1128,0.092,2.1447110176086426,9.35559359983369e-06,2.12890625,1090,,,,,,,,,,,,,,,,,,,,,,,,,,,,,,,,,,,,,,,,,,,,,,,,,,,,,,,,,,,,,,
1129,0.0844,2.632988214492798,9.339094156743007e-06,2.130859375,1091,,,,,,,,,,,,,,,,,,,,,,,,,,,,,,,,,,,,,,,,,,,,,,,,,,,,,,,,,,,,,,
1130,0.0783,1.37076997756958,9.322596520543661e-06,2.1328125,1092,,,,,,,,,,,,,,,,,,,,,,,,,,,,,,,,,,,,,,,,,,,,,,,,,,,,,,,,,,,,,,
1131,0.1039,2.9040374755859375,9.30610073633956e-06,2.134765625,1093,,,,,,,,,,,,,,,,,,,,,,,,,,,,,,,,,,,,,,,,,,,,,,,,,,,,,,,,,,,,,,
1132,0.103,2.2944488525390625,9.28960684922955e-06,2.13671875,1094,,,,,,,,,,,,,,,,,,,,,,,,,,,,,,,,,,,,,,,,,,,,,,,,,,,,,,,,,,,,,,
1133,0.0696,2.019986391067505,9.27311490430729e-06,2.138671875,1095,,,,,,,,,,,,,,,,,,,,,,,,,,,,,,,,,,,,,,,,,,,,,,,,,,,,,,,,,,,,,,
1134,0.0877,1.557979941368103,9.256624946661126e-06,2.140625,1096,,,,,,,,,,,,,,,,,,,,,,,,,,,,,,,,,,,,,,,,,,,,,,,,,,,,,,,,,,,,,,
1135,0.0783,2.5912811756134033,9.24013702137397e-06,2.142578125,1097,,,,,,,,,,,,,,,,,,,,,,,,,,,,,,,,,,,,,,,,,,,,,,,,,,,,,,,,,,,,,,
1136,0.0865,2.2272982597351074,9.223651173523182e-06,2.14453125,1098,,,,,,,,,,,,,,,,,,,,,,,,,,,,,,,,,,,,,,,,,,,,,,,,,,,,,,,,,,,,,,
1137,0.0797,1.682026982307434,9.20716744818044e-06,2.146484375,1099,,,,,,,,,,,,,,,,,,,,,,,,,,,,,,,,,,,,,,,,,,,,,,,,,,,,,,,,,,,,,,
1138,0.0764,2.5981526374816895,9.190685890411628e-06,2.1484375,1100,,,,,,,,,,,,,,,,,,,,,,,,,,,,,,,,,,,,,,,,,,,,,,,,,,,,,,,,,,,,,,
1139,0.1037,2.1348230838775635,9.174206545276678e-06,2.150390625,1101,,,,,,,,,,,,,,,,,,,,,,,,,,,,,,,,,,,,,,,,,,,,,,,,,,,,,,,,,,,,,,
1140,0.0606,1.5374101400375366,9.157729457829504e-06,2.15234375,1102,,,,,,,,,,,,,,,,,,,,,,,,,,,,,,,,,,,,,,,,,,,,,,,,,,,,,,,,,,,,,,
1141,0.0628,1.9768582582473755,9.14125467311783e-06,2.154296875,1103,,,,,,,,,,,,,,,,,,,,,,,,,,,,,,,,,,,,,,,,,,,,,,,,,,,,,,,,,,,,,,
1142,0.1045,2.2726080417633057,9.124782236183088e-06,2.15625,1104,,,,,,,,,,,,,,,,,,,,,,,,,,,,,,,,,,,,,,,,,,,,,,,,,,,,,,,,,,,,,,
1143,0.0748,2.0481204986572266,9.108312192060298e-06,2.158203125,1105,,,,,,,,,,,,,,,,,,,,,,,,,,,,,,,,,,,,,,,,,,,,,,,,,,,,,,,,,,,,,,
1144,0.0517,1.491684079170227,9.091844585777919e-06,2.16015625,1106,,,,,,,,,,,,,,,,,,,,,,,,,,,,,,,,,,,,,,,,,,,,,,,,,,,,,,,,,,,,,,
1145,0.1127,2.0464043617248535,9.075379462357766e-06,2.162109375,1107,,,,,,,,,,,,,,,,,,,,,,,,,,,,,,,,,,,,,,,,,,,,,,,,,,,,,,,,,,,,,,
1146,0.0787,2.517047643661499,9.058916866814857e-06,2.1640625,1108,,,,,,,,,,,,,,,,,,,,,,,,,,,,,,,,,,,,,,,,,,,,,,,,,,,,,,,,,,,,,,
1147,0.0823,2.3759512901306152,9.042456844157299e-06,2.166015625,1109,,,,,,,,,,,,,,,,,,,,,,,,,,,,,,,,,,,,,,,,,,,,,,,,,,,,,,,,,,,,,,
1148,0.0801,2.9604454040527344,9.02599943938617e-06,2.16796875,1110,,,,,,,,,,,,,,,,,,,,,,,,,,,,,,,,,,,,,,,,,,,,,,,,,,,,,,,,,,,,,,
1149,0.0865,2.387749195098877,9.009544697495373e-06,2.169921875,1111,,,,,,,,,,,,,,,,,,,,,,,,,,,,,,,,,,,,,,,,,,,,,,,,,,,,,,,,,,,,,,
1150,0.0703,1.6615726947784424,8.993092663471556e-06,2.171875,1112,,,,,,,,,,,,,,,,,,,,,,,,,,,,,,,,,,,,,,,,,,,,,,,,,,,,,,,,,,,,,,
1151,0.0698,2.137479782104492,8.97664338229395e-06,2.173828125,1113,,,,,,,,,,,,,,,,,,,,,,,,,,,,,,,,,,,,,,,,,,,,,,,,,,,,,,,,,,,,,,
1152,0.1031,2.7194876670837402,8.960196898934264e-06,2.17578125,1114,,,,,,,,,,,,,,,,,,,,,,,,,,,,,,,,,,,,,,,,,,,,,,,,,,,,,,,,,,,,,,
1153,0.1244,4.80944299697876,8.943753258356545e-06,2.177734375,1115,,,,,,,,,,,,,,,,,,,,,,,,,,,,,,,,,,,,,,,,,,,,,,,,,,,,,,,,,,,,,,
1154,0.0736,1.4901081323623657,8.927312505517086e-06,2.1796875,1116,,,,,,,,,,,,,,,,,,,,,,,,,,,,,,,,,,,,,,,,,,,,,,,,,,,,,,,,,,,,,,
1155,0.0471,1.859514832496643,8.910874685364275e-06,2.181640625,1117,,,,,,,,,,,,,,,,,,,,,,,,,,,,,,,,,,,,,,,,,,,,,,,,,,,,,,,,,,,,,,
1156,0.0837,1.4289568662643433,8.894439842838488e-06,2.18359375,1118,,,,,,,,,,,,,,,,,,,,,,,,,,,,,,,,,,,,,,,,,,,,,,,,,,,,,,,,,,,,,,
1157,0.0759,1.8206766843795776,8.878008022871959e-06,2.185546875,1119,,,,,,,,,,,,,,,,,,,,,,,,,,,,,,,,,,,,,,,,,,,,,,,,,,,,,,,,,,,,,,
1158,0.1155,3.0836985111236572,8.861579270388649e-06,2.1875,1120,,,,,,,,,,,,,,,,,,,,,,,,,,,,,,,,,,,,,,,,,,,,,,,,,,,,,,,,,,,,,,
1159,,,,2.1875,1120,0.07375584542751312,0.9507575757575758,0.9517940786335759,0.9507575757575758,0.9521430902165097,0.9507575757575758,0.9516894358818316,0.9507575757575758,0.942008486562942,0.9473684210526316,0.9604166666666667,0.9614181438998958,0.9548133595284872,0.9373191899710704,0.9495192307692307,0.9610705596107055,2.615,878.772,4.589,,,,,,,,,,,,,,,,,,,,,,,,,,,,,,,,,,,,,,,,,,,
1160,,,,2.1875,1120,,,,,,,,,,,,,,,,,,,,0.858083188533783,0.5337701612903226,0.525855828008933,0.5337701612903226,0.5260794334630725,0.5337701612903226,0.6931215243192251,0.5337701612903226,0.402571212503151,0.563613905064408,0.7993874425727412,0.6199524940617577,0.8308270676691729,0.5541161721688257,0.7397003745318352,0.36574074074074076,6.281,955.268,5.095,,,,,,,,,,,,,,,,,,,,,,,,
1161,,,,2.1875,1120,,,,,,,,,,,,,,,,,,,,,,,,,,,,,,,,,,,,,,,0.10773713886737823,0.9215277777777777,0.9191833772861318,0.9215277777777777,0.9206581353652156,0.9215277777777777,0.9180903316189601,0.9215277777777777,0.9199522102747909,0.9238152369526095,0.9700680272108844,0.961564396493594,0.91688654353562,0.9049479166666665,0.8654545454545455,0.8864059590316573,3.3744,855.262,4.742,,,,,
1162,0.0829,2.8414676189422607,8.84515363030414e-06,2.189453125,1121,,,,,,,,,,,,,,,,,,,,,,,,,,,,,,,,,,,,,,,,,,,,,,,,,,,,,,,,,,,,,,
1163,0.1158,2.311525821685791,8.82873114752551e-06,2.19140625,1122,,,,,,,,,,,,,,,,,,,,,,,,,,,,,,,,,,,,,,,,,,,,,,,,,,,,,,,,,,,,,,
1164,0.1026,1.7639278173446655,8.812311866951198e-06,2.193359375,1123,,,,,,,,,,,,,,,,,,,,,,,,,,,,,,,,,,,,,,,,,,,,,,,,,,,,,,,,,,,,,,
1165,0.0984,2.084453821182251,8.795895833470896e-06,2.1953125,1124,,,,,,,,,,,,,,,,,,,,,,,,,,,,,,,,,,,,,,,,,,,,,,,,,,,,,,,,,,,,,,
1166,0.081,2.9598355293273926,8.7794830919654e-06,2.197265625,1125,,,,,,,,,,,,,,,,,,,,,,,,,,,,,,,,,,,,,,,,,,,,,,,,,,,,,,,,,,,,,,
1167,0.0628,1.5538276433944702,8.763073687306523e-06,2.19921875,1126,,,,,,,,,,,,,,,,,,,,,,,,,,,,,,,,,,,,,,,,,,,,,,,,,,,,,,,,,,,,,,
1168,0.1099,1.8448678255081177,8.746667664356957e-06,2.201171875,1127,,,,,,,,,,,,,,,,,,,,,,,,,,,,,,,,,,,,,,,,,,,,,,,,,,,,,,,,,,,,,,
1169,0.0672,2.480668544769287,8.730265067970141e-06,2.203125,1128,,,,,,,,,,,,,,,,,,,,,,,,,,,,,,,,,,,,,,,,,,,,,,,,,,,,,,,,,,,,,,
1170,0.0773,2.2729973793029785,8.713865942990143e-06,2.205078125,1129,,,,,,,,,,,,,,,,,,,,,,,,,,,,,,,,,,,,,,,,,,,,,,,,,,,,,,,,,,,,,,
1171,0.0483,1.8474812507629395,8.697470334251543e-06,2.20703125,1130,,,,,,,,,,,,,,,,,,,,,,,,,,,,,,,,,,,,,,,,,,,,,,,,,,,,,,,,,,,,,,
1172,0.0386,1.4478485584259033,8.68107828657931e-06,2.208984375,1131,,,,,,,,,,,,,,,,,,,,,,,,,,,,,,,,,,,,,,,,,,,,,,,,,,,,,,,,,,,,,,
1173,0.1179,1.649294376373291,8.664689844788683e-06,2.2109375,1132,,,,,,,,,,,,,,,,,,,,,,,,,,,,,,,,,,,,,,,,,,,,,,,,,,,,,,,,,,,,,,
1174,0.0803,1.7968599796295166,8.648305053685035e-06,2.212890625,1133,,,,,,,,,,,,,,,,,,,,,,,,,,,,,,,,,,,,,,,,,,,,,,,,,,,,,,,,,,,,,,
1175,0.0742,2.338552474975586,8.63192395806375e-06,2.21484375,1134,,,,,,,,,,,,,,,,,,,,,,,,,,,,,,,,,,,,,,,,,,,,,,,,,,,,,,,,,,,,,,
1176,0.0788,2.661041498184204,8.615546602710126e-06,2.216796875,1135,,,,,,,,,,,,,,,,,,,,,,,,,,,,,,,,,,,,,,,,,,,,,,,,,,,,,,,,,,,,,,
1177,0.0751,1.8711540699005127,8.599173032399222e-06,2.21875,1136,,,,,,,,,,,,,,,,,,,,,,,,,,,,,,,,,,,,,,,,,,,,,,,,,,,,,,,,,,,,,,
1178,0.0723,2.2586922645568848,8.582803291895758e-06,2.220703125,1137,,,,,,,,,,,,,,,,,,,,,,,,,,,,,,,,,,,,,,,,,,,,,,,,,,,,,,,,,,,,,,
1179,0.0433,1.266068935394287,8.566437425953985e-06,2.22265625,1138,,,,,,,,,,,,,,,,,,,,,,,,,,,,,,,,,,,,,,,,,,,,,,,,,,,,,,,,,,,,,,
1180,0.0912,2.67402720451355,8.550075479317542e-06,2.224609375,1139,,,,,,,,,,,,,,,,,,,,,,,,,,,,,,,,,,,,,,,,,,,,,,,,,,,,,,,,,,,,,,
1181,0.0334,1.48850679397583,8.533717496719374e-06,2.2265625,1140,,,,,,,,,,,,,,,,,,,,,,,,,,,,,,,,,,,,,,,,,,,,,,,,,,,,,,,,,,,,,,
1182,0.0615,1.9746081829071045,8.51736352288158e-06,2.228515625,1141,,,,,,,,,,,,,,,,,,,,,,,,,,,,,,,,,,,,,,,,,,,,,,,,,,,,,,,,,,,,,,
1183,0.0636,2.0238261222839355,8.501013602515306e-06,2.23046875,1142,,,,,,,,,,,,,,,,,,,,,,,,,,,,,,,,,,,,,,,,,,,,,,,,,,,,,,,,,,,,,,
1184,0.0874,2.225191116333008,8.484667780320598e-06,2.232421875,1143,,,,,,,,,,,,,,,,,,,,,,,,,,,,,,,,,,,,,,,,,,,,,,,,,,,,,,,,,,,,,,
1185,0.0715,2.0037901401519775,8.468326100986317e-06,2.234375,1144,,,,,,,,,,,,,,,,,,,,,,,,,,,,,,,,,,,,,,,,,,,,,,,,,,,,,,,,,,,,,,
1186,0.0945,1.9087748527526855,8.451988609189987e-06,2.236328125,1145,,,,,,,,,,,,,,,,,,,,,,,,,,,,,,,,,,,,,,,,,,,,,,,,,,,,,,,,,,,,,,
1187,0.0776,1.6942400932312012,8.43565534959769e-06,2.23828125,1146,,,,,,,,,,,,,,,,,,,,,,,,,,,,,,,,,,,,,,,,,,,,,,,,,,,,,,,,,,,,,,
1188,0.087,2.1012275218963623,8.419326366863937e-06,2.240234375,1147,,,,,,,,,,,,,,,,,,,,,,,,,,,,,,,,,,,,,,,,,,,,,,,,,,,,,,,,,,,,,,
1189,0.0812,2.3397910594940186,8.403001705631537e-06,2.2421875,1148,,,,,,,,,,,,,,,,,,,,,,,,,,,,,,,,,,,,,,,,,,,,,,,,,,,,,,,,,,,,,,
1190,0.0512,1.0636165142059326,8.386681410531493e-06,2.244140625,1149,,,,,,,,,,,,,,,,,,,,,,,,,,,,,,,,,,,,,,,,,,,,,,,,,,,,,,,,,,,,,,
1191,0.0758,1.7107720375061035,8.370365526182862e-06,2.24609375,1150,,,,,,,,,,,,,,,,,,,,,,,,,,,,,,,,,,,,,,,,,,,,,,,,,,,,,,,,,,,,,,
1192,0.0646,1.3560696840286255,8.35405409719266e-06,2.248046875,1151,,,,,,,,,,,,,,,,,,,,,,,,,,,,,,,,,,,,,,,,,,,,,,,,,,,,,,,,,,,,,,
1193,0.041,1.201292634010315,8.33774716815571e-06,2.25,1152,,,,,,,,,,,,,,,,,,,,,,,,,,,,,,,,,,,,,,,,,,,,,,,,,,,,,,,,,,,,,,
1194,0.0681,1.872875452041626,8.321444783654524e-06,2.251953125,1153,,,,,,,,,,,,,,,,,,,,,,,,,,,,,,,,,,,,,,,,,,,,,,,,,,,,,,,,,,,,,,
1195,0.0693,2.116941452026367,8.305146988259205e-06,2.25390625,1154,,,,,,,,,,,,,,,,,,,,,,,,,,,,,,,,,,,,,,,,,,,,,,,,,,,,,,,,,,,,,,
1196,0.053,1.7146209478378296,8.2888538265273e-06,2.255859375,1155,,,,,,,,,,,,,,,,,,,,,,,,,,,,,,,,,,,,,,,,,,,,,,,,,,,,,,,,,,,,,,
1197,0.0926,1.8470680713653564,8.2725653430037e-06,2.2578125,1156,,,,,,,,,,,,,,,,,,,,,,,,,,,,,,,,,,,,,,,,,,,,,,,,,,,,,,,,,,,,,,
1198,0.0788,1.4451406002044678,8.256281582220486e-06,2.259765625,1157,,,,,,,,,,,,,,,,,,,,,,,,,,,,,,,,,,,,,,,,,,,,,,,,,,,,,,,,,,,,,,
1199,0.1026,2.3463053703308105,8.24000258869684e-06,2.26171875,1158,,,,,,,,,,,,,,,,,,,,,,,,,,,,,,,,,,,,,,,,,,,,,,,,,,,,,,,,,,,,,,
1200,0.0783,1.235007405281067,8.223728406938914e-06,2.263671875,1159,,,,,,,,,,,,,,,,,,,,,,,,,,,,,,,,,,,,,,,,,,,,,,,,,,,,,,,,,,,,,,
1201,0.0687,2.421584367752075,8.207459081439696e-06,2.265625,1160,,,,,,,,,,,,,,,,,,,,,,,,,,,,,,,,,,,,,,,,,,,,,,,,,,,,,,,,,,,,,,
1202,0.0744,2.492466688156128,8.191194656678905e-06,2.267578125,1161,,,,,,,,,,,,,,,,,,,,,,,,,,,,,,,,,,,,,,,,,,,,,,,,,,,,,,,,,,,,,,
1203,0.1217,2.3103315830230713,8.174935177122849e-06,2.26953125,1162,,,,,,,,,,,,,,,,,,,,,,,,,,,,,,,,,,,,,,,,,,,,,,,,,,,,,,,,,,,,,,
1204,0.0812,1.395763635635376,8.15868068722433e-06,2.271484375,1163,,,,,,,,,,,,,,,,,,,,,,,,,,,,,,,,,,,,,,,,,,,,,,,,,,,,,,,,,,,,,,
1205,0.0619,1.6928523778915405,8.142431231422501e-06,2.2734375,1164,,,,,,,,,,,,,,,,,,,,,,,,,,,,,,,,,,,,,,,,,,,,,,,,,,,,,,,,,,,,,,
1206,0.1131,2.462998151779175,8.126186854142752e-06,2.275390625,1165,,,,,,,,,,,,,,,,,,,,,,,,,,,,,,,,,,,,,,,,,,,,,,,,,,,,,,,,,,,,,,
1207,0.1047,2.040454387664795,8.109947599796599e-06,2.27734375,1166,,,,,,,,,,,,,,,,,,,,,,,,,,,,,,,,,,,,,,,,,,,,,,,,,,,,,,,,,,,,,,
1208,0.0771,1.7304672002792358,8.093713512781534e-06,2.279296875,1167,,,,,,,,,,,,,,,,,,,,,,,,,,,,,,,,,,,,,,,,,,,,,,,,,,,,,,,,,,,,,,
1209,0.0931,1.745976209640503,8.077484637480931e-06,2.28125,1168,,,,,,,,,,,,,,,,,,,,,,,,,,,,,,,,,,,,,,,,,,,,,,,,,,,,,,,,,,,,,,
1210,0.0828,2.8297038078308105,8.06126101826392e-06,2.283203125,1169,,,,,,,,,,,,,,,,,,,,,,,,,,,,,,,,,,,,,,,,,,,,,,,,,,,,,,,,,,,,,,
1211,0.0695,1.93010413646698,8.045042699485256e-06,2.28515625,1170,,,,,,,,,,,,,,,,,,,,,,,,,,,,,,,,,,,,,,,,,,,,,,,,,,,,,,,,,,,,,,
1212,0.0627,1.9609686136245728,8.0288297254852e-06,2.287109375,1171,,,,,,,,,,,,,,,,,,,,,,,,,,,,,,,,,,,,,,,,,,,,,,,,,,,,,,,,,,,,,,
1213,0.0592,2.4528305530548096,8.012622140589404e-06,2.2890625,1172,,,,,,,,,,,,,,,,,,,,,,,,,,,,,,,,,,,,,,,,,,,,,,,,,,,,,,,,,,,,,,
1214,0.0778,2.1870532035827637,7.99641998910879e-06,2.291015625,1173,,,,,,,,,,,,,,,,,,,,,,,,,,,,,,,,,,,,,,,,,,,,,,,,,,,,,,,,,,,,,,
1215,0.0479,2.291983127593994,7.980223315339417e-06,2.29296875,1174,,,,,,,,,,,,,,,,,,,,,,,,,,,,,,,,,,,,,,,,,,,,,,,,,,,,,,,,,,,,,,
1216,0.087,2.5318713188171387,7.964032163562378e-06,2.294921875,1175,,,,,,,,,,,,,,,,,,,,,,,,,,,,,,,,,,,,,,,,,,,,,,,,,,,,,,,,,,,,,,
1217,0.0729,2.474766254425049,7.947846578043658e-06,2.296875,1176,,,,,,,,,,,,,,,,,,,,,,,,,,,,,,,,,,,,,,,,,,,,,,,,,,,,,,,,,,,,,,
1218,0.076,1.3903276920318604,7.931666603034034e-06,2.298828125,1177,,,,,,,,,,,,,,,,,,,,,,,,,,,,,,,,,,,,,,,,,,,,,,,,,,,,,,,,,,,,,,
1219,0.0836,2.0131144523620605,7.915492282768938e-06,2.30078125,1178,,,,,,,,,,,,,,,,,,,,,,,,,,,,,,,,,,,,,,,,,,,,,,,,,,,,,,,,,,,,,,
1220,0.0794,2.132641553878784,7.899323661468344e-06,2.302734375,1179,,,,,,,,,,,,,,,,,,,,,,,,,,,,,,,,,,,,,,,,,,,,,,,,,,,,,,,,,,,,,,
1221,0.0518,1.6007519960403442,7.883160783336646e-06,2.3046875,1180,,,,,,,,,,,,,,,,,,,,,,,,,,,,,,,,,,,,,,,,,,,,,,,,,,,,,,,,,,,,,,
1222,0.0698,1.4793405532836914,7.867003692562533e-06,2.306640625,1181,,,,,,,,,,,,,,,,,,,,,,,,,,,,,,,,,,,,,,,,,,,,,,,,,,,,,,,,,,,,,,
1223,0.0765,1.8694617748260498,7.850852433318878e-06,2.30859375,1182,,,,,,,,,,,,,,,,,,,,,,,,,,,,,,,,,,,,,,,,,,,,,,,,,,,,,,,,,,,,,,
1224,0.0765,2.743647336959839,7.834707049762605e-06,2.310546875,1183,,,,,,,,,,,,,,,,,,,,,,,,,,,,,,,,,,,,,,,,,,,,,,,,,,,,,,,,,,,,,,
1225,0.0763,1.4644428491592407,7.818567586034578e-06,2.3125,1184,,,,,,,,,,,,,,,,,,,,,,,,,,,,,,,,,,,,,,,,,,,,,,,,,,,,,,,,,,,,,,
1226,0.0414,0.9985225796699524,7.80243408625947e-06,2.314453125,1185,,,,,,,,,,,,,,,,,,,,,,,,,,,,,,,,,,,,,,,,,,,,,,,,,,,,,,,,,,,,,,
1227,0.0936,1.3996491432189941,7.786306594545658e-06,2.31640625,1186,,,,,,,,,,,,,,,,,,,,,,,,,,,,,,,,,,,,,,,,,,,,,,,,,,,,,,,,,,,,,,
1228,0.0622,3.217015266418457,7.770185154985086e-06,2.318359375,1187,,,,,,,,,,,,,,,,,,,,,,,,,,,,,,,,,,,,,,,,,,,,,,,,,,,,,,,,,,,,,,
1229,0.1032,2.5376229286193848,7.754069811653155e-06,2.3203125,1188,,,,,,,,,,,,,,,,,,,,,,,,,,,,,,,,,,,,,,,,,,,,,,,,,,,,,,,,,,,,,,
1230,0.1078,2.5455985069274902,7.7379606086086e-06,2.322265625,1189,,,,,,,,,,,,,,,,,,,,,,,,,,,,,,,,,,,,,,,,,,,,,,,,,,,,,,,,,,,,,,
1231,0.0473,1.6775044202804565,7.721857589893364e-06,2.32421875,1190,,,,,,,,,,,,,,,,,,,,,,,,,,,,,,,,,,,,,,,,,,,,,,,,,,,,,,,,,,,,,,
1232,0.0754,1.6311801671981812,7.705760799532485e-06,2.326171875,1191,,,,,,,,,,,,,,,,,,,,,,,,,,,,,,,,,,,,,,,,,,,,,,,,,,,,,,,,,,,,,,
1233,0.0792,2.1488571166992188,7.689670281533977e-06,2.328125,1192,,,,,,,,,,,,,,,,,,,,,,,,,,,,,,,,,,,,,,,,,,,,,,,,,,,,,,,,,,,,,,
1234,0.0517,1.6330887079238892,7.673586079888699e-06,2.330078125,1193,,,,,,,,,,,,,,,,,,,,,,,,,,,,,,,,,,,,,,,,,,,,,,,,,,,,,,,,,,,,,,
1235,0.0607,2.4510931968688965,7.657508238570246e-06,2.33203125,1194,,,,,,,,,,,,,,,,,,,,,,,,,,,,,,,,,,,,,,,,,,,,,,,,,,,,,,,,,,,,,,
1236,0.0449,1.750943660736084,7.641436801534818e-06,2.333984375,1195,,,,,,,,,,,,,,,,,,,,,,,,,,,,,,,,,,,,,,,,,,,,,,,,,,,,,,,,,,,,,,
1237,0.0875,2.0680904388427734,7.625371812721115e-06,2.3359375,1196,,,,,,,,,,,,,,,,,,,,,,,,,,,,,,,,,,,,,,,,,,,,,,,,,,,,,,,,,,,,,,
1238,0.0522,1.4847567081451416,7.6093133160502e-06,2.337890625,1197,,,,,,,,,,,,,,,,,,,,,,,,,,,,,,,,,,,,,,,,,,,,,,,,,,,,,,,,,,,,,,
1239,0.1003,2.8898961544036865,7.593261355425394e-06,2.33984375,1198,,,,,,,,,,,,,,,,,,,,,,,,,,,,,,,,,,,,,,,,,,,,,,,,,,,,,,,,,,,,,,
1240,0.0928,1.8628427982330322,7.577215974732139e-06,2.341796875,1199,,,,,,,,,,,,,,,,,,,,,,,,,,,,,,,,,,,,,,,,,,,,,,,,,,,,,,,,,,,,,,
1241,0.1212,2.263427257537842,7.561177217837894e-06,2.34375,1200,,,,,,,,,,,,,,,,,,,,,,,,,,,,,,,,,,,,,,,,,,,,,,,,,,,,,,,,,,,,,,
1242,,,,2.34375,1200,0.0699787512421608,0.953125,0.9544114665188207,0.953125,0.955140563335359,0.953125,0.9537793845013345,0.953125,0.9521739130434783,0.9453237410071943,0.9655870445344129,0.9626639757820382,0.9330708661417323,0.9442231075697212,0.9642857142857143,0.9654350417163289,2.6248,875.503,4.572,,,,,,,,,,,,,,,,,,,,,,,,,,,,,,,,,,,,,,,,,,,
1243,,,,2.34375,1200,,,,,,,,,,,,,,,,,,,,0.8037312626838684,0.5473790322580645,0.5361949623708024,0.5473790322580645,0.5300942389484558,0.5473790322580645,0.6934888172673681,0.5473790322580645,0.43339209267187107,0.588879384088965,0.8113496932515337,0.6223529411764706,0.7333333333333333,0.560576923076923,0.795880149812734,0.37297060114085123,6.2499,960.02,5.12,,,,,,,,,,,,,,,,,,,,,,,,
1244,,,,2.34375,1200,,,,,,,,,,,,,,,,,,,,,,,,,,,,,,,,,,,,,,,0.10329573601484299,0.9232638888888889,0.9209990971546442,0.9232638888888889,0.9217476967998055,0.9232638888888889,0.9203818077675114,0.9232638888888889,0.9379474940334129,0.9274336283185841,0.9673024523160763,0.9646739130434783,0.8944591029023746,0.9027962716378162,0.8818181818181818,0.8890925756186985,3.3641,857.882,4.756,,,,,
1245,0.0468,1.4558876752853394,7.545145128592009e-06,2.345703125,1201,,,,,,,,,,,,,,,,,,,,,,,,,,,,,,,,,,,,,,,,,,,,,,,,,,,,,,,,,,,,,,
1246,0.0571,2.610253095626831,7.529119750825605e-06,2.34765625,1202,,,,,,,,,,,,,,,,,,,,,,,,,,,,,,,,,,,,,,,,,,,,,,,,,,,,,,,,,,,,,,
1247,0.0538,1.1348949670791626,7.513101128351454e-06,2.349609375,1203,,,,,,,,,,,,,,,,,,,,,,,,,,,,,,,,,,,,,,,,,,,,,,,,,,,,,,,,,,,,,,
1248,0.0536,1.948878526687622,7.497089304963854e-06,2.3515625,1204,,,,,,,,,,,,,,,,,,,,,,,,,,,,,,,,,,,,,,,,,,,,,,,,,,,,,,,,,,,,,,
1249,0.0554,1.644882082939148,7.481084324438521e-06,2.353515625,1205,,,,,,,,,,,,,,,,,,,,,,,,,,,,,,,,,,,,,,,,,,,,,,,,,,,,,,,,,,,,,,
1250,0.0737,1.638329267501831,7.46508623053246e-06,2.35546875,1206,,,,,,,,,,,,,,,,,,,,,,,,,,,,,,,,,,,,,,,,,,,,,,,,,,,,,,,,,,,,,,
1251,0.0696,2.0907785892486572,7.449095066983849e-06,2.357421875,1207,,,,,,,,,,,,,,,,,,,,,,,,,,,,,,,,,,,,,,,,,,,,,,,,,,,,,,,,,,,,,,
1252,0.0719,2.138676643371582,7.433110877511922e-06,2.359375,1208,,,,,,,,,,,,,,,,,,,,,,,,,,,,,,,,,,,,,,,,,,,,,,,,,,,,,,,,,,,,,,
1253,0.0509,1.5434670448303223,7.4171337058168365e-06,2.361328125,1209,,,,,,,,,,,,,,,,,,,,,,,,,,,,,,,,,,,,,,,,,,,,,,,,,,,,,,,,,,,,,,
1254,0.0647,1.9598032236099243,7.401163595579573e-06,2.36328125,1210,,,,,,,,,,,,,,,,,,,,,,,,,,,,,,,,,,,,,,,,,,,,,,,,,,,,,,,,,,,,,,
1255,0.081,1.4775222539901733,7.385200590461803e-06,2.365234375,1211,,,,,,,,,,,,,,,,,,,,,,,,,,,,,,,,,,,,,,,,,,,,,,,,,,,,,,,,,,,,,,
1256,0.0991,2.2747673988342285,7.369244734105774e-06,2.3671875,1212,,,,,,,,,,,,,,,,,,,,,,,,,,,,,,,,,,,,,,,,,,,,,,,,,,,,,,,,,,,,,,
1257,0.0721,2.684541702270508,7.353296070134186e-06,2.369140625,1213,,,,,,,,,,,,,,,,,,,,,,,,,,,,,,,,,,,,,,,,,,,,,,,,,,,,,,,,,,,,,,
1258,0.0831,2.1701979637145996,7.337354642150077e-06,2.37109375,1214,,,,,,,,,,,,,,,,,,,,,,,,,,,,,,,,,,,,,,,,,,,,,,,,,,,,,,,,,,,,,,
1259,0.061,1.6121141910552979,7.321420493736705e-06,2.373046875,1215,,,,,,,,,,,,,,,,,,,,,,,,,,,,,,,,,,,,,,,,,,,,,,,,,,,,,,,,,,,,,,
1260,0.0987,1.8703415393829346,7.305493668457421e-06,2.375,1216,,,,,,,,,,,,,,,,,,,,,,,,,,,,,,,,,,,,,,,,,,,,,,,,,,,,,,,,,,,,,,
1261,0.0959,2.667938709259033,7.28957420985556e-06,2.376953125,1217,,,,,,,,,,,,,,,,,,,,,,,,,,,,,,,,,,,,,,,,,,,,,,,,,,,,,,,,,,,,,,
1262,0.0424,1.6052589416503906,7.273662161454309e-06,2.37890625,1218,,,,,,,,,,,,,,,,,,,,,,,,,,,,,,,,,,,,,,,,,,,,,,,,,,,,,,,,,,,,,,
1263,0.0792,2.1278648376464844,7.257757566756604e-06,2.380859375,1219,,,,,,,,,,,,,,,,,,,,,,,,,,,,,,,,,,,,,,,,,,,,,,,,,,,,,,,,,,,,,,
1264,0.0607,1.6767741441726685,7.2418604692450015e-06,2.3828125,1220,,,,,,,,,,,,,,,,,,,,,,,,,,,,,,,,,,,,,,,,,,,,,,,,,,,,,,,,,,,,,,
1265,0.0867,2.475682020187378,7.225970912381557e-06,2.384765625,1221,,,,,,,,,,,,,,,,,,,,,,,,,,,,,,,,,,,,,,,,,,,,,,,,,,,,,,,,,,,,,,
1266,0.082,1.6355301141738892,7.210088939607709e-06,2.38671875,1222,,,,,,,,,,,,,,,,,,,,,,,,,,,,,,,,,,,,,,,,,,,,,,,,,,,,,,,,,,,,,,
1267,0.0581,1.789449691772461,7.194214594344169e-06,2.388671875,1223,,,,,,,,,,,,,,,,,,,,,,,,,,,,,,,,,,,,,,,,,,,,,,,,,,,,,,,,,,,,,,
1268,0.0786,1.87352454662323,7.178347919990789e-06,2.390625,1224,,,,,,,,,,,,,,,,,,,,,,,,,,,,,,,,,,,,,,,,,,,,,,,,,,,,,,,,,,,,,,
1269,0.1002,2.486233949661255,7.16248895992645e-06,2.392578125,1225,,,,,,,,,,,,,,,,,,,,,,,,,,,,,,,,,,,,,,,,,,,,,,,,,,,,,,,,,,,,,,
1270,0.0958,2.730947494506836,7.14663775750895e-06,2.39453125,1226,,,,,,,,,,,,,,,,,,,,,,,,,,,,,,,,,,,,,,,,,,,,,,,,,,,,,,,,,,,,,,
1271,0.1245,2.2678301334381104,7.13079435607486e-06,2.396484375,1227,,,,,,,,,,,,,,,,,,,,,,,,,,,,,,,,,,,,,,,,,,,,,,,,,,,,,,,,,,,,,,
1272,0.0511,1.6121188402175903,7.114958798939442e-06,2.3984375,1228,,,,,,,,,,,,,,,,,,,,,,,,,,,,,,,,,,,,,,,,,,,,,,,,,,,,,,,,,,,,,,
1273,0.1086,1.426729440689087,7.099131129396501e-06,2.400390625,1229,,,,,,,,,,,,,,,,,,,,,,,,,,,,,,,,,,,,,,,,,,,,,,,,,,,,,,,,,,,,,,
1274,0.0594,1.74298894405365,7.083311390718285e-06,2.40234375,1230,,,,,,,,,,,,,,,,,,,,,,,,,,,,,,,,,,,,,,,,,,,,,,,,,,,,,,,,,,,,,,
1275,0.0811,2.161910057067871,7.067499626155354e-06,2.404296875,1231,,,,,,,,,,,,,,,,,,,,,,,,,,,,,,,,,,,,,,,,,,,,,,,,,,,,,,,,,,,,,,
1276,0.0915,2.6669716835021973,7.051695878936466e-06,2.40625,1232,,,,,,,,,,,,,,,,,,,,,,,,,,,,,,,,,,,,,,,,,,,,,,,,,,,,,,,,,,,,,,
1277,0.0839,2.8286871910095215,7.035900192268464e-06,2.408203125,1233,,,,,,,,,,,,,,,,,,,,,,,,,,,,,,,,,,,,,,,,,,,,,,,,,,,,,,,,,,,,,,
1278,0.1036,2.5963966846466064,7.020112609336154e-06,2.41015625,1234,,,,,,,,,,,,,,,,,,,,,,,,,,,,,,,,,,,,,,,,,,,,,,,,,,,,,,,,,,,,,,
1279,0.0637,1.5807327032089233,7.004333173302185e-06,2.412109375,1235,,,,,,,,,,,,,,,,,,,,,,,,,,,,,,,,,,,,,,,,,,,,,,,,,,,,,,,,,,,,,,
1280,0.062,1.991883397102356,6.988561927306927e-06,2.4140625,1236,,,,,,,,,,,,,,,,,,,,,,,,,,,,,,,,,,,,,,,,,,,,,,,,,,,,,,,,,,,,,,
1281,0.0518,1.6556531190872192,6.972798914468369e-06,2.416015625,1237,,,,,,,,,,,,,,,,,,,,,,,,,,,,,,,,,,,,,,,,,,,,,,,,,,,,,,,,,,,,,,
1282,0.0882,2.1695363521575928,6.957044177881987e-06,2.41796875,1238,,,,,,,,,,,,,,,,,,,,,,,,,,,,,,,,,,,,,,,,,,,,,,,,,,,,,,,,,,,,,,
1283,0.0467,0.8290525674819946,6.941297760620626e-06,2.419921875,1239,,,,,,,,,,,,,,,,,,,,,,,,,,,,,,,,,,,,,,,,,,,,,,,,,,,,,,,,,,,,,,
1284,0.0629,1.814310908317566,6.925559705734394e-06,2.421875,1240,,,,,,,,,,,,,,,,,,,,,,,,,,,,,,,,,,,,,,,,,,,,,,,,,,,,,,,,,,,,,,
1285,0.0626,2.0016584396362305,6.909830056250527e-06,2.423828125,1241,,,,,,,,,,,,,,,,,,,,,,,,,,,,,,,,,,,,,,,,,,,,,,,,,,,,,,,,,,,,,,
1286,0.0777,1.6344444751739502,6.89410885517329e-06,2.42578125,1242,,,,,,,,,,,,,,,,,,,,,,,,,,,,,,,,,,,,,,,,,,,,,,,,,,,,,,,,,,,,,,
1287,0.0752,2.6909444332122803,6.878396145483841e-06,2.427734375,1243,,,,,,,,,,,,,,,,,,,,,,,,,,,,,,,,,,,,,,,,,,,,,,,,,,,,,,,,,,,,,,
1288,0.0841,1.648558259010315,6.8626919701401355e-06,2.4296875,1244,,,,,,,,,,,,,,,,,,,,,,,,,,,,,,,,,,,,,,,,,,,,,,,,,,,,,,,,,,,,,,
1289,0.0728,2.1072728633880615,6.846996372076786e-06,2.431640625,1245,,,,,,,,,,,,,,,,,,,,,,,,,,,,,,,,,,,,,,,,,,,,,,,,,,,,,,,,,,,,,,
1290,0.0763,4.082036972045898,6.831309394204957e-06,2.43359375,1246,,,,,,,,,,,,,,,,,,,,,,,,,,,,,,,,,,,,,,,,,,,,,,,,,,,,,,,,,,,,,,
1291,0.0813,2.7387802600860596,6.815631079412249e-06,2.435546875,1247,,,,,,,,,,,,,,,,,,,,,,,,,,,,,,,,,,,,,,,,,,,,,,,,,,,,,,,,,,,,,,
1292,0.1262,3.1355831623077393,6.7999614705625725e-06,2.4375,1248,,,,,,,,,,,,,,,,,,,,,,,,,,,,,,,,,,,,,,,,,,,,,,,,,,,,,,,,,,,,,,
1293,0.0573,1.7306301593780518,6.784300610496049e-06,2.439453125,1249,,,,,,,,,,,,,,,,,,,,,,,,,,,,,,,,,,,,,,,,,,,,,,,,,,,,,,,,,,,,,,
1294,0.0655,2.3828296661376953,6.7686485420288576e-06,2.44140625,1250,,,,,,,,,,,,,,,,,,,,,,,,,,,,,,,,,,,,,,,,,,,,,,,,,,,,,,,,,,,,,,
1295,0.0963,1.9693388938903809,6.7530053079531664e-06,2.443359375,1251,,,,,,,,,,,,,,,,,,,,,,,,,,,,,,,,,,,,,,,,,,,,,,,,,,,,,,,,,,,,,,
1296,0.0831,1.4949461221694946,6.737370951036977e-06,2.4453125,1252,,,,,,,,,,,,,,,,,,,,,,,,,,,,,,,,,,,,,,,,,,,,,,,,,,,,,,,,,,,,,,
1297,0.0925,2.066936492919922,6.721745514024023e-06,2.447265625,1253,,,,,,,,,,,,,,,,,,,,,,,,,,,,,,,,,,,,,,,,,,,,,,,,,,,,,,,,,,,,,,
1298,0.0859,2.662792444229126,6.706129039633659e-06,2.44921875,1254,,,,,,,,,,,,,,,,,,,,,,,,,,,,,,,,,,,,,,,,,,,,,,,,,,,,,,,,,,,,,,
1299,0.0405,2.017871856689453,6.690521570560717e-06,2.451171875,1255,,,,,,,,,,,,,,,,,,,,,,,,,,,,,,,,,,,,,,,,,,,,,,,,,,,,,,,,,,,,,,
1300,0.0506,1.1208328008651733,6.674923149475433e-06,2.453125,1256,,,,,,,,,,,,,,,,,,,,,,,,,,,,,,,,,,,,,,,,,,,,,,,,,,,,,,,,,,,,,,
1301,0.0544,1.503963589668274,6.659333819023291e-06,2.455078125,1257,,,,,,,,,,,,,,,,,,,,,,,,,,,,,,,,,,,,,,,,,,,,,,,,,,,,,,,,,,,,,,
1302,0.091,1.7460025548934937,6.643753621824922e-06,2.45703125,1258,,,,,,,,,,,,,,,,,,,,,,,,,,,,,,,,,,,,,,,,,,,,,,,,,,,,,,,,,,,,,,
1303,0.1102,2.2769153118133545,6.6281826004759985e-06,2.458984375,1259,,,,,,,,,,,,,,,,,,,,,,,,,,,,,,,,,,,,,,,,,,,,,,,,,,,,,,,,,,,,,,
1304,0.0466,1.8701486587524414,6.612620797547087e-06,2.4609375,1260,,,,,,,,,,,,,,,,,,,,,,,,,,,,,,,,,,,,,,,,,,,,,,,,,,,,,,,,,,,,,,
1305,0.0954,2.1917452812194824,6.59706825558357e-06,2.462890625,1261,,,,,,,,,,,,,,,,,,,,,,,,,,,,,,,,,,,,,,,,,,,,,,,,,,,,,,,,,,,,,,
1306,0.0752,1.6479555368423462,6.581525017105501e-06,2.46484375,1262,,,,,,,,,,,,,,,,,,,,,,,,,,,,,,,,,,,,,,,,,,,,,,,,,,,,,,,,,,,,,,
1307,0.0783,1.9798246622085571,6.565991124607507e-06,2.466796875,1263,,,,,,,,,,,,,,,,,,,,,,,,,,,,,,,,,,,,,,,,,,,,,,,,,,,,,,,,,,,,,,
1308,0.0794,1.6941964626312256,6.5504666205586435e-06,2.46875,1264,,,,,,,,,,,,,,,,,,,,,,,,,,,,,,,,,,,,,,,,,,,,,,,,,,,,,,,,,,,,,,
1309,0.0852,1.897657036781311,6.534951547402322e-06,2.470703125,1265,,,,,,,,,,,,,,,,,,,,,,,,,,,,,,,,,,,,,,,,,,,,,,,,,,,,,,,,,,,,,,
1310,0.083,2.0056021213531494,6.519445947556156e-06,2.47265625,1266,,,,,,,,,,,,,,,,,,,,,,,,,,,,,,,,,,,,,,,,,,,,,,,,,,,,,,,,,,,,,,
1311,0.0449,1.4191075563430786,6.503949863411866e-06,2.474609375,1267,,,,,,,,,,,,,,,,,,,,,,,,,,,,,,,,,,,,,,,,,,,,,,,,,,,,,,,,,,,,,,
1312,0.0934,2.2842838764190674,6.488463337335157e-06,2.4765625,1268,,,,,,,,,,,,,,,,,,,,,,,,,,,,,,,,,,,,,,,,,,,,,,,,,,,,,,,,,,,,,,
1313,0.0929,2.5615644454956055,6.47298641166559e-06,2.478515625,1269,,,,,,,,,,,,,,,,,,,,,,,,,,,,,,,,,,,,,,,,,,,,,,,,,,,,,,,,,,,,,,
1314,0.0618,1.8077776432037354,6.457519128716496e-06,2.48046875,1270,,,,,,,,,,,,,,,,,,,,,,,,,,,,,,,,,,,,,,,,,,,,,,,,,,,,,,,,,,,,,,
1315,0.0743,2.112708568572998,6.442061530774835e-06,2.482421875,1271,,,,,,,,,,,,,,,,,,,,,,,,,,,,,,,,,,,,,,,,,,,,,,,,,,,,,,,,,,,,,,
1316,0.0525,2.320702075958252,6.426613660101091e-06,2.484375,1272,,,,,,,,,,,,,,,,,,,,,,,,,,,,,,,,,,,,,,,,,,,,,,,,,,,,,,,,,,,,,,
1317,0.0648,1.924114465713501,6.411175558929152e-06,2.486328125,1273,,,,,,,,,,,,,,,,,,,,,,,,,,,,,,,,,,,,,,,,,,,,,,,,,,,,,,,,,,,,,,
1318,0.0606,2.292030096054077,6.395747269466192e-06,2.48828125,1274,,,,,,,,,,,,,,,,,,,,,,,,,,,,,,,,,,,,,,,,,,,,,,,,,,,,,,,,,,,,,,
1319,0.0849,2.444511651992798,6.380328833892571e-06,2.490234375,1275,,,,,,,,,,,,,,,,,,,,,,,,,,,,,,,,,,,,,,,,,,,,,,,,,,,,,,,,,,,,,,
1320,0.0474,1.4410830736160278,6.364920294361701e-06,2.4921875,1276,,,,,,,,,,,,,,,,,,,,,,,,,,,,,,,,,,,,,,,,,,,,,,,,,,,,,,,,,,,,,,
1321,0.0455,1.6212611198425293,6.349521692999945e-06,2.494140625,1277,,,,,,,,,,,,,,,,,,,,,,,,,,,,,,,,,,,,,,,,,,,,,,,,,,,,,,,,,,,,,,
1322,0.1052,2.8168704509735107,6.334133071906483e-06,2.49609375,1278,,,,,,,,,,,,,,,,,,,,,,,,,,,,,,,,,,,,,,,,,,,,,,,,,,,,,,,,,,,,,,
1323,0.0617,1.8664586544036865,6.318754473153221e-06,2.498046875,1279,,,,,,,,,,,,,,,,,,,,,,,,,,,,,,,,,,,,,,,,,,,,,,,,,,,,,,,,,,,,,,
1324,0.071,1.947993278503418,6.303385938784663e-06,2.5,1280,,,,,,,,,,,,,,,,,,,,,,,,,,,,,,,,,,,,,,,,,,,,,,,,,,,,,,,,,,,,,,
1325,,,,2.5,1280,0.07485809922218323,0.946969696969697,0.9481324049672613,0.946969696969697,0.9468121343561661,0.946969696969697,0.949601117707835,0.946969696969697,0.930635838150289,0.9394602479941648,0.9648033126293996,0.9558974358974359,0.9365384615384615,0.9410628019323671,0.9664268585131894,0.956109134045077,2.5868,888.352,4.639,,,,,,,,,,,,,,,,,,,,,,,,,,,,,,,,,,,,,,,,,,,
1326,,,,2.5,1280,,,,,,,,,,,,,,,,,,,,0.8806021213531494,0.5287298387096774,0.5246962616331239,0.5287298387096774,0.5253572292163593,0.5287298387096774,0.6922167559706445,0.5287298387096774,0.40055387713997986,0.5590302178496135,0.8089368258859785,0.6198347107438017,0.7537688442211056,0.5524861878453038,0.805607476635514,0.3674339300937767,6.2417,961.279,5.127,,,,,,,,,,,,,,,,,,,,,,,,
1327,,,,2.5,1280,,,,,,,,,,,,,,,,,,,,,,,,,,,,,,,,,,,,,,,0.10411375015974045,0.9229166666666667,0.9203755464492432,0.9229166666666667,0.9198298603255562,0.9229166666666667,0.9210075798844843,0.9229166666666667,0.9249106078665077,0.928785158587672,0.9741496598639455,0.9662618083670715,0.8944591029023746,0.9015957446808511,0.8905109489051095,0.8848594741613781,3.3463,862.433,4.781,,,,,
1328,0.0738,1.6394230127334595,6.2880275108177915e-06,2.501953125,1281,,,,,,,,,,,,,,,,,,,,,,,,,,,,,,,,,,,,,,,,,,,,,,,,,,,,,,,,,,,,,,
1329,0.0846,3.0872719287872314,6.27267923124197e-06,2.50390625,1282,,,,,,,,,,,,,,,,,,,,,,,,,,,,,,,,,,,,,,,,,,,,,,,,,,,,,,,,,,,,,,
1330,0.0639,2.1461856365203857,6.257341142018798e-06,2.505859375,1283,,,,,,,,,,,,,,,,,,,,,,,,,,,,,,,,,,,,,,,,,,,,,,,,,,,,,,,,,,,,,,
1331,0.0548,1.4137426614761353,6.2420132850820296e-06,2.5078125,1284,,,,,,,,,,,,,,,,,,,,,,,,,,,,,,,,,,,,,,,,,,,,,,,,,,,,,,,,,,,,,,
1332,0.0437,1.699987769126892,6.2266957023374434e-06,2.509765625,1285,,,,,,,,,,,,,,,,,,,,,,,,,,,,,,,,,,,,,,,,,,,,,,,,,,,,,,,,,,,,,,
1333,0.0623,2.494232416152954,6.211388435662722e-06,2.51171875,1286,,,,,,,,,,,,,,,,,,,,,,,,,,,,,,,,,,,,,,,,,,,,,,,,,,,,,,,,,,,,,,
1334,0.0588,1.915123701095581,6.196091526907355e-06,2.513671875,1287,,,,,,,,,,,,,,,,,,,,,,,,,,,,,,,,,,,,,,,,,,,,,,,,,,,,,,,,,,,,,,
1335,0.0727,2.4626429080963135,6.180805017892498e-06,2.515625,1288,,,,,,,,,,,,,,,,,,,,,,,,,,,,,,,,,,,,,,,,,,,,,,,,,,,,,,,,,,,,,,
1336,0.0507,1.7985583543777466,6.165528950410884e-06,2.517578125,1289,,,,,,,,,,,,,,,,,,,,,,,,,,,,,,,,,,,,,,,,,,,,,,,,,,,,,,,,,,,,,,
1337,0.0758,1.876328945159912,6.150263366226703e-06,2.51953125,1290,,,,,,,,,,,,,,,,,,,,,,,,,,,,,,,,,,,,,,,,,,,,,,,,,,,,,,,,,,,,,,
1338,0.0807,2.19276762008667,6.13500830707548e-06,2.521484375,1291,,,,,,,,,,,,,,,,,,,,,,,,,,,,,,,,,,,,,,,,,,,,,,,,,,,,,,,,,,,,,,
1339,0.0587,1.2775237560272217,6.119763814663958e-06,2.5234375,1292,,,,,,,,,,,,,,,,,,,,,,,,,,,,,,,,,,,,,,,,,,,,,,,,,,,,,,,,,,,,,,
1340,0.078,2.0310535430908203,6.10452993067e-06,2.525390625,1293,,,,,,,,,,,,,,,,,,,,,,,,,,,,,,,,,,,,,,,,,,,,,,,,,,,,,,,,,,,,,,
1341,0.0968,1.8205890655517578,6.089306696742461e-06,2.52734375,1294,,,,,,,,,,,,,,,,,,,,,,,,,,,,,,,,,,,,,,,,,,,,,,,,,,,,,,,,,,,,,,
1342,0.0793,1.5932244062423706,6.074094154501087e-06,2.529296875,1295,,,,,,,,,,,,,,,,,,,,,,,,,,,,,,,,,,,,,,,,,,,,,,,,,,,,,,,,,,,,,,
1343,0.0964,1.965649127960205,6.058892345536387e-06,2.53125,1296,,,,,,,,,,,,,,,,,,,,,,,,,,,,,,,,,,,,,,,,,,,,,,,,,,,,,,,,,,,,,,
1344,0.1049,2.719353437423706,6.04370131140952e-06,2.533203125,1297,,,,,,,,,,,,,,,,,,,,,,,,,,,,,,,,,,,,,,,,,,,,,,,,,,,,,,,,,,,,,,
1345,0.1363,3.683519124984741,6.028521093652195e-06,2.53515625,1298,,,,,,,,,,,,,,,,,,,,,,,,,,,,,,,,,,,,,,,,,,,,,,,,,,,,,,,,,,,,,,
1346,0.0751,1.8203705549240112,6.0133517337665504e-06,2.537109375,1299,,,,,,,,,,,,,,,,,,,,,,,,,,,,,,,,,,,,,,,,,,,,,,,,,,,,,,,,,,,,,,
1347,0.0869,1.8848994970321655,5.9981932732250356e-06,2.5390625,1300,,,,,,,,,,,,,,,,,,,,,,,,,,,,,,,,,,,,,,,,,,,,,,,,,,,,,,,,,,,,,,
1348,0.0613,1.4499133825302124,5.983045753470308e-06,2.541015625,1301,,,,,,,,,,,,,,,,,,,,,,,,,,,,,,,,,,,,,,,,,,,,,,,,,,,,,,,,,,,,,,
1349,0.0819,2.681424856185913,5.9679092159151e-06,2.54296875,1302,,,,,,,,,,,,,,,,,,,,,,,,,,,,,,,,,,,,,,,,,,,,,,,,,,,,,,,,,,,,,,
1350,0.0886,2.823941230773926,5.952783701942129e-06,2.544921875,1303,,,,,,,,,,,,,,,,,,,,,,,,,,,,,,,,,,,,,,,,,,,,,,,,,,,,,,,,,,,,,,
1351,0.1024,2.6402440071105957,5.937669252903974e-06,2.546875,1304,,,,,,,,,,,,,,,,,,,,,,,,,,,,,,,,,,,,,,,,,,,,,,,,,,,,,,,,,,,,,,
1352,0.0919,1.609253168106079,5.922565910122967e-06,2.548828125,1305,,,,,,,,,,,,,,,,,,,,,,,,,,,,,,,,,,,,,,,,,,,,,,,,,,,,,,,,,,,,,,
1353,0.0806,3.249948740005493,5.907473714891061e-06,2.55078125,1306,,,,,,,,,,,,,,,,,,,,,,,,,,,,,,,,,,,,,,,,,,,,,,,,,,,,,,,,,,,,,,
1354,0.0694,1.9311400651931763,5.8923927084697475e-06,2.552734375,1307,,,,,,,,,,,,,,,,,,,,,,,,,,,,,,,,,,,,,,,,,,,,,,,,,,,,,,,,,,,,,,
1355,0.0775,1.5738699436187744,5.8773229320899195e-06,2.5546875,1308,,,,,,,,,,,,,,,,,,,,,,,,,,,,,,,,,,,,,,,,,,,,,,,,,,,,,,,,,,,,,,
1356,0.0774,2.1718695163726807,5.862264426951768e-06,2.556640625,1309,,,,,,,,,,,,,,,,,,,,,,,,,,,,,,,,,,,,,,,,,,,,,,,,,,,,,,,,,,,,,,
1357,0.1125,2.09391188621521,5.8472172342246816e-06,2.55859375,1310,,,,,,,,,,,,,,,,,,,,,,,,,,,,,,,,,,,,,,,,,,,,,,,,,,,,,,,,,,,,,,
1358,0.0688,1.3125720024108887,5.832181395047099e-06,2.560546875,1311,,,,,,,,,,,,,,,,,,,,,,,,,,,,,,,,,,,,,,,,,,,,,,,,,,,,,,,,,,,,,,
1359,0.0763,2.507258653640747,5.817156950526432e-06,2.5625,1312,,,,,,,,,,,,,,,,,,,,,,,,,,,,,,,,,,,,,,,,,,,,,,,,,,,,,,,,,,,,,,
1360,0.0816,1.8713425397872925,5.802143941738945e-06,2.564453125,1313,,,,,,,,,,,,,,,,,,,,,,,,,,,,,,,,,,,,,,,,,,,,,,,,,,,,,,,,,,,,,,
1361,0.0488,1.338949203491211,5.787142409729622e-06,2.56640625,1314,,,,,,,,,,,,,,,,,,,,,,,,,,,,,,,,,,,,,,,,,,,,,,,,,,,,,,,,,,,,,,
1362,0.0593,2.1936919689178467,5.772152395512087e-06,2.568359375,1315,,,,,,,,,,,,,,,,,,,,,,,,,,,,,,,,,,,,,,,,,,,,,,,,,,,,,,,,,,,,,,
1363,0.0558,1.848238229751587,5.7571739400684644e-06,2.5703125,1316,,,,,,,,,,,,,,,,,,,,,,,,,,,,,,,,,,,,,,,,,,,,,,,,,,,,,,,,,,,,,,
1364,0.0614,1.180603265762329,5.742207084349274e-06,2.572265625,1317,,,,,,,,,,,,,,,,,,,,,,,,,,,,,,,,,,,,,,,,,,,,,,,,,,,,,,,,,,,,,,
1365,0.0715,1.9830516576766968,5.727251869273333e-06,2.57421875,1318,,,,,,,,,,,,,,,,,,,,,,,,,,,,,,,,,,,,,,,,,,,,,,,,,,,,,,,,,,,,,,
1366,0.0512,1.1814398765563965,5.712308335727629e-06,2.576171875,1319,,,,,,,,,,,,,,,,,,,,,,,,,,,,,,,,,,,,,,,,,,,,,,,,,,,,,,,,,,,,,,
1367,0.0721,1.5917623043060303,5.697376524567205e-06,2.578125,1320,,,,,,,,,,,,,,,,,,,,,,,,,,,,,,,,,,,,,,,,,,,,,,,,,,,,,,,,,,,,,,
1368,0.0704,1.8684622049331665,5.6824564766150724e-06,2.580078125,1321,,,,,,,,,,,,,,,,,,,,,,,,,,,,,,,,,,,,,,,,,,,,,,,,,,,,,,,,,,,,,,
1369,0.0546,1.957600474357605,5.667548232662064e-06,2.58203125,1322,,,,,,,,,,,,,,,,,,,,,,,,,,,,,,,,,,,,,,,,,,,,,,,,,,,,,,,,,,,,,,
1370,0.0848,1.9183276891708374,5.652651833466756e-06,2.583984375,1323,,,,,,,,,,,,,,,,,,,,,,,,,,,,,,,,,,,,,,,,,,,,,,,,,,,,,,,,,,,,,,
1371,0.0627,2.347207546234131,5.6377673197553325e-06,2.5859375,1324,,,,,,,,,,,,,,,,,,,,,,,,,,,,,,,,,,,,,,,,,,,,,,,,,,,,,,,,,,,,,,
1372,0.0589,1.7379648685455322,5.622894732221482e-06,2.587890625,1325,,,,,,,,,,,,,,,,,,,,,,,,,,,,,,,,,,,,,,,,,,,,,,,,,,,,,,,,,,,,,,
1373,0.0736,2.227708339691162,5.608034111526298e-06,2.58984375,1326,,,,,,,,,,,,,,,,,,,,,,,,,,,,,,,,,,,,,,,,,,,,,,,,,,,,,,,,,,,,,,
1374,0.0428,2.258344888687134,5.593185498298142e-06,2.591796875,1327,,,,,,,,,,,,,,,,,,,,,,,,,,,,,,,,,,,,,,,,,,,,,,,,,,,,,,,,,,,,,,
1375,0.0831,1.9711253643035889,5.578348933132565e-06,2.59375,1328,,,,,,,,,,,,,,,,,,,,,,,,,,,,,,,,,,,,,,,,,,,,,,,,,,,,,,,,,,,,,,
1376,0.0656,2.0375137329101562,5.563524456592163e-06,2.595703125,1329,,,,,,,,,,,,,,,,,,,,,,,,,,,,,,,,,,,,,,,,,,,,,,,,,,,,,,,,,,,,,,
1377,0.0817,1.6787809133529663,5.548712109206487e-06,2.59765625,1330,,,,,,,,,,,,,,,,,,,,,,,,,,,,,,,,,,,,,,,,,,,,,,,,,,,,,,,,,,,,,,
1378,0.081,2.0741336345672607,5.533911931471936e-06,2.599609375,1331,,,,,,,,,,,,,,,,,,,,,,,,,,,,,,,,,,,,,,,,,,,,,,,,,,,,,,,,,,,,,,
1379,0.0592,1.3751380443572998,5.519123963851624e-06,2.6015625,1332,,,,,,,,,,,,,,,,,,,,,,,,,,,,,,,,,,,,,,,,,,,,,,,,,,,,,,,,,,,,,,
1380,0.0705,2.4543561935424805,5.504348246775299e-06,2.603515625,1333,,,,,,,,,,,,,,,,,,,,,,,,,,,,,,,,,,,,,,,,,,,,,,,,,,,,,,,,,,,,,,
1381,0.0681,2.5280818939208984,5.489584820639195e-06,2.60546875,1334,,,,,,,,,,,,,,,,,,,,,,,,,,,,,,,,,,,,,,,,,,,,,,,,,,,,,,,,,,,,,,
1382,0.0847,1.8256831169128418,5.474833725805963e-06,2.607421875,1335,,,,,,,,,,,,,,,,,,,,,,,,,,,,,,,,,,,,,,,,,,,,,,,,,,,,,,,,,,,,,,
1383,0.0484,2.0237393379211426,5.460095002604533e-06,2.609375,1336,,,,,,,,,,,,,,,,,,,,,,,,,,,,,,,,,,,,,,,,,,,,,,,,,,,,,,,,,,,,,,
1384,0.0748,2.0739738941192627,5.445368691330008e-06,2.611328125,1337,,,,,,,,,,,,,,,,,,,,,,,,,,,,,,,,,,,,,,,,,,,,,,,,,,,,,,,,,,,,,,
1385,0.0675,2.9943313598632812,5.430654832243569e-06,2.61328125,1338,,,,,,,,,,,,,,,,,,,,,,,,,,,,,,,,,,,,,,,,,,,,,,,,,,,,,,,,,,,,,,
1386,0.0377,1.7887407541275024,5.415953465572332e-06,2.615234375,1339,,,,,,,,,,,,,,,,,,,,,,,,,,,,,,,,,,,,,,,,,,,,,,,,,,,,,,,,,,,,,,
1387,0.0552,2.181809186935425,5.401264631509277e-06,2.6171875,1340,,,,,,,,,,,,,,,,,,,,,,,,,,,,,,,,,,,,,,,,,,,,,,,,,,,,,,,,,,,,,,
1388,0.0627,1.335956335067749,5.386588370213124e-06,2.619140625,1341,,,,,,,,,,,,,,,,,,,,,,,,,,,,,,,,,,,,,,,,,,,,,,,,,,,,,,,,,,,,,,
1389,0.0768,1.562477469444275,5.371924721808197e-06,2.62109375,1342,,,,,,,,,,,,,,,,,,,,,,,,,,,,,,,,,,,,,,,,,,,,,,,,,,,,,,,,,,,,,,
1390,0.0696,2.1793158054351807,5.357273726384368e-06,2.623046875,1343,,,,,,,,,,,,,,,,,,,,,,,,,,,,,,,,,,,,,,,,,,,,,,,,,,,,,,,,,,,,,,
1391,0.0777,1.889378309249878,5.3426354239968804e-06,2.625,1344,,,,,,,,,,,,,,,,,,,,,,,,,,,,,,,,,,,,,,,,,,,,,,,,,,,,,,,,,,,,,,
1392,0.0907,1.6307761669158936,5.328009854666303e-06,2.626953125,1345,,,,,,,,,,,,,,,,,,,,,,,,,,,,,,,,,,,,,,,,,,,,,,,,,,,,,,,,,,,,,,
1393,0.1163,2.636143445968628,5.3133970583783865e-06,2.62890625,1346,,,,,,,,,,,,,,,,,,,,,,,,,,,,,,,,,,,,,,,,,,,,,,,,,,,,,,,,,,,,,,
1394,0.06,2.552978038787842,5.298797075083956e-06,2.630859375,1347,,,,,,,,,,,,,,,,,,,,,,,,,,,,,,,,,,,,,,,,,,,,,,,,,,,,,,,,,,,,,,
1395,0.0585,1.7626641988754272,5.284209944698806e-06,2.6328125,1348,,,,,,,,,,,,,,,,,,,,,,,,,,,,,,,,,,,,,,,,,,,,,,,,,,,,,,,,,,,,,,
1396,0.0751,3.016191005706787,5.269635707103593e-06,2.634765625,1349,,,,,,,,,,,,,,,,,,,,,,,,,,,,,,,,,,,,,,,,,,,,,,,,,,,,,,,,,,,,,,
1397,0.0797,2.1805858612060547,5.255074402143727e-06,2.63671875,1350,,,,,,,,,,,,,,,,,,,,,,,,,,,,,,,,,,,,,,,,,,,,,,,,,,,,,,,,,,,,,,
1398,0.1025,2.1280758380889893,5.240526069629265e-06,2.638671875,1351,,,,,,,,,,,,,,,,,,,,,,,,,,,,,,,,,,,,,,,,,,,,,,,,,,,,,,,,,,,,,,
1399,0.1423,2.126481533050537,5.225990749334789e-06,2.640625,1352,,,,,,,,,,,,,,,,,,,,,,,,,,,,,,,,,,,,,,,,,,,,,,,,,,,,,,,,,,,,,,
1400,0.0683,1.824361801147461,5.211468480999304e-06,2.642578125,1353,,,,,,,,,,,,,,,,,,,,,,,,,,,,,,,,,,,,,,,,,,,,,,,,,,,,,,,,,,,,,,
1401,0.088,1.9431865215301514,5.196959304326148e-06,2.64453125,1354,,,,,,,,,,,,,,,,,,,,,,,,,,,,,,,,,,,,,,,,,,,,,,,,,,,,,,,,,,,,,,
1402,0.0725,1.624622106552124,5.1824632589828465e-06,2.646484375,1355,,,,,,,,,,,,,,,,,,,,,,,,,,,,,,,,,,,,,,,,,,,,,,,,,,,,,,,,,,,,,,
1403,0.0944,1.464901328086853,5.167980384601041e-06,2.6484375,1356,,,,,,,,,,,,,,,,,,,,,,,,,,,,,,,,,,,,,,,,,,,,,,,,,,,,,,,,,,,,,,
1404,0.0651,2.4616615772247314,5.153510720776354e-06,2.650390625,1357,,,,,,,,,,,,,,,,,,,,,,,,,,,,,,,,,,,,,,,,,,,,,,,,,,,,,,,,,,,,,,
1405,0.09,3.4613850116729736,5.139054307068289e-06,2.65234375,1358,,,,,,,,,,,,,,,,,,,,,,,,,,,,,,,,,,,,,,,,,,,,,,,,,,,,,,,,,,,,,,
1406,0.1084,2.078165054321289,5.124611183000138e-06,2.654296875,1359,,,,,,,,,,,,,,,,,,,,,,,,,,,,,,,,,,,,,,,,,,,,,,,,,,,,,,,,,,,,,,
1407,0.0798,2.3639228343963623,5.110181388058842e-06,2.65625,1360,,,,,,,,,,,,,,,,,,,,,,,,,,,,,,,,,,,,,,,,,,,,,,,,,,,,,,,,,,,,,,
1408,,,,2.65625,1360,0.06852918863296509,0.9554924242424242,0.9561357287914775,0.9554924242424242,0.9560961186932024,0.9554924242424242,0.9562763343160577,0.9554924242424242,0.9533898305084746,0.9520451339915373,0.9707112970711297,0.9636552440290759,0.9366336633663367,0.9478957915831664,0.9643705463182898,0.9609467455621302,2.6402,870.397,4.545,,,,,,,,,,,,,,,,,,,,,,,,,,,,,,,,,,,,,,,,,,,
1409,,,,2.65625,1360,,,,,,,,,,,,,,,,,,,,0.828349232673645,0.547883064516129,0.5358708107430072,0.547883064516129,0.5323370951508283,0.547883064516129,0.6991492385911444,0.547883064516129,0.4293272864701436,0.5894154271878242,0.8341013824884793,0.616695059625213,0.7403245942571786,0.5653002859866539,0.7928436911487758,0.3720724701723375,6.2423,961.191,5.126,,,,,,,,,,,,,,,,,,,,,,,,
1410,,,,2.65625,1360,,,,,,,,,,,,,,,,,,,,,,,,,,,,,,,,,,,,,,,0.10712987929582596,0.921875,0.9195097179085174,0.921875,0.9196386906711587,0.921875,0.9200059477408951,0.921875,0.9379474940334129,0.9257950530035336,0.9754768392370572,0.9649595687331536,0.8718626155878467,0.8997955010224948,0.8947368421052632,0.8874887488748876,3.3549,860.231,4.769,,,,,
1411,0.0637,2.3804492950439453,5.095764961694923e-06,2.658203125,1361,,,,,,,,,,,,,,,,,,,,,,,,,,,,,,,,,,,,,,,,,,,,,,,,,,,,,,,,,,,,,,
1412,0.1105,2.430070638656616,5.081361943322323e-06,2.66015625,1362,,,,,,,,,,,,,,,,,,,,,,,,,,,,,,,,,,,,,,,,,,,,,,,,,,,,,,,,,,,,,,
1413,0.0674,1.384199619293213,5.066972372318351e-06,2.662109375,1363,,,,,,,,,,,,,,,,,,,,,,,,,,,,,,,,,,,,,,,,,,,,,,,,,,,,,,,,,,,,,,
1414,0.0524,1.8847217559814453,5.05259628802355e-06,2.6640625,1364,,,,,,,,,,,,,,,,,,,,,,,,,,,,,,,,,,,,,,,,,,,,,,,,,,,,,,,,,,,,,,
1415,0.0664,1.605662226676941,5.0382337297415775e-06,2.666015625,1365,,,,,,,,,,,,,,,,,,,,,,,,,,,,,,,,,,,,,,,,,,,,,,,,,,,,,,,,,,,,,,
1416,0.0668,1.811579704284668,5.023884736739132e-06,2.66796875,1366,,,,,,,,,,,,,,,,,,,,,,,,,,,,,,,,,,,,,,,,,,,,,,,,,,,,,,,,,,,,,,
1417,0.0794,2.2026379108428955,5.009549348245795e-06,2.669921875,1367,,,,,,,,,,,,,,,,,,,,,,,,,,,,,,,,,,,,,,,,,,,,,,,,,,,,,,,,,,,,,,
1418,0.1,2.6311302185058594,4.995227603453981e-06,2.671875,1368,,,,,,,,,,,,,,,,,,,,,,,,,,,,,,,,,,,,,,,,,,,,,,,,,,,,,,,,,,,,,,
1419,0.0745,2.1180763244628906,4.980919541518796e-06,2.673828125,1369,,,,,,,,,,,,,,,,,,,,,,,,,,,,,,,,,,,,,,,,,,,,,,,,,,,,,,,,,,,,,,
1420,0.0782,2.814424514770508,4.966625201557931e-06,2.67578125,1370,,,,,,,,,,,,,,,,,,,,,,,,,,,,,,,,,,,,,,,,,,,,,,,,,,,,,,,,,,,,,,
1421,0.0581,1.7035640478134155,4.952344622651566e-06,2.677734375,1371,,,,,,,,,,,,,,,,,,,,,,,,,,,,,,,,,,,,,,,,,,,,,,,,,,,,,,,,,,,,,,
1422,0.0922,2.722522020339966,4.938077843842255e-06,2.6796875,1372,,,,,,,,,,,,,,,,,,,,,,,,,,,,,,,,,,,,,,,,,,,,,,,,,,,,,,,,,,,,,,
1423,0.0895,2.6414096355438232,4.92382490413483e-06,2.681640625,1373,,,,,,,,,,,,,,,,,,,,,,,,,,,,,,,,,,,,,,,,,,,,,,,,,,,,,,,,,,,,,,
1424,0.089,1.894586443901062,4.909585842496287e-06,2.68359375,1374,,,,,,,,,,,,,,,,,,,,,,,,,,,,,,,,,,,,,,,,,,,,,,,,,,,,,,,,,,,,,,
1425,0.1158,3.0557453632354736,4.895360697855674e-06,2.685546875,1375,,,,,,,,,,,,,,,,,,,,,,,,,,,,,,,,,,,,,,,,,,,,,,,,,,,,,,,,,,,,,,
1426,0.095,1.8887859582901,4.881149509103993e-06,2.6875,1376,,,,,,,,,,,,,,,,,,,,,,,,,,,,,,,,,,,,,,,,,,,,,,,,,,,,,,,,,,,,,,
1427,0.0878,1.7944064140319824,4.866952315094088e-06,2.689453125,1377,,,,,,,,,,,,,,,,,,,,,,,,,,,,,,,,,,,,,,,,,,,,,,,,,,,,,,,,,,,,,,
1428,0.0639,1.8330518007278442,4.8527691546405476e-06,2.69140625,1378,,,,,,,,,,,,,,,,,,,,,,,,,,,,,,,,,,,,,,,,,,,,,,,,,,,,,,,,,,,,,,
1429,0.0418,1.1370947360992432,4.838600066519597e-06,2.693359375,1379,,,,,,,,,,,,,,,,,,,,,,,,,,,,,,,,,,,,,,,,,,,,,,,,,,,,,,,,,,,,,,
1430,0.051,1.3179879188537598,4.824445089468975e-06,2.6953125,1380,,,,,,,,,,,,,,,,,,,,,,,,,,,,,,,,,,,,,,,,,,,,,,,,,,,,,,,,,,,,,,
1431,0.1011,3.0454657077789307,4.8103042621878515e-06,2.697265625,1381,,,,,,,,,,,,,,,,,,,,,,,,,,,,,,,,,,,,,,,,,,,,,,,,,,,,,,,,,,,,,,
1432,0.0775,1.6315847635269165,4.796177623336703e-06,2.69921875,1382,,,,,,,,,,,,,,,,,,,,,,,,,,,,,,,,,,,,,,,,,,,,,,,,,,,,,,,,,,,,,,
1433,0.0497,1.974368691444397,4.782065211537226e-06,2.701171875,1383,,,,,,,,,,,,,,,,,,,,,,,,,,,,,,,,,,,,,,,,,,,,,,,,,,,,,,,,,,,,,,
1434,0.0928,1.5329205989837646,4.767967065372221e-06,2.703125,1384,,,,,,,,,,,,,,,,,,,,,,,,,,,,,,,,,,,,,,,,,,,,,,,,,,,,,,,,,,,,,,
1435,0.0351,1.5173903703689575,4.753883223385467e-06,2.705078125,1385,,,,,,,,,,,,,,,,,,,,,,,,,,,,,,,,,,,,,,,,,,,,,,,,,,,,,,,,,,,,,,
1436,0.0867,2.5524673461914062,4.739813724081661e-06,2.70703125,1386,,,,,,,,,,,,,,,,,,,,,,,,,,,,,,,,,,,,,,,,,,,,,,,,,,,,,,,,,,,,,,
1437,0.0739,1.2241312265396118,4.7257586059262706e-06,2.708984375,1387,,,,,,,,,,,,,,,,,,,,,,,,,,,,,,,,,,,,,,,,,,,,,,,,,,,,,,,,,,,,,,
1438,0.1104,1.8282854557037354,4.711717907345456e-06,2.7109375,1388,,,,,,,,,,,,,,,,,,,,,,,,,,,,,,,,,,,,,,,,,,,,,,,,,,,,,,,,,,,,,,
1439,0.0467,1.8073854446411133,4.6976916667259555e-06,2.712890625,1389,,,,,,,,,,,,,,,,,,,,,,,,,,,,,,,,,,,,,,,,,,,,,,,,,,,,,,,,,,,,,,
1440,0.0706,1.7933529615402222,4.683679922414964e-06,2.71484375,1390,,,,,,,,,,,,,,,,,,,,,,,,,,,,,,,,,,,,,,,,,,,,,,,,,,,,,,,,,,,,,,
1441,0.1058,2.8641762733459473,4.669682712720065e-06,2.716796875,1391,,,,,,,,,,,,,,,,,,,,,,,,,,,,,,,,,,,,,,,,,,,,,,,,,,,,,,,,,,,,,,
1442,0.1139,2.270137071609497,4.655700075909088e-06,2.71875,1392,,,,,,,,,,,,,,,,,,,,,,,,,,,,,,,,,,,,,,,,,,,,,,,,,,,,,,,,,,,,,,
1443,0.0576,1.543656587600708,4.641732050210032e-06,2.720703125,1393,,,,,,,,,,,,,,,,,,,,,,,,,,,,,,,,,,,,,,,,,,,,,,,,,,,,,,,,,,,,,,
1444,0.0588,1.633624792098999,4.627778673810953e-06,2.72265625,1394,,,,,,,,,,,,,,,,,,,,,,,,,,,,,,,,,,,,,,,,,,,,,,,,,,,,,,,,,,,,,,
1445,0.0745,1.4642926454544067,4.613839984859835e-06,2.724609375,1395,,,,,,,,,,,,,,,,,,,,,,,,,,,,,,,,,,,,,,,,,,,,,,,,,,,,,,,,,,,,,,
1446,0.0991,2.3300654888153076,4.599916021464531e-06,2.7265625,1396,,,,,,,,,,,,,,,,,,,,,,,,,,,,,,,,,,,,,,,,,,,,,,,,,,,,,,,,,,,,,,
1447,0.0785,1.869138479232788,4.58600682169262e-06,2.728515625,1397,,,,,,,,,,,,,,,,,,,,,,,,,,,,,,,,,,,,,,,,,,,,,,,,,,,,,,,,,,,,,,
1448,0.0467,1.3463791608810425,4.57211242357133e-06,2.73046875,1398,,,,,,,,,,,,,,,,,,,,,,,,,,,,,,,,,,,,,,,,,,,,,,,,,,,,,,,,,,,,,,
1449,0.0689,1.8022794723510742,4.5582328650874095e-06,2.732421875,1399,,,,,,,,,,,,,,,,,,,,,,,,,,,,,,,,,,,,,,,,,,,,,,,,,,,,,,,,,,,,,,
1450,0.059,2.072392463684082,4.544368184187039e-06,2.734375,1400,,,,,,,,,,,,,,,,,,,,,,,,,,,,,,,,,,,,,,,,,,,,,,,,,,,,,,,,,,,,,,
1451,0.0672,2.132589340209961,4.530518418775734e-06,2.736328125,1401,,,,,,,,,,,,,,,,,,,,,,,,,,,,,,,,,,,,,,,,,,,,,,,,,,,,,,,,,,,,,,
1452,0.0497,1.4820201396942139,4.5166836067182165e-06,2.73828125,1402,,,,,,,,,,,,,,,,,,,,,,,,,,,,,,,,,,,,,,,,,,,,,,,,,,,,,,,,,,,,,,
1453,0.1201,2.2229292392730713,4.5028637858383415e-06,2.740234375,1403,,,,,,,,,,,,,,,,,,,,,,,,,,,,,,,,,,,,,,,,,,,,,,,,,,,,,,,,,,,,,,
1454,0.102,2.999574661254883,4.489058993918969e-06,2.7421875,1404,,,,,,,,,,,,,,,,,,,,,,,,,,,,,,,,,,,,,,,,,,,,,,,,,,,,,,,,,,,,,,
1455,0.0776,1.8487471342086792,4.4752692687018685e-06,2.744140625,1405,,,,,,,,,,,,,,,,,,,,,,,,,,,,,,,,,,,,,,,,,,,,,,,,,,,,,,,,,,,,,,
1456,0.1339,2.0854976177215576,4.4614946478876305e-06,2.74609375,1406,,,,,,,,,,,,,,,,,,,,,,,,,,,,,,,,,,,,,,,,,,,,,,,,,,,,,,,,,,,,,,
1457,0.0521,2.1933414936065674,4.447735169135533e-06,2.748046875,1407,,,,,,,,,,,,,,,,,,,,,,,,,,,,,,,,,,,,,,,,,,,,,,,,,,,,,,,,,,,,,,
1458,0.1034,2.194899797439575,4.4339908700634745e-06,2.75,1408,,,,,,,,,,,,,,,,,,,,,,,,,,,,,,,,,,,,,,,,,,,,,,,,,,,,,,,,,,,,,,
1459,0.1053,3.4019718170166016,4.420261788247841e-06,2.751953125,1409,,,,,,,,,,,,,,,,,,,,,,,,,,,,,,,,,,,,,,,,,,,,,,,,,,,,,,,,,,,,,,
1460,0.0655,1.8987925052642822,4.406547961223412e-06,2.75390625,1410,,,,,,,,,,,,,,,,,,,,,,,,,,,,,,,,,,,,,,,,,,,,,,,,,,,,,,,,,,,,,,
1461,0.0776,2.606940269470215,4.392849426483275e-06,2.755859375,1411,,,,,,,,,,,,,,,,,,,,,,,,,,,,,,,,,,,,,,,,,,,,,,,,,,,,,,,,,,,,,,
1462,0.0634,1.98188054561615,4.379166221478697e-06,2.7578125,1412,,,,,,,,,,,,,,,,,,,,,,,,,,,,,,,,,,,,,,,,,,,,,,,,,,,,,,,,,,,,,,
1463,0.0902,2.2126052379608154,4.365498383619036e-06,2.759765625,1413,,,,,,,,,,,,,,,,,,,,,,,,,,,,,,,,,,,,,,,,,,,,,,,,,,,,,,,,,,,,,,
1464,0.0995,2.173736333847046,4.351845950271644e-06,2.76171875,1414,,,,,,,,,,,,,,,,,,,,,,,,,,,,,,,,,,,,,,,,,,,,,,,,,,,,,,,,,,,,,,
1465,0.0862,2.1342835426330566,4.338208958761747e-06,2.763671875,1415,,,,,,,,,,,,,,,,,,,,,,,,,,,,,,,,,,,,,,,,,,,,,,,,,,,,,,,,,,,,,,
1466,0.0636,1.7388931512832642,4.324587446372365e-06,2.765625,1416,,,,,,,,,,,,,,,,,,,,,,,,,,,,,,,,,,,,,,,,,,,,,,,,,,,,,,,,,,,,,,
1467,0.0598,1.921626329421997,4.3109814503441894e-06,2.767578125,1417,,,,,,,,,,,,,,,,,,,,,,,,,,,,,,,,,,,,,,,,,,,,,,,,,,,,,,,,,,,,,,
1468,0.1,2.7927639484405518,4.29739100787549e-06,2.76953125,1418,,,,,,,,,,,,,,,,,,,,,,,,,,,,,,,,,,,,,,,,,,,,,,,,,,,,,,,,,,,,,,
1469,0.064,2.0882277488708496,4.2838161561220245e-06,2.771484375,1419,,,,,,,,,,,,,,,,,,,,,,,,,,,,,,,,,,,,,,,,,,,,,,,,,,,,,,,,,,,,,,
1470,0.0585,1.7098896503448486,4.2702569321969145e-06,2.7734375,1420,,,,,,,,,,,,,,,,,,,,,,,,,,,,,,,,,,,,,,,,,,,,,,,,,,,,,,,,,,,,,,
1471,0.0889,1.046761155128479,4.256713373170565e-06,2.775390625,1421,,,,,,,,,,,,,,,,,,,,,,,,,,,,,,,,,,,,,,,,,,,,,,,,,,,,,,,,,,,,,,
1472,0.0931,2.6424062252044678,4.243185516070546e-06,2.77734375,1422,,,,,,,,,,,,,,,,,,,,,,,,,,,,,,,,,,,,,,,,,,,,,,,,,,,,,,,,,,,,,,
1473,0.0784,1.4499311447143555,4.2296733978815e-06,2.779296875,1423,,,,,,,,,,,,,,,,,,,,,,,,,,,,,,,,,,,,,,,,,,,,,,,,,,,,,,,,,,,,,,
1474,0.0712,1.5038328170776367,4.216177055545048e-06,2.78125,1424,,,,,,,,,,,,,,,,,,,,,,,,,,,,,,,,,,,,,,,,,,,,,,,,,,,,,,,,,,,,,,
1475,0.0681,1.525132179260254,4.202696525959667e-06,2.783203125,1425,,,,,,,,,,,,,,,,,,,,,,,,,,,,,,,,,,,,,,,,,,,,,,,,,,,,,,,,,,,,,,
1476,0.0621,1.686416506767273,4.189231845980618e-06,2.78515625,1426,,,,,,,,,,,,,,,,,,,,,,,,,,,,,,,,,,,,,,,,,,,,,,,,,,,,,,,,,,,,,,
1477,0.0553,1.331648349761963,4.17578305241982e-06,2.787109375,1427,,,,,,,,,,,,,,,,,,,,,,,,,,,,,,,,,,,,,,,,,,,,,,,,,,,,,,,,,,,,,,
1478,0.0957,2.5422000885009766,4.162350182045754e-06,2.7890625,1428,,,,,,,,,,,,,,,,,,,,,,,,,,,,,,,,,,,,,,,,,,,,,,,,,,,,,,,,,,,,,,
1479,0.0736,1.841850757598877,4.148933271583385e-06,2.791015625,1429,,,,,,,,,,,,,,,,,,,,,,,,,,,,,,,,,,,,,,,,,,,,,,,,,,,,,,,,,,,,,,
1480,0.0617,1.9026541709899902,4.135532357714026e-06,2.79296875,1430,,,,,,,,,,,,,,,,,,,,,,,,,,,,,,,,,,,,,,,,,,,,,,,,,,,,,,,,,,,,,,
1481,0.0825,1.9805010557174683,4.12214747707527e-06,2.794921875,1431,,,,,,,,,,,,,,,,,,,,,,,,,,,,,,,,,,,,,,,,,,,,,,,,,,,,,,,,,,,,,,
1482,0.0745,2.347087860107422,4.1087786662608665e-06,2.796875,1432,,,,,,,,,,,,,,,,,,,,,,,,,,,,,,,,,,,,,,,,,,,,,,,,,,,,,,,,,,,,,,
1483,0.0678,1.906948447227478,4.0954259618206295e-06,2.798828125,1433,,,,,,,,,,,,,,,,,,,,,,,,,,,,,,,,,,,,,,,,,,,,,,,,,,,,,,,,,,,,,,
1484,0.0554,1.4027602672576904,4.082089400260351e-06,2.80078125,1434,,,,,,,,,,,,,,,,,,,,,,,,,,,,,,,,,,,,,,,,,,,,,,,,,,,,,,,,,,,,,,
1485,0.0521,1.216996192932129,4.068769018041674e-06,2.802734375,1435,,,,,,,,,,,,,,,,,,,,,,,,,,,,,,,,,,,,,,,,,,,,,,,,,,,,,,,,,,,,,,
1486,0.0786,1.0795438289642334,4.055464851582022e-06,2.8046875,1436,,,,,,,,,,,,,,,,,,,,,,,,,,,,,,,,,,,,,,,,,,,,,,,,,,,,,,,,,,,,,,
1487,0.0728,2.5476901531219482,4.042176937254474e-06,2.806640625,1437,,,,,,,,,,,,,,,,,,,,,,,,,,,,,,,,,,,,,,,,,,,,,,,,,,,,,,,,,,,,,,
1488,0.0592,2.894087076187134,4.028905311387678e-06,2.80859375,1438,,,,,,,,,,,,,,,,,,,,,,,,,,,,,,,,,,,,,,,,,,,,,,,,,,,,,,,,,,,,,,
1489,0.1036,2.1625239849090576,4.015650010265757e-06,2.810546875,1439,,,,,,,,,,,,,,,,,,,,,,,,,,,,,,,,,,,,,,,,,,,,,,,,,,,,,,,,,,,,,,
1490,0.1072,1.9263449907302856,4.002411070128197e-06,2.8125,1440,,,,,,,,,,,,,,,,,,,,,,,,,,,,,,,,,,,,,,,,,,,,,,,,,,,,,,,,,,,,,,
1491,,,,2.8125,1440,0.07138121873140335,0.9545454545454546,0.9552826667567063,0.9545454545454546,0.9541615323390719,0.9545454545454546,0.956490339912633,0.9545454545454546,0.9399141630901288,0.9487364620938629,0.9669421487603306,0.9659442724458205,0.9549902152641878,0.9503407984420643,0.9641148325358851,0.9561091340450771,2.6121,879.75,4.594,,,,,,,,,,,,,,,,,,,,,,,,,,,,,,,,,,,,,,,,,,,
1492,,,,2.8125,1440,,,,,,,,,,,,,,,,,,,,0.8629196882247925,0.5359543010752689,0.5320979502231957,0.5359543010752689,0.5325760364018725,0.5359543010752689,0.6993692807584021,0.5359543010752689,0.407108646332241,0.5663685779414344,0.7932618683001531,0.6278787878787878,0.7734668335419274,0.5587703435804702,0.8236397748592871,0.37537409149209067,6.2447,960.814,5.124,,,,,,,,,,,,,,,,,,,,,,,,
1493,,,,2.8125,1440,,,,,,,,,,,,,,,,,,,,,,,,,,,,,,,,,,,,,,,0.10425420105457306,0.9222222222222223,0.9201596019461774,0.9222222222222223,0.919212301028042,0.9222222222222223,0.9212538970237565,0.9222222222222223,0.9186602870813397,0.9269764634882317,0.9659863945578231,0.9620596205962059,0.8985507246376812,0.9027134348113832,0.9018181818181819,0.888888888888889,3.3277,867.265,4.808,,,,,
1494,0.0771,1.6292738914489746,3.989188527169749e-06,2.814453125,1441,,,,,,,,,,,,,,,,,,,,,,,,,,,,,,,,,,,,,,,,,,,,,,,,,,,,,,,,,,,,,,
1495,0.0572,2.076192855834961,3.975982417540351e-06,2.81640625,1442,,,,,,,,,,,,,,,,,,,,,,,,,,,,,,,,,,,,,,,,,,,,,,,,,,,,,,,,,,,,,,
1496,0.063,1.8049144744873047,3.962792777344992e-06,2.818359375,1443,,,,,,,,,,,,,,,,,,,,,,,,,,,,,,,,,,,,,,,,,,,,,,,,,,,,,,,,,,,,,,
1497,0.0689,2.9015471935272217,3.949619642643654e-06,2.8203125,1444,,,,,,,,,,,,,,,,,,,,,,,,,,,,,,,,,,,,,,,,,,,,,,,,,,,,,,,,,,,,,,
1498,0.0515,1.9752962589263916,3.936463049451179e-06,2.822265625,1445,,,,,,,,,,,,,,,,,,,,,,,,,,,,,,,,,,,,,,,,,,,,,,,,,,,,,,,,,,,,,,
1499,0.0606,2.184237003326416,3.923323033737188e-06,2.82421875,1446,,,,,,,,,,,,,,,,,,,,,,,,,,,,,,,,,,,,,,,,,,,,,,,,,,,,,,,,,,,,,,
1500,0.0974,2.6650900840759277,3.910199631425989e-06,2.826171875,1447,,,,,,,,,,,,,,,,,,,,,,,,,,,,,,,,,,,,,,,,,,,,,,,,,,,,,,,,,,,,,,
1501,0.0849,1.855128526687622,3.8970928783964564e-06,2.828125,1448,,,,,,,,,,,,,,,,,,,,,,,,,,,,,,,,,,,,,,,,,,,,,,,,,,,,,,,,,,,,,,
1502,0.0931,2.095395803451538,3.884002810481959e-06,2.830078125,1449,,,,,,,,,,,,,,,,,,,,,,,,,,,,,,,,,,,,,,,,,,,,,,,,,,,,,,,,,,,,,,
1503,0.0932,1.7800439596176147,3.8709294634702374e-06,2.83203125,1450,,,,,,,,,,,,,,,,,,,,,,,,,,,,,,,,,,,,,,,,,,,,,,,,,,,,,,,,,,,,,,
1504,0.037,1.4155017137527466,3.857872873103322e-06,2.833984375,1451,,,,,,,,,,,,,,,,,,,,,,,,,,,,,,,,,,,,,,,,,,,,,,,,,,,,,,,,,,,,,,
1505,0.0841,3.3745296001434326,3.844833075077439e-06,2.8359375,1452,,,,,,,,,,,,,,,,,,,,,,,,,,,,,,,,,,,,,,,,,,,,,,,,,,,,,,,,,,,,,,
1506,0.0407,1.532666802406311,3.83181010504289e-06,2.837890625,1453,,,,,,,,,,,,,,,,,,,,,,,,,,,,,,,,,,,,,,,,,,,,,,,,,,,,,,,,,,,,,,
1507,0.079,1.7402515411376953,3.818803998603986e-06,2.83984375,1454,,,,,,,,,,,,,,,,,,,,,,,,,,,,,,,,,,,,,,,,,,,,,,,,,,,,,,,,,,,,,,
1508,0.0519,2.9767141342163086,3.8058147913189215e-06,2.841796875,1455,,,,,,,,,,,,,,,,,,,,,,,,,,,,,,,,,,,,,,,,,,,,,,,,,,,,,,,,,,,,,,
1509,0.0657,1.806423306465149,3.792842518699689e-06,2.84375,1456,,,,,,,,,,,,,,,,,,,,,,,,,,,,,,,,,,,,,,,,,,,,,,,,,,,,,,,,,,,,,,
1510,0.0703,2.825533628463745,3.7798872162119948e-06,2.845703125,1457,,,,,,,,,,,,,,,,,,,,,,,,,,,,,,,,,,,,,,,,,,,,,,,,,,,,,,,,,,,,,,
1511,0.1171,1.8645780086517334,3.766948919275133e-06,2.84765625,1458,,,,,,,,,,,,,,,,,,,,,,,,,,,,,,,,,,,,,,,,,,,,,,,,,,,,,,,,,,,,,,
1512,0.0668,2.1267826557159424,3.754027663261922e-06,2.849609375,1459,,,,,,,,,,,,,,,,,,,,,,,,,,,,,,,,,,,,,,,,,,,,,,,,,,,,,,,,,,,,,,
1513,0.075,2.6088979244232178,3.7411234834985765e-06,2.8515625,1460,,,,,,,,,,,,,,,,,,,,,,,,,,,,,,,,,,,,,,,,,,,,,,,,,,,,,,,,,,,,,,
1514,0.0624,1.8002978563308716,3.72823641526463e-06,2.853515625,1461,,,,,,,,,,,,,,,,,,,,,,,,,,,,,,,,,,,,,,,,,,,,,,,,,,,,,,,,,,,,,,
1515,0.0963,1.659049391746521,3.71536649379284e-06,2.85546875,1462,,,,,,,,,,,,,,,,,,,,,,,,,,,,,,,,,,,,,,,,,,,,,,,,,,,,,,,,,,,,,,
1516,0.0766,2.0014257431030273,3.702513754269076e-06,2.857421875,1463,,,,,,,,,,,,,,,,,,,,,,,,,,,,,,,,,,,,,,,,,,,,,,,,,,,,,,,,,,,,,,
1517,0.0808,2.9506475925445557,3.689678231832241e-06,2.859375,1464,,,,,,,,,,,,,,,,,,,,,,,,,,,,,,,,,,,,,,,,,,,,,,,,,,,,,,,,,,,,,,
1518,0.1102,3.1260762214660645,3.676859961574162e-06,2.861328125,1465,,,,,,,,,,,,,,,,,,,,,,,,,,,,,,,,,,,,,,,,,,,,,,,,,,,,,,,,,,,,,,
1519,0.0727,1.8227763175964355,3.6640589785394955e-06,2.86328125,1466,,,,,,,,,,,,,,,,,,,,,,,,,,,,,,,,,,,,,,,,,,,,,,,,,,,,,,,,,,,,,,
1520,0.048,1.6318788528442383,3.651275317725648e-06,2.865234375,1467,,,,,,,,,,,,,,,,,,,,,,,,,,,,,,,,,,,,,,,,,,,,,,,,,,,,,,,,,,,,,,
1521,0.0993,2.3567259311676025,3.6385090140826563e-06,2.8671875,1468,,,,,,,,,,,,,,,,,,,,,,,,,,,,,,,,,,,,,,,,,,,,,,,,,,,,,,,,,,,,,,
1522,0.067,1.9711613655090332,3.625760102513103e-06,2.869140625,1469,,,,,,,,,,,,,,,,,,,,,,,,,,,,,,,,,,,,,,,,,,,,,,,,,,,,,,,,,,,,,,
1523,0.0786,1.8620140552520752,3.6130286178720343e-06,2.87109375,1470,,,,,,,,,,,,,,,,,,,,,,,,,,,,,,,,,,,,,,,,,,,,,,,,,,,,,,,,,,,,,,
1524,0.0478,1.6043652296066284,3.6003145949668338e-06,2.873046875,1471,,,,,,,,,,,,,,,,,,,,,,,,,,,,,,,,,,,,,,,,,,,,,,,,,,,,,,,,,,,,,,
1525,0.0648,2.2321486473083496,3.587618068557164e-06,2.875,1472,,,,,,,,,,,,,,,,,,,,,,,,,,,,,,,,,,,,,,,,,,,,,,,,,,,,,,,,,,,,,,
1526,0.0619,2.5779294967651367,3.5749390733548382e-06,2.876953125,1473,,,,,,,,,,,,,,,,,,,,,,,,,,,,,,,,,,,,,,,,,,,,,,,,,,,,,,,,,,,,,,
1527,0.0538,1.7980620861053467,3.5622776440237415e-06,2.87890625,1474,,,,,,,,,,,,,,,,,,,,,,,,,,,,,,,,,,,,,,,,,,,,,,,,,,,,,,,,,,,,,,
1528,0.0752,1.4396648406982422,3.549633815179746e-06,2.880859375,1475,,,,,,,,,,,,,,,,,,,,,,,,,,,,,,,,,,,,,,,,,,,,,,,,,,,,,,,,,,,,,,
1529,0.0463,1.2919292449951172,3.5370076213905904e-06,2.8828125,1476,,,,,,,,,,,,,,,,,,,,,,,,,,,,,,,,,,,,,,,,,,,,,,,,,,,,,,,,,,,,,,
1530,0.0729,2.3033220767974854,3.5243990971758124e-06,2.884765625,1477,,,,,,,,,,,,,,,,,,,,,,,,,,,,,,,,,,,,,,,,,,,,,,,,,,,,,,,,,,,,,,
1531,0.0727,2.1086714267730713,3.511808277006632e-06,2.88671875,1478,,,,,,,,,,,,,,,,,,,,,,,,,,,,,,,,,,,,,,,,,,,,,,,,,,,,,,,,,,,,,,
1532,0.0845,3.154171943664551,3.499235195305868e-06,2.888671875,1479,,,,,,,,,,,,,,,,,,,,,,,,,,,,,,,,,,,,,,,,,,,,,,,,,,,,,,,,,,,,,,
1533,0.08,1.6844061613082886,3.4866798864478523e-06,2.890625,1480,,,,,,,,,,,,,,,,,,,,,,,,,,,,,,,,,,,,,,,,,,,,,,,,,,,,,,,,,,,,,,
1534,0.0609,2.3434338569641113,3.4741423847583134e-06,2.892578125,1481,,,,,,,,,,,,,,,,,,,,,,,,,,,,,,,,,,,,,,,,,,,,,,,,,,,,,,,,,,,,,,
1535,0.1163,2.3464035987854004,3.4616227245143085e-06,2.89453125,1482,,,,,,,,,,,,,,,,,,,,,,,,,,,,,,,,,,,,,,,,,,,,,,,,,,,,,,,,,,,,,,
1536,0.0544,1.1376445293426514,3.449120939944107e-06,2.896484375,1483,,,,,,,,,,,,,,,,,,,,,,,,,,,,,,,,,,,,,,,,,,,,,,,,,,,,,,,,,,,,,,
1537,0.0493,1.5005733966827393,3.4366370652271085e-06,2.8984375,1484,,,,,,,,,,,,,,,,,,,,,,,,,,,,,,,,,,,,,,,,,,,,,,,,,,,,,,,,,,,,,,
1538,0.0638,1.5259909629821777,3.4241711344937557e-06,2.900390625,1485,,,,,,,,,,,,,,,,,,,,,,,,,,,,,,,,,,,,,,,,,,,,,,,,,,,,,,,,,,,,,,
1539,0.0732,1.9052143096923828,3.4117231818254205e-06,2.90234375,1486,,,,,,,,,,,,,,,,,,,,,,,,,,,,,,,,,,,,,,,,,,,,,,,,,,,,,,,,,,,,,,
1540,0.0573,1.5250650644302368,3.3992932412543358e-06,2.904296875,1487,,,,,,,,,,,,,,,,,,,,,,,,,,,,,,,,,,,,,,,,,,,,,,,,,,,,,,,,,,,,,,
1541,0.0633,2.2126882076263428,3.3868813467634833e-06,2.90625,1488,,,,,,,,,,,,,,,,,,,,,,,,,,,,,,,,,,,,,,,,,,,,,,,,,,,,,,,,,,,,,,
1542,0.085,1.8599070310592651,3.3744875322865035e-06,2.908203125,1489,,,,,,,,,,,,,,,,,,,,,,,,,,,,,,,,,,,,,,,,,,,,,,,,,,,,,,,,,,,,,,
1543,0.0832,1.8294789791107178,3.3621118317076183e-06,2.91015625,1490,,,,,,,,,,,,,,,,,,,,,,,,,,,,,,,,,,,,,,,,,,,,,,,,,,,,,,,,,,,,,,
1544,0.0489,1.686103343963623,3.349754278861517e-06,2.912109375,1491,,,,,,,,,,,,,,,,,,,,,,,,,,,,,,,,,,,,,,,,,,,,,,,,,,,,,,,,,,,,,,
1545,0.1028,2.3034887313842773,3.3374149075332796e-06,2.9140625,1492,,,,,,,,,,,,,,,,,,,,,,,,,,,,,,,,,,,,,,,,,,,,,,,,,,,,,,,,,,,,,,
1546,0.101,2.5633351802825928,3.3250937514582758e-06,2.916015625,1493,,,,,,,,,,,,,,,,,,,,,,,,,,,,,,,,,,,,,,,,,,,,,,,,,,,,,,,,,,,,,,
1547,0.0706,2.217430591583252,3.3127908443220713e-06,2.91796875,1494,,,,,,,,,,,,,,,,,,,,,,,,,,,,,,,,,,,,,,,,,,,,,,,,,,,,,,,,,,,,,,
1548,0.0755,2.7820146083831787,3.300506219760351e-06,2.919921875,1495,,,,,,,,,,,,,,,,,,,,,,,,,,,,,,,,,,,,,,,,,,,,,,,,,,,,,,,,,,,,,,
1549,0.0784,2.0945708751678467,3.288239911358807e-06,2.921875,1496,,,,,,,,,,,,,,,,,,,,,,,,,,,,,,,,,,,,,,,,,,,,,,,,,,,,,,,,,,,,,,
1550,0.1235,1.9512883424758911,3.2759919526530536e-06,2.923828125,1497,,,,,,,,,,,,,,,,,,,,,,,,,,,,,,,,,,,,,,,,,,,,,,,,,,,,,,,,,,,,,,
1551,0.0707,2.413466215133667,3.2637623771285497e-06,2.92578125,1498,,,,,,,,,,,,,,,,,,,,,,,,,,,,,,,,,,,,,,,,,,,,,,,,,,,,,,,,,,,,,,
1552,0.0788,2.535449981689453,3.25155121822048e-06,2.927734375,1499,,,,,,,,,,,,,,,,,,,,,,,,,,,,,,,,,,,,,,,,,,,,,,,,,,,,,,,,,,,,,,
1553,0.0989,3.143414258956909,3.239358509313695e-06,2.9296875,1500,,,,,,,,,,,,,,,,,,,,,,,,,,,,,,,,,,,,,,,,,,,,,,,,,,,,,,,,,,,,,,
1554,0.065,2.1240129470825195,3.2271842837425917e-06,2.931640625,1501,,,,,,,,,,,,,,,,,,,,,,,,,,,,,,,,,,,,,,,,,,,,,,,,,,,,,,,,,,,,,,
1555,0.0975,2.7272965908050537,3.2150285747910324e-06,2.93359375,1502,,,,,,,,,,,,,,,,,,,,,,,,,,,,,,,,,,,,,,,,,,,,,,,,,,,,,,,,,,,,,,
1556,0.0756,1.8785908222198486,3.202891415692271e-06,2.935546875,1503,,,,,,,,,,,,,,,,,,,,,,,,,,,,,,,,,,,,,,,,,,,,,,,,,,,,,,,,,,,,,,
1557,0.1005,2.436363458633423,3.1907728396288274e-06,2.9375,1504,,,,,,,,,,,,,,,,,,,,,,,,,,,,,,,,,,,,,,,,,,,,,,,,,,,,,,,,,,,,,,
1558,0.0681,2.510540008544922,3.178672879732435e-06,2.939453125,1505,,,,,,,,,,,,,,,,,,,,,,,,,,,,,,,,,,,,,,,,,,,,,,,,,,,,,,,,,,,,,,
1559,0.0633,1.931580662727356,3.1665915690839165e-06,2.94140625,1506,,,,,,,,,,,,,,,,,,,,,,,,,,,,,,,,,,,,,,,,,,,,,,,,,,,,,,,,,,,,,,
1560,0.0816,2.338608503341675,3.1545289407131128e-06,2.943359375,1507,,,,,,,,,,,,,,,,,,,,,,,,,,,,,,,,,,,,,,,,,,,,,,,,,,,,,,,,,,,,,,
1561,0.0488,1.8975961208343506,3.142485027598795e-06,2.9453125,1508,,,,,,,,,,,,,,,,,,,,,,,,,,,,,,,,,,,,,,,,,,,,,,,,,,,,,,,,,,,,,,
1562,0.0984,2.106722593307495,3.1304598626685544e-06,2.947265625,1509,,,,,,,,,,,,,,,,,,,,,,,,,,,,,,,,,,,,,,,,,,,,,,,,,,,,,,,,,,,,,,
1563,0.0408,1.7511347532272339,3.118453478798743e-06,2.94921875,1510,,,,,,,,,,,,,,,,,,,,,,,,,,,,,,,,,,,,,,,,,,,,,,,,,,,,,,,,,,,,,,
1564,0.0647,1.7062041759490967,3.1064659088143424e-06,2.951171875,1511,,,,,,,,,,,,,,,,,,,,,,,,,,,,,,,,,,,,,,,,,,,,,,,,,,,,,,,,,,,,,,
1565,0.0827,2.0266237258911133,3.0944971854889193e-06,2.953125,1512,,,,,,,,,,,,,,,,,,,,,,,,,,,,,,,,,,,,,,,,,,,,,,,,,,,,,,,,,,,,,,
1566,0.102,2.1554207801818848,3.0825473415445073e-06,2.955078125,1513,,,,,,,,,,,,,,,,,,,,,,,,,,,,,,,,,,,,,,,,,,,,,,,,,,,,,,,,,,,,,,
1567,0.0581,2.4003708362579346,3.070616409651519e-06,2.95703125,1514,,,,,,,,,,,,,,,,,,,,,,,,,,,,,,,,,,,,,,,,,,,,,,,,,,,,,,,,,,,,,,
1568,0.0429,2.6398932933807373,3.0587044224286743e-06,2.958984375,1515,,,,,,,,,,,,,,,,,,,,,,,,,,,,,,,,,,,,,,,,,,,,,,,,,,,,,,,,,,,,,,
1569,0.0712,1.9591861963272095,3.0468114124428806e-06,2.9609375,1516,,,,,,,,,,,,,,,,,,,,,,,,,,,,,,,,,,,,,,,,,,,,,,,,,,,,,,,,,,,,,,
1570,0.0668,1.748474359512329,3.034937412209178e-06,2.962890625,1517,,,,,,,,,,,,,,,,,,,,,,,,,,,,,,,,,,,,,,,,,,,,,,,,,,,,,,,,,,,,,,
1571,0.0665,1.421427845954895,3.0230824541906332e-06,2.96484375,1518,,,,,,,,,,,,,,,,,,,,,,,,,,,,,,,,,,,,,,,,,,,,,,,,,,,,,,,,,,,,,,
1572,0.0987,2.372086524963379,3.011246570798242e-06,2.966796875,1519,,,,,,,,,,,,,,,,,,,,,,,,,,,,,,,,,,,,,,,,,,,,,,,,,,,,,,,,,,,,,,
1573,0.0818,2.220092535018921,2.999429794390869e-06,2.96875,1520,,,,,,,,,,,,,,,,,,,,,,,,,,,,,,,,,,,,,,,,,,,,,,,,,,,,,,,,,,,,,,
1574,,,,2.96875,1520,0.06884122639894485,0.9526515151515151,0.9535343536873504,0.9526515151515151,0.9521658309682108,0.9526515151515151,0.9550484669970849,0.9526515151515151,0.9349363507779349,0.9469914040114613,0.9672131147540983,0.9642492339121552,0.9549902152641878,0.9457364341085271,0.9630541871921182,0.9571603427172583,2.6334,872.642,4.557,,,,,,,,,,,,,,,,,,,,,,,,,,,,,,,,,,,,,,,,,,,
1575,,,,2.96875,1520,,,,,,,,,,,,,,,,,,,,0.8847377300262451,0.5310819892473119,0.5281248478913733,0.5310819892473119,0.5309513853235734,0.5310819892473119,0.6979818666593546,0.5310819892473119,0.40085663895187706,0.5611992945326278,0.8042813455657493,0.6265634306134603,0.7537688442211056,0.551470588235294,0.8330206378986866,0.37326607818411095,6.2643,957.813,5.108,,,,,,,,,,,,,,,,,,,,,,,,
1576,,,,2.96875,1520,,,,,,,,,,,,,,,,,,,,,,,,,,,,,,,,,,,,,,,0.10409750044345856,0.9243055555555556,0.9219493740757856,0.9243055555555555,0.9220525642812495,0.9243055555555556,0.9218649408853441,0.9243055555555556,0.9272076372315036,0.9299820466786356,0.964625850340136,0.9613559322033899,0.9101717305151915,0.9077733860342556,0.8854545454545455,0.8886861313868614,3.3667,857.225,4.752,,,,,
1577,0.0665,1.5894888639450073,2.9876321572751143e-06,2.970703125,1521,,,,,,,,,,,,,,,,,,,,,,,,,,,,,,,,,,,,,,,,,,,,,,,,,,,,,,,,,,,,,,
1578,0.0908,2.0335853099823,2.975853691705276e-06,2.97265625,1522,,,,,,,,,,,,,,,,,,,,,,,,,,,,,,,,,,,,,,,,,,,,,,,,,,,,,,,,,,,,,,
1579,0.0621,1.5897682905197144,2.9640944298832306e-06,2.974609375,1523,,,,,,,,,,,,,,,,,,,,,,,,,,,,,,,,,,,,,,,,,,,,,,,,,,,,,,,,,,,,,,
1580,0.0647,1.7626503705978394,2.9523544039583498e-06,2.9765625,1524,,,,,,,,,,,,,,,,,,,,,,,,,,,,,,,,,,,,,,,,,,,,,,,,,,,,,,,,,,,,,,
1581,0.0545,1.470779299736023,2.9406336460274144e-06,2.978515625,1525,,,,,,,,,,,,,,,,,,,,,,,,,,,,,,,,,,,,,,,,,,,,,,,,,,,,,,,,,,,,,,
1582,0.0693,2.110259532928467,2.9289321881345257e-06,2.98046875,1526,,,,,,,,,,,,,,,,,,,,,,,,,,,,,,,,,,,,,,,,,,,,,,,,,,,,,,,,,,,,,,
1583,0.1318,2.1086297035217285,2.9172500622710263e-06,2.982421875,1527,,,,,,,,,,,,,,,,,,,,,,,,,,,,,,,,,,,,,,,,,,,,,,,,,,,,,,,,,,,,,,
1584,0.0995,3.0939834117889404,2.9055873003754066e-06,2.984375,1528,,,,,,,,,,,,,,,,,,,,,,,,,,,,,,,,,,,,,,,,,,,,,,,,,,,,,,,,,,,,,,
1585,0.081,1.5025489330291748,2.8939439343332086e-06,2.986328125,1529,,,,,,,,,,,,,,,,,,,,,,,,,,,,,,,,,,,,,,,,,,,,,,,,,,,,,,,,,,,,,,
1586,0.0889,2.258528709411621,2.882319995976949e-06,2.98828125,1530,,,,,,,,,,,,,,,,,,,,,,,,,,,,,,,,,,,,,,,,,,,,,,,,,,,,,,,,,,,,,,
1587,0.0692,1.1472125053405762,2.8707155170860303e-06,2.990234375,1531,,,,,,,,,,,,,,,,,,,,,,,,,,,,,,,,,,,,,,,,,,,,,,,,,,,,,,,,,,,,,,
1588,0.0477,1.5632706880569458,2.8591305293866557e-06,2.9921875,1532,,,,,,,,,,,,,,,,,,,,,,,,,,,,,,,,,,,,,,,,,,,,,,,,,,,,,,,,,,,,,,
1589,0.1036,2.5236337184906006,2.847565064551747e-06,2.994140625,1533,,,,,,,,,,,,,,,,,,,,,,,,,,,,,,,,,,,,,,,,,,,,,,,,,,,,,,,,,,,,,,
1590,0.0962,1.9143658876419067,2.836019154200831e-06,2.99609375,1534,,,,,,,,,,,,,,,,,,,,,,,,,,,,,,,,,,,,,,,,,,,,,,,,,,,,,,,,,,,,,,
1591,0.0729,2.5767712593078613,2.824492829899994e-06,2.998046875,1535,,,,,,,,,,,,,,,,,,,,,,,,,,,,,,,,,,,,,,,,,,,,,,,,,,,,,,,,,,,,,,
1592,0.0748,1.6820557117462158,2.812986123161762e-06,3.0,1536,,,,,,,,,,,,,,,,,,,,,,,,,,,,,,,,,,,,,,,,,,,,,,,,,,,,,,,,,,,,,,
1593,0.0712,2.2043769359588623,2.8014990654450325e-06,3.001953125,1537,,,,,,,,,,,,,,,,,,,,,,,,,,,,,,,,,,,,,,,,,,,,,,,,,,,,,,,,,,,,,,
1594,0.0856,1.2951020002365112,2.7900316881549915e-06,3.00390625,1538,,,,,,,,,,,,,,,,,,,,,,,,,,,,,,,,,,,,,,,,,,,,,,,,,,,,,,,,,,,,,,
1595,0.0687,1.6871548891067505,2.778584022642996e-06,3.005859375,1539,,,,,,,,,,,,,,,,,,,,,,,,,,,,,,,,,,,,,,,,,,,,,,,,,,,,,,,,,,,,,,
1596,0.0515,1.0226085186004639,2.7671561002065362e-06,3.0078125,1540,,,,,,,,,,,,,,,,,,,,,,,,,,,,,,,,,,,,,,,,,,,,,,,,,,,,,,,,,,,,,,
1597,0.0922,2.1001572608947754,2.7557479520891104e-06,3.009765625,1541,,,,,,,,,,,,,,,,,,,,,,,,,,,,,,,,,,,,,,,,,,,,,,,,,,,,,,,,,,,,,,
1598,0.095,2.6296393871307373,2.744359609480163e-06,3.01171875,1542,,,,,,,,,,,,,,,,,,,,,,,,,,,,,,,,,,,,,,,,,,,,,,,,,,,,,,,,,,,,,,
1599,0.0797,2.2761123180389404,2.7329911035149934e-06,3.013671875,1543,,,,,,,,,,,,,,,,,,,,,,,,,,,,,,,,,,,,,,,,,,,,,,,,,,,,,,,,,,,,,,
1600,0.1012,1.9835654497146606,2.7216424652746497e-06,3.015625,1544,,,,,,,,,,,,,,,,,,,,,,,,,,,,,,,,,,,,,,,,,,,,,,,,,,,,,,,,,,,,,,
1601,0.0581,1.407616138458252,2.7103137257858867e-06,3.017578125,1545,,,,,,,,,,,,,,,,,,,,,,,,,,,,,,,,,,,,,,,,,,,,,,,,,,,,,,,,,,,,,,
1602,0.0615,1.9916832447052002,2.6990049160210386e-06,3.01953125,1546,,,,,,,,,,,,,,,,,,,,,,,,,,,,,,,,,,,,,,,,,,,,,,,,,,,,,,,,,,,,,,
1603,0.0663,1.7894221544265747,2.687716066897964e-06,3.021484375,1547,,,,,,,,,,,,,,,,,,,,,,,,,,,,,,,,,,,,,,,,,,,,,,,,,,,,,,,,,,,,,,
1604,0.0622,1.2170251607894897,2.6764472092799443e-06,3.0234375,1548,,,,,,,,,,,,,,,,,,,,,,,,,,,,,,,,,,,,,,,,,,,,,,,,,,,,,,,,,,,,,,
1605,0.0369,1.2979533672332764,2.6651983739756026e-06,3.025390625,1549,,,,,,,,,,,,,,,,,,,,,,,,,,,,,,,,,,,,,,,,,,,,,,,,,,,,,,,,,,,,,,
1606,0.0357,1.4050202369689941,2.65396959173883e-06,3.02734375,1550,,,,,,,,,,,,,,,,,,,,,,,,,,,,,,,,,,,,,,,,,,,,,,,,,,,,,,,,,,,,,,
1607,0.0547,1.7012547254562378,2.642760893268684e-06,3.029296875,1551,,,,,,,,,,,,,,,,,,,,,,,,,,,,,,,,,,,,,,,,,,,,,,,,,,,,,,,,,,,,,,
1608,0.0986,1.7085376977920532,2.6315723092093228e-06,3.03125,1552,,,,,,,,,,,,,,,,,,,,,,,,,,,,,,,,,,,,,,,,,,,,,,,,,,,,,,,,,,,,,,
1609,0.0819,2.2583062648773193,2.6204038701499056e-06,3.033203125,1553,,,,,,,,,,,,,,,,,,,,,,,,,,,,,,,,,,,,,,,,,,,,,,,,,,,,,,,,,,,,,,
1610,0.0931,2.397585153579712,2.6092556066245155e-06,3.03515625,1554,,,,,,,,,,,,,,,,,,,,,,,,,,,,,,,,,,,,,,,,,,,,,,,,,,,,,,,,,,,,,,
1611,0.0864,1.9423868656158447,2.5981275491120837e-06,3.037109375,1555,,,,,,,,,,,,,,,,,,,,,,,,,,,,,,,,,,,,,,,,,,,,,,,,,,,,,,,,,,,,,,
1612,0.0569,1.5975053310394287,2.587019728036292e-06,3.0390625,1556,,,,,,,,,,,,,,,,,,,,,,,,,,,,,,,,,,,,,,,,,,,,,,,,,,,,,,,,,,,,,,
1613,0.0581,2.0856876373291016,2.5759321737655017e-06,3.041015625,1557,,,,,,,,,,,,,,,,,,,,,,,,,,,,,,,,,,,,,,,,,,,,,,,,,,,,,,,,,,,,,,
1614,0.0871,1.694677472114563,2.5648649166126606e-06,3.04296875,1558,,,,,,,,,,,,,,,,,,,,,,,,,,,,,,,,,,,,,,,,,,,,,,,,,,,,,,,,,,,,,,
1615,0.0607,1.833762288093567,2.553817986835225e-06,3.044921875,1559,,,,,,,,,,,,,,,,,,,,,,,,,,,,,,,,,,,,,,,,,,,,,,,,,,,,,,,,,,,,,,
1616,0.0672,1.7795956134796143,2.542791414635085e-06,3.046875,1560,,,,,,,,,,,,,,,,,,,,,,,,,,,,,,,,,,,,,,,,,,,,,,,,,,,,,,,,,,,,,,
1617,0.0673,2.3121044635772705,2.5317852301584642e-06,3.048828125,1561,,,,,,,,,,,,,,,,,,,,,,,,,,,,,,,,,,,,,,,,,,,,,,,,,,,,,,,,,,,,,,
1618,0.0816,1.8561550378799438,2.5207994634958475e-06,3.05078125,1562,,,,,,,,,,,,,,,,,,,,,,,,,,,,,,,,,,,,,,,,,,,,,,,,,,,,,,,,,,,,,,
1619,0.0604,2.2074966430664062,2.5098341446819097e-06,3.052734375,1563,,,,,,,,,,,,,,,,,,,,,,,,,,,,,,,,,,,,,,,,,,,,,,,,,,,,,,,,,,,,,,
1620,0.0776,1.4332146644592285,2.4988893036954045e-06,3.0546875,1564,,,,,,,,,,,,,,,,,,,,,,,,,,,,,,,,,,,,,,,,,,,,,,,,,,,,,,,,,,,,,,
1621,0.0453,1.6637206077575684,2.487964970459118e-06,3.056640625,1565,,,,,,,,,,,,,,,,,,,,,,,,,,,,,,,,,,,,,,,,,,,,,,,,,,,,,,,,,,,,,,
1622,0.0657,1.5766072273254395,2.4770611748397556e-06,3.05859375,1566,,,,,,,,,,,,,,,,,,,,,,,,,,,,,,,,,,,,,,,,,,,,,,,,,,,,,,,,,,,,,,
1623,0.0571,2.7725164890289307,2.466177946647874e-06,3.060546875,1567,,,,,,,,,,,,,,,,,,,,,,,,,,,,,,,,,,,,,,,,,,,,,,,,,,,,,,,,,,,,,,
1624,0.0616,2.2141451835632324,2.455315315637813e-06,3.0625,1568,,,,,,,,,,,,,,,,,,,,,,,,,,,,,,,,,,,,,,,,,,,,,,,,,,,,,,,,,,,,,,
1625,0.095,2.760423421859741,2.4444733115075823e-06,3.064453125,1569,,,,,,,,,,,,,,,,,,,,,,,,,,,,,,,,,,,,,,,,,,,,,,,,,,,,,,,,,,,,,,
1626,0.0835,2.7678720951080322,2.4336519638988134e-06,3.06640625,1570,,,,,,,,,,,,,,,,,,,,,,,,,,,,,,,,,,,,,,,,,,,,,,,,,,,,,,,,,,,,,,
1627,0.0649,2.3506951332092285,2.422851302396655e-06,3.068359375,1571,,,,,,,,,,,,,,,,,,,,,,,,,,,,,,,,,,,,,,,,,,,,,,,,,,,,,,,,,,,,,,
1628,0.084,1.7339364290237427,2.4120713565297005e-06,3.0703125,1572,,,,,,,,,,,,,,,,,,,,,,,,,,,,,,,,,,,,,,,,,,,,,,,,,,,,,,,,,,,,,,
1629,0.0723,2.477806329727173,2.401312155769916e-06,3.072265625,1573,,,,,,,,,,,,,,,,,,,,,,,,,,,,,,,,,,,,,,,,,,,,,,,,,,,,,,,,,,,,,,
1630,0.0365,1.3028744459152222,2.3905737295325393e-06,3.07421875,1574,,,,,,,,,,,,,,,,,,,,,,,,,,,,,,,,,,,,,,,,,,,,,,,,,,,,,,,,,,,,,,
1631,0.0446,1.813356637954712,2.379856107176024e-06,3.076171875,1575,,,,,,,,,,,,,,,,,,,,,,,,,,,,,,,,,,,,,,,,,,,,,,,,,,,,,,,,,,,,,,
1632,0.113,2.11114239692688,2.369159318001937e-06,3.078125,1576,,,,,,,,,,,,,,,,,,,,,,,,,,,,,,,,,,,,,,,,,,,,,,,,,,,,,,,,,,,,,,
1633,0.0658,3.8547511100769043,2.3584833912548887e-06,3.080078125,1577,,,,,,,,,,,,,,,,,,,,,,,,,,,,,,,,,,,,,,,,,,,,,,,,,,,,,,,,,,,,,,
1634,0.0365,0.9793951511383057,2.347828356122461e-06,3.08203125,1578,,,,,,,,,,,,,,,,,,,,,,,,,,,,,,,,,,,,,,,,,,,,,,,,,,,,,,,,,,,,,,
1635,0.059,2.036078691482544,2.3371942417351077e-06,3.083984375,1579,,,,,,,,,,,,,,,,,,,,,,,,,,,,,,,,,,,,,,,,,,,,,,,,,,,,,,,,,,,,,,
1636,0.0693,1.653072476387024,2.326581077166097e-06,3.0859375,1580,,,,,,,,,,,,,,,,,,,,,,,,,,,,,,,,,,,,,,,,,,,,,,,,,,,,,,,,,,,,,,
1637,0.0639,1.594766616821289,2.315988891431412e-06,3.087890625,1581,,,,,,,,,,,,,,,,,,,,,,,,,,,,,,,,,,,,,,,,,,,,,,,,,,,,,,,,,,,,,,
1638,0.0765,2.1514101028442383,2.3054177134896818e-06,3.08984375,1582,,,,,,,,,,,,,,,,,,,,,,,,,,,,,,,,,,,,,,,,,,,,,,,,,,,,,,,,,,,,,,
1639,0.079,2.1751832962036133,2.2948675722421086e-06,3.091796875,1583,,,,,,,,,,,,,,,,,,,,,,,,,,,,,,,,,,,,,,,,,,,,,,,,,,,,,,,,,,,,,,
1640,0.0629,2.273505449295044,2.284338496532371e-06,3.09375,1584,,,,,,,,,,,,,,,,,,,,,,,,,,,,,,,,,,,,,,,,,,,,,,,,,,,,,,,,,,,,,,
1641,0.0519,1.5592535734176636,2.2738305151465646e-06,3.095703125,1585,,,,,,,,,,,,,,,,,,,,,,,,,,,,,,,,,,,,,,,,,,,,,,,,,,,,,,,,,,,,,,
1642,0.0618,2.839498519897461,2.263343656813107e-06,3.09765625,1586,,,,,,,,,,,,,,,,,,,,,,,,,,,,,,,,,,,,,,,,,,,,,,,,,,,,,,,,,,,,,,
1643,0.0448,1.3048386573791504,2.2528779502026652e-06,3.099609375,1587,,,,,,,,,,,,,,,,,,,,,,,,,,,,,,,,,,,,,,,,,,,,,,,,,,,,,,,,,,,,,,
1644,0.0746,1.8460873365402222,2.2424334239280878e-06,3.1015625,1588,,,,,,,,,,,,,,,,,,,,,,,,,,,,,,,,,,,,,,,,,,,,,,,,,,,,,,,,,,,,,,
1645,0.0501,3.106786012649536,2.2320101065443055e-06,3.103515625,1589,,,,,,,,,,,,,,,,,,,,,,,,,,,,,,,,,,,,,,,,,,,,,,,,,,,,,,,,,,,,,,
1646,0.0923,1.9880179166793823,2.221608026548271e-06,3.10546875,1590,,,,,,,,,,,,,,,,,,,,,,,,,,,,,,,,,,,,,,,,,,,,,,,,,,,,,,,,,,,,,,
1647,0.0954,3.663515329360962,2.211227212378877e-06,3.107421875,1591,,,,,,,,,,,,,,,,,,,,,,,,,,,,,,,,,,,,,,,,,,,,,,,,,,,,,,,,,,,,,,
1648,0.058,2.213420867919922,2.200867692416868e-06,3.109375,1592,,,,,,,,,,,,,,,,,,,,,,,,,,,,,,,,,,,,,,,,,,,,,,,,,,,,,,,,,,,,,,
1649,0.0741,1.520254135131836,2.190529494984782e-06,3.111328125,1593,,,,,,,,,,,,,,,,,,,,,,,,,,,,,,,,,,,,,,,,,,,,,,,,,,,,,,,,,,,,,,
1650,0.0626,0.902314305305481,2.1802126483468524e-06,3.11328125,1594,,,,,,,,,,,,,,,,,,,,,,,,,,,,,,,,,,,,,,,,,,,,,,,,,,,,,,,,,,,,,,
1651,0.0662,1.7007317543029785,2.1699171807089414e-06,3.115234375,1595,,,,,,,,,,,,,,,,,,,,,,,,,,,,,,,,,,,,,,,,,,,,,,,,,,,,,,,,,,,,,,
1652,0.0772,2.3504488468170166,2.1596431202184707e-06,3.1171875,1596,,,,,,,,,,,,,,,,,,,,,,,,,,,,,,,,,,,,,,,,,,,,,,,,,,,,,,,,,,,,,,
1653,0.0603,1.5626461505889893,2.149390494964323e-06,3.119140625,1597,,,,,,,,,,,,,,,,,,,,,,,,,,,,,,,,,,,,,,,,,,,,,,,,,,,,,,,,,,,,,,
1654,0.0732,2.110490560531616,2.13915933297679e-06,3.12109375,1598,,,,,,,,,,,,,,,,,,,,,,,,,,,,,,,,,,,,,,,,,,,,,,,,,,,,,,,,,,,,,,
1655,0.0945,2.1589770317077637,2.1289496622274754e-06,3.123046875,1599,,,,,,,,,,,,,,,,,,,,,,,,,,,,,,,,,,,,,,,,,,,,,,,,,,,,,,,,,,,,,,
1656,0.0605,1.1155574321746826,2.118761510629226e-06,3.125,1600,,,,,,,,,,,,,,,,,,,,,,,,,,,,,,,,,,,,,,,,,,,,,,,,,,,,,,,,,,,,,,
1657,,,,3.125,1600,0.06722357124090195,0.9554924242424242,0.9564885189709345,0.9554924242424242,0.9558472547438126,0.9554924242424242,0.9571889395917192,0.9554924242424242,0.9432314410480349,0.9501466275659824,0.9733606557377049,0.9654471544715446,0.9485714285714286,0.9467680608365019,0.9635922330097088,0.9635922330097088,2.6154,878.65,4.588,,,,,,,,,,,,,,,,,,,,,,,,,,,,,,,,,,,,,,,,,,,
1658,,,,3.125,1600,,,,,,,,,,,,,,,,,,,,0.882634162902832,0.5362903225806451,0.5309324595409607,0.5362903225806451,0.5329983873075291,0.5362903225806451,0.7019520018025099,0.5362903225806451,0.4075100806451613,0.5694664553618595,0.8282208588957055,0.623196768609348,0.74125,0.5568075117370892,0.8308270676691729,0.37425910245554617,6.2222,964.292,5.143,,,,,,,,,,,,,,,,,,,,,,,,
1659,,,,3.125,1600,,,,,,,,,,,,,,,,,,,,,,,,,,,,,,,,,,,,,,,0.10539454221725464,0.9225694444444444,0.9199893291924017,0.9225694444444444,0.9188991666000632,0.9225694444444444,0.921449528046279,0.9225694444444444,0.9272943980929678,0.931178934769599,0.9714673913043478,0.9642616318273769,0.8837516512549538,0.8997982515131137,0.9032846715328468,0.8847184986595176,3.3425,863.413,4.787,,,,,
1660,0.065,1.8110092878341675,2.1085949060360654e-06,3.126953125,1601,,,,,,,,,,,,,,,,,,,,,,,,,,,,,,,,,,,,,,,,,,,,,,,,,,,,,,,,,,,,,,
1661,0.0597,1.2102904319763184,2.098449876243096e-06,3.12890625,1602,,,,,,,,,,,,,,,,,,,,,,,,,,,,,,,,,,,,,,,,,,,,,,,,,,,,,,,,,,,,,,
1662,0.1107,3.1601836681365967,2.0883264489864476e-06,3.130859375,1603,,,,,,,,,,,,,,,,,,,,,,,,,,,,,,,,,,,,,,,,,,,,,,,,,,,,,,,,,,,,,,
1663,0.0824,3.158472776412964,2.0782246519431814e-06,3.1328125,1604,,,,,,,,,,,,,,,,,,,,,,,,,,,,,,,,,,,,,,,,,,,,,,,,,,,,,,,,,,,,,,
1664,0.0687,2.0030932426452637,2.0681445127312218e-06,3.134765625,1605,,,,,,,,,,,,,,,,,,,,,,,,,,,,,,,,,,,,,,,,,,,,,,,,,,,,,,,,,,,,,,
1665,0.0915,1.9182943105697632,2.0580860589092897e-06,3.13671875,1606,,,,,,,,,,,,,,,,,,,,,,,,,,,,,,,,,,,,,,,,,,,,,,,,,,,,,,,,,,,,,,
1666,0.058,1.407599925994873,2.048049317976809e-06,3.138671875,1607,,,,,,,,,,,,,,,,,,,,,,,,,,,,,,,,,,,,,,,,,,,,,,,,,,,,,,,,,,,,,,
1667,0.0987,3.0773491859436035,2.0380343173738516e-06,3.140625,1608,,,,,,,,,,,,,,,,,,,,,,,,,,,,,,,,,,,,,,,,,,,,,,,,,,,,,,,,,,,,,,
1668,0.0523,1.6413511037826538,2.0280410844810426e-06,3.142578125,1609,,,,,,,,,,,,,,,,,,,,,,,,,,,,,,,,,,,,,,,,,,,,,,,,,,,,,,,,,,,,,,
1669,0.054,0.9667094349861145,2.0180696466194983e-06,3.14453125,1610,,,,,,,,,,,,,,,,,,,,,,,,,,,,,,,,,,,,,,,,,,,,,,,,,,,,,,,,,,,,,,
1670,0.039,1.3122625350952148,2.008120031050753e-06,3.146484375,1611,,,,,,,,,,,,,,,,,,,,,,,,,,,,,,,,,,,,,,,,,,,,,,,,,,,,,,,,,,,,,,
1671,0.0649,2.4571726322174072,1.9981922649766714e-06,3.1484375,1612,,,,,,,,,,,,,,,,,,,,,,,,,,,,,,,,,,,,,,,,,,,,,,,,,,,,,,,,,,,,,,
1672,0.0612,2.06006121635437,1.988286375539391e-06,3.150390625,1613,,,,,,,,,,,,,,,,,,,,,,,,,,,,,,,,,,,,,,,,,,,,,,,,,,,,,,,,,,,,,,
1673,0.0876,3.4679861068725586,1.9784023898212345e-06,3.15234375,1614,,,,,,,,,,,,,,,,,,,,,,,,,,,,,,,,,,,,,,,,,,,,,,,,,,,,,,,,,,,,,,
1674,0.0655,1.465691328048706,1.9685403348446374e-06,3.154296875,1615,,,,,,,,,,,,,,,,,,,,,,,,,,,,,,,,,,,,,,,,,,,,,,,,,,,,,,,,,,,,,,
1675,0.0422,1.2990508079528809,1.9587002375720864e-06,3.15625,1616,,,,,,,,,,,,,,,,,,,,,,,,,,,,,,,,,,,,,,,,,,,,,,,,,,,,,,,,,,,,,,
1676,0.0845,2.3908698558807373,1.9488821249060297e-06,3.158203125,1617,,,,,,,,,,,,,,,,,,,,,,,,,,,,,,,,,,,,,,,,,,,,,,,,,,,,,,,,,,,,,,
1677,0.0773,2.4385173320770264,1.9390860236888097e-06,3.16015625,1618,,,,,,,,,,,,,,,,,,,,,,,,,,,,,,,,,,,,,,,,,,,,,,,,,,,,,,,,,,,,,,
1678,0.0734,1.7227858304977417,1.929311960702599e-06,3.162109375,1619,,,,,,,,,,,,,,,,,,,,,,,,,,,,,,,,,,,,,,,,,,,,,,,,,,,,,,,,,,,,,,
1679,0.086,2.0512619018554688,1.919559962669305e-06,3.1640625,1620,,,,,,,,,,,,,,,,,,,,,,,,,,,,,,,,,,,,,,,,,,,,,,,,,,,,,,,,,,,,,,
1680,0.0857,2.1889896392822266,1.9098300562505266e-06,3.166015625,1621,,,,,,,,,,,,,,,,,,,,,,,,,,,,,,,,,,,,,,,,,,,,,,,,,,,,,,,,,,,,,,
1681,0.0723,1.0953192710876465,1.9001222680474518e-06,3.16796875,1622,,,,,,,,,,,,,,,,,,,,,,,,,,,,,,,,,,,,,,,,,,,,,,,,,,,,,,,,,,,,,,
1682,0.0535,1.5098321437835693,1.8904366246007998e-06,3.169921875,1623,,,,,,,,,,,,,,,,,,,,,,,,,,,,,,,,,,,,,,,,,,,,,,,,,,,,,,,,,,,,,,
1683,0.0713,2.125703811645508,1.8807731523907556e-06,3.171875,1624,,,,,,,,,,,,,,,,,,,,,,,,,,,,,,,,,,,,,,,,,,,,,,,,,,,,,,,,,,,,,,
1684,0.0847,2.129600763320923,1.8711318778368792e-06,3.173828125,1625,,,,,,,,,,,,,,,,,,,,,,,,,,,,,,,,,,,,,,,,,,,,,,,,,,,,,,,,,,,,,,
1685,0.0544,2.6716525554656982,1.861512827298051e-06,3.17578125,1626,,,,,,,,,,,,,,,,,,,,,,,,,,,,,,,,,,,,,,,,,,,,,,,,,,,,,,,,,,,,,,
1686,0.0917,2.8764121532440186,1.8519160270723858e-06,3.177734375,1627,,,,,,,,,,,,,,,,,,,,,,,,,,,,,,,,,,,,,,,,,,,,,,,,,,,,,,,,,,,,,,
1687,0.094,2.441230297088623,1.842341503397166e-06,3.1796875,1628,,,,,,,,,,,,,,,,,,,,,,,,,,,,,,,,,,,,,,,,,,,,,,,,,,,,,,,,,,,,,,
1688,0.0627,1.509606957435608,1.8327892824487792e-06,3.181640625,1629,,,,,,,,,,,,,,,,,,,,,,,,,,,,,,,,,,,,,,,,,,,,,,,,,,,,,,,,,,,,,,
1689,0.1144,2.672428607940674,1.8232593903426266e-06,3.18359375,1630,,,,,,,,,,,,,,,,,,,,,,,,,,,,,,,,,,,,,,,,,,,,,,,,,,,,,,,,,,,,,,
1690,0.0702,1.9995543956756592,1.8137518531330768e-06,3.185546875,1631,,,,,,,,,,,,,,,,,,,,,,,,,,,,,,,,,,,,,,,,,,,,,,,,,,,,,,,,,,,,,,
1691,0.0624,1.8364204168319702,1.8042666968133682e-06,3.1875,1632,,,,,,,,,,,,,,,,,,,,,,,,,,,,,,,,,,,,,,,,,,,,,,,,,,,,,,,,,,,,,,
1692,0.0446,2.064178705215454,1.7948039473155553e-06,3.189453125,1633,,,,,,,,,,,,,,,,,,,,,,,,,,,,,,,,,,,,,,,,,,,,,,,,,,,,,,,,,,,,,,
1693,0.0394,1.6415786743164062,1.7853636305104382e-06,3.19140625,1634,,,,,,,,,,,,,,,,,,,,,,,,,,,,,,,,,,,,,,,,,,,,,,,,,,,,,,,,,,,,,,
1694,0.0846,2.5180118083953857,1.775945772207477e-06,3.193359375,1635,,,,,,,,,,,,,,,,,,,,,,,,,,,,,,,,,,,,,,,,,,,,,,,,,,,,,,,,,,,,,,
1695,0.0788,2.0353918075561523,1.7665503981547428e-06,3.1953125,1636,,,,,,,,,,,,,,,,,,,,,,,,,,,,,,,,,,,,,,,,,,,,,,,,,,,,,,,,,,,,,,
1696,0.0502,1.1698204278945923,1.7571775340388275e-06,3.197265625,1637,,,,,,,,,,,,,,,,,,,,,,,,,,,,,,,,,,,,,,,,,,,,,,,,,,,,,,,,,,,,,,
1697,0.0793,2.406907320022583,1.747827205484779e-06,3.19921875,1638,,,,,,,,,,,,,,,,,,,,,,,,,,,,,,,,,,,,,,,,,,,,,,,,,,,,,,,,,,,,,,
1698,0.0634,1.559085726737976,1.738499438056045e-06,3.201171875,1639,,,,,,,,,,,,,,,,,,,,,,,,,,,,,,,,,,,,,,,,,,,,,,,,,,,,,,,,,,,,,,
1699,0.0463,2.0582756996154785,1.7291942572543806e-06,3.203125,1640,,,,,,,,,,,,,,,,,,,,,,,,,,,,,,,,,,,,,,,,,,,,,,,,,,,,,,,,,,,,,,
1700,0.0759,1.6764076948165894,1.7199116885197996e-06,3.205078125,1641,,,,,,,,,,,,,,,,,,,,,,,,,,,,,,,,,,,,,,,,,,,,,,,,,,,,,,,,,,,,,,
1701,0.0595,1.5807664394378662,1.7106517572304883e-06,3.20703125,1642,,,,,,,,,,,,,,,,,,,,,,,,,,,,,,,,,,,,,,,,,,,,,,,,,,,,,,,,,,,,,,
1702,0.1174,1.6472376585006714,1.7014144887027406e-06,3.208984375,1643,,,,,,,,,,,,,,,,,,,,,,,,,,,,,,,,,,,,,,,,,,,,,,,,,,,,,,,,,,,,,,
1703,0.0763,1.8080329895019531,1.6921999081909036e-06,3.2109375,1644,,,,,,,,,,,,,,,,,,,,,,,,,,,,,,,,,,,,,,,,,,,,,,,,,,,,,,,,,,,,,,
1704,0.0512,1.009440541267395,1.6830080408872852e-06,3.212890625,1645,,,,,,,,,,,,,,,,,,,,,,,,,,,,,,,,,,,,,,,,,,,,,,,,,,,,,,,,,,,,,,
1705,0.1059,3.162780523300171,1.6738389119220966e-06,3.21484375,1646,,,,,,,,,,,,,,,,,,,,,,,,,,,,,,,,,,,,,,,,,,,,,,,,,,,,,,,,,,,,,,
1706,0.0795,1.7611581087112427,1.6646925463633924e-06,3.216796875,1647,,,,,,,,,,,,,,,,,,,,,,,,,,,,,,,,,,,,,,,,,,,,,,,,,,,,,,,,,,,,,,
1707,0.0747,2.2531991004943848,1.6555689692169796e-06,3.21875,1648,,,,,,,,,,,,,,,,,,,,,,,,,,,,,,,,,,,,,,,,,,,,,,,,,,,,,,,,,,,,,,
1708,0.0677,1.863054633140564,1.646468205426377e-06,3.220703125,1649,,,,,,,,,,,,,,,,,,,,,,,,,,,,,,,,,,,,,,,,,,,,,,,,,,,,,,,,,,,,,,
1709,0.0826,1.9217814207077026,1.6373902798727226e-06,3.22265625,1650,,,,,,,,,,,,,,,,,,,,,,,,,,,,,,,,,,,,,,,,,,,,,,,,,,,,,,,,,,,,,,
1710,0.0722,2.085857391357422,1.6283352173747148e-06,3.224609375,1651,,,,,,,,,,,,,,,,,,,,,,,,,,,,,,,,,,,,,,,,,,,,,,,,,,,,,,,,,,,,,,
1711,0.094,2.5932326316833496,1.6193030426885526e-06,3.2265625,1652,,,,,,,,,,,,,,,,,,,,,,,,,,,,,,,,,,,,,,,,,,,,,,,,,,,,,,,,,,,,,,
1712,0.0599,1.132370948791504,1.6102937805078544e-06,3.228515625,1653,,,,,,,,,,,,,,,,,,,,,,,,,,,,,,,,,,,,,,,,,,,,,,,,,,,,,,,,,,,,,,
1713,0.0651,3.1298587322235107,1.6013074554636022e-06,3.23046875,1654,,,,,,,,,,,,,,,,,,,,,,,,,,,,,,,,,,,,,,,,,,,,,,,,,,,,,,,,,,,,,,
1714,0.0617,2.1156084537506104,1.5923440921240641e-06,3.232421875,1655,,,,,,,,,,,,,,,,,,,,,,,,,,,,,,,,,,,,,,,,,,,,,,,,,,,,,,,,,,,,,,
1715,0.038,1.1506725549697876,1.5834037149947291e-06,3.234375,1656,,,,,,,,,,,,,,,,,,,,,,,,,,,,,,,,,,,,,,,,,,,,,,,,,,,,,,,,,,,,,,
1716,0.08,1.5694009065628052,1.5744863485182537e-06,3.236328125,1657,,,,,,,,,,,,,,,,,,,,,,,,,,,,,,,,,,,,,,,,,,,,,,,,,,,,,,,,,,,,,,
1717,0.0709,1.6544891595840454,1.565592017074371e-06,3.23828125,1658,,,,,,,,,,,,,,,,,,,,,,,,,,,,,,,,,,,,,,,,,,,,,,,,,,,,,,,,,,,,,,
1718,0.0758,1.9556300640106201,1.5567207449798517e-06,3.240234375,1659,,,,,,,,,,,,,,,,,,,,,,,,,,,,,,,,,,,,,,,,,,,,,,,,,,,,,,,,,,,,,,
1719,0.0891,2.0283257961273193,1.5478725564884045e-06,3.2421875,1660,,,,,,,,,,,,,,,,,,,,,,,,,,,,,,,,,,,,,,,,,,,,,,,,,,,,,,,,,,,,,,
1720,0.0549,1.6712979078292847,1.5390474757906449e-06,3.244140625,1661,,,,,,,,,,,,,,,,,,,,,,,,,,,,,,,,,,,,,,,,,,,,,,,,,,,,,,,,,,,,,,
1721,0.0643,1.880030870437622,1.5302455270140083e-06,3.24609375,1662,,,,,,,,,,,,,,,,,,,,,,,,,,,,,,,,,,,,,,,,,,,,,,,,,,,,,,,,,,,,,,
1722,0.0545,1.8682082891464233,1.5214667342226818e-06,3.248046875,1663,,,,,,,,,,,,,,,,,,,,,,,,,,,,,,,,,,,,,,,,,,,,,,,,,,,,,,,,,,,,,,
1723,0.055,1.7724980115890503,1.512711121417556e-06,3.25,1664,,,,,,,,,,,,,,,,,,,,,,,,,,,,,,,,,,,,,,,,,,,,,,,,,,,,,,,,,,,,,,
1724,0.0463,2.1836814880371094,1.5039787125361327e-06,3.251953125,1665,,,,,,,,,,,,,,,,,,,,,,,,,,,,,,,,,,,,,,,,,,,,,,,,,,,,,,,,,,,,,,
1725,0.0485,2.5418787002563477,1.4952695314524912e-06,3.25390625,1666,,,,,,,,,,,,,,,,,,,,,,,,,,,,,,,,,,,,,,,,,,,,,,,,,,,,,,,,,,,,,,
1726,0.0633,2.178232431411743,1.4865836019771995e-06,3.255859375,1667,,,,,,,,,,,,,,,,,,,,,,,,,,,,,,,,,,,,,,,,,,,,,,,,,,,,,,,,,,,,,,
1727,0.0504,1.7674185037612915,1.4779209478572542e-06,3.2578125,1668,,,,,,,,,,,,,,,,,,,,,,,,,,,,,,,,,,,,,,,,,,,,,,,,,,,,,,,,,,,,,,
1728,0.0819,2.179591655731201,1.4692815927760274e-06,3.259765625,1669,,,,,,,,,,,,,,,,,,,,,,,,,,,,,,,,,,,,,,,,,,,,,,,,,,,,,,,,,,,,,,
1729,0.0742,2.4221129417419434,1.4606655603531762e-06,3.26171875,1670,,,,,,,,,,,,,,,,,,,,,,,,,,,,,,,,,,,,,,,,,,,,,,,,,,,,,,,,,,,,,,
1730,0.0468,1.3090355396270752,1.4520728741446087e-06,3.263671875,1671,,,,,,,,,,,,,,,,,,,,,,,,,,,,,,,,,,,,,,,,,,,,,,,,,,,,,,,,,,,,,,
1731,0.0609,1.7773152589797974,1.443503557642405e-06,3.265625,1672,,,,,,,,,,,,,,,,,,,,,,,,,,,,,,,,,,,,,,,,,,,,,,,,,,,,,,,,,,,,,,
1732,0.0753,2.4886574745178223,1.4349576342747462e-06,3.267578125,1673,,,,,,,,,,,,,,,,,,,,,,,,,,,,,,,,,,,,,,,,,,,,,,,,,,,,,,,,,,,,,,
1733,0.0693,2.3676185607910156,1.4264351274058584e-06,3.26953125,1674,,,,,,,,,,,,,,,,,,,,,,,,,,,,,,,,,,,,,,,,,,,,,,,,,,,,,,,,,,,,,,
1734,0.0651,3.5475149154663086,1.4179360603359504e-06,3.271484375,1675,,,,,,,,,,,,,,,,,,,,,,,,,,,,,,,,,,,,,,,,,,,,,,,,,,,,,,,,,,,,,,
1735,0.0642,2.233764886856079,1.409460456301147e-06,3.2734375,1676,,,,,,,,,,,,,,,,,,,,,,,,,,,,,,,,,,,,,,,,,,,,,,,,,,,,,,,,,,,,,,
1736,0.0857,1.9026845693588257,1.4010083384734308e-06,3.275390625,1677,,,,,,,,,,,,,,,,,,,,,,,,,,,,,,,,,,,,,,,,,,,,,,,,,,,,,,,,,,,,,,
1737,0.0595,1.9369176626205444,1.3925797299605649e-06,3.27734375,1678,,,,,,,,,,,,,,,,,,,,,,,,,,,,,,,,,,,,,,,,,,,,,,,,,,,,,,,,,,,,,,
1738,0.0685,2.085444927215576,1.384174653806044e-06,3.279296875,1679,,,,,,,,,,,,,,,,,,,,,,,,,,,,,,,,,,,,,,,,,,,,,,,,,,,,,,,,,,,,,,
1739,0.0641,1.8350895643234253,1.3757931329890218e-06,3.28125,1680,,,,,,,,,,,,,,,,,,,,,,,,,,,,,,,,,,,,,,,,,,,,,,,,,,,,,,,,,,,,,,
1740,,,,3.28125,1680,0.06576120108366013,0.9564393939393939,0.9571865960081475,0.9564393939393939,0.9567827436679895,0.9564393939393939,0.9576167135582222,0.9564393939393939,0.9502840909090909,0.9516358463726884,0.9691991786447639,0.9682051282051282,0.9448818897637795,0.9486166007905138,0.9661016949152542,0.9602888086642599,2.619,877.441,4.582,,,,,,,,,,,,,,,,,,,,,,,,,,,,,,,,,,,,,,,,,,,
1741,,,,3.28125,1680,,,,,,,,,,,,,,,,,,,,0.8827993869781494,0.5354502688172043,0.5311698140919779,0.5354502688172043,0.533733054369791,0.5354502688172043,0.7010090238430908,0.5354502688172043,0.4060055513499874,0.5677487649964714,0.8287461773700305,0.6265895953757226,0.7409261576971214,0.5577013659915215,0.8283582089552238,0.37263953000419636,6.2656,957.617,5.107,,,,,,,,,,,,,,,,,,,,,,,,
1742,,,,3.28125,1680,,,,,,,,,,,,,,,,,,,,,,,,,,,,,,,,,,,,,,,0.10278890281915665,0.9267361111111111,0.9244619731689822,0.9267361111111111,0.9235805728005795,0.9267361111111111,0.9255397202860172,0.9267361111111111,0.9305389221556887,0.9327731092436976,0.9714285714285714,0.9681355932203389,0.8947368421052632,0.9060626249167223,0.9054545454545454,0.8908765652951699,3.3505,861.36,4.775,,,,,
1743,0.0899,1.891061544418335,1.367435190424261e-06,3.283203125,1681,,,,,,,,,,,,,,,,,,,,,,,,,,,,,,,,,,,,,,,,,,,,,,,,,,,,,,,,,,,,,,
1744,0.0809,1.7846107482910156,1.3591008489620572e-06,3.28515625,1682,,,,,,,,,,,,,,,,,,,,,,,,,,,,,,,,,,,,,,,,,,,,,,,,,,,,,,,,,,,,,,
1745,0.1071,1.9888676404953003,1.350790131388181e-06,3.287109375,1683,,,,,,,,,,,,,,,,,,,,,,,,,,,,,,,,,,,,,,,,,,,,,,,,,,,,,,,,,,,,,,
1746,0.095,2.4774303436279297,1.3425030604238154e-06,3.2890625,1684,,,,,,,,,,,,,,,,,,,,,,,,,,,,,,,,,,,,,,,,,,,,,,,,,,,,,,,,,,,,,,
1747,0.0768,2.1895744800567627,1.3342396587254957e-06,3.291015625,1685,,,,,,,,,,,,,,,,,,,,,,,,,,,,,,,,,,,,,,,,,,,,,,,,,,,,,,,,,,,,,,
1748,0.062,1.1254712343215942,1.3259999488850473e-06,3.29296875,1686,,,,,,,,,,,,,,,,,,,,,,,,,,,,,,,,,,,,,,,,,,,,,,,,,,,,,,,,,,,,,,
1749,0.0552,2.146198034286499,1.317783953429528e-06,3.294921875,1687,,,,,,,,,,,,,,,,,,,,,,,,,,,,,,,,,,,,,,,,,,,,,,,,,,,,,,,,,,,,,,
1750,0.0606,2.030412197113037,1.3095916948211452e-06,3.296875,1688,,,,,,,,,,,,,,,,,,,,,,,,,,,,,,,,,,,,,,,,,,,,,,,,,,,,,,,,,,,,,,
1751,0.0667,1.7040575742721558,1.3014231954572287e-06,3.298828125,1689,,,,,,,,,,,,,,,,,,,,,,,,,,,,,,,,,,,,,,,,,,,,,,,,,,,,,,,,,,,,,,
1752,0.0964,2.1755759716033936,1.293278477670139e-06,3.30078125,1690,,,,,,,,,,,,,,,,,,,,,,,,,,,,,,,,,,,,,,,,,,,,,,,,,,,,,,,,,,,,,,
1753,0.0769,1.3401267528533936,1.2851575637272262e-06,3.302734375,1691,,,,,,,,,,,,,,,,,,,,,,,,,,,,,,,,,,,,,,,,,,,,,,,,,,,,,,,,,,,,,,
1754,0.0688,1.96466863155365,1.2770604758307637e-06,3.3046875,1692,,,,,,,,,,,,,,,,,,,,,,,,,,,,,,,,,,,,,,,,,,,,,,,,,,,,,,,,,,,,,,
1755,0.0423,1.9639524221420288,1.26898723611787e-06,3.306640625,1693,,,,,,,,,,,,,,,,,,,,,,,,,,,,,,,,,,,,,,,,,,,,,,,,,,,,,,,,,,,,,,
1756,0.0526,1.7734674215316772,1.2609378666604833e-06,3.30859375,1694,,,,,,,,,,,,,,,,,,,,,,,,,,,,,,,,,,,,,,,,,,,,,,,,,,,,,,,,,,,,,,
1757,0.0903,2.81905198097229,1.2529123894652661e-06,3.310546875,1695,,,,,,,,,,,,,,,,,,,,,,,,,,,,,,,,,,,,,,,,,,,,,,,,,,,,,,,,,,,,,,
1758,0.0658,1.8935203552246094,1.2449108264735721e-06,3.3125,1696,,,,,,,,,,,,,,,,,,,,,,,,,,,,,,,,,,,,,,,,,,,,,,,,,,,,,,,,,,,,,,
1759,0.0444,1.508209466934204,1.2369331995613664e-06,3.314453125,1697,,,,,,,,,,,,,,,,,,,,,,,,,,,,,,,,,,,,,,,,,,,,,,,,,,,,,,,,,,,,,,
1760,0.0402,2.186154842376709,1.2289795305391728e-06,3.31640625,1698,,,,,,,,,,,,,,,,,,,,,,,,,,,,,,,,,,,,,,,,,,,,,,,,,,,,,,,,,,,,,,
1761,0.072,2.275914192199707,1.2210498411520256e-06,3.318359375,1699,,,,,,,,,,,,,,,,,,,,,,,,,,,,,,,,,,,,,,,,,,,,,,,,,,,,,,,,,,,,,,
1762,0.1172,1.6620550155639648,1.2131441530793863e-06,3.3203125,1700,,,,,,,,,,,,,,,,,,,,,,,,,,,,,,,,,,,,,,,,,,,,,,,,,,,,,,,,,,,,,,
1763,0.0715,1.8102127313613892,1.2052624879351105e-06,3.322265625,1701,,,,,,,,,,,,,,,,,,,,,,,,,,,,,,,,,,,,,,,,,,,,,,,,,,,,,,,,,,,,,,
1764,0.0816,1.7115859985351562,1.1974048672673655e-06,3.32421875,1702,,,,,,,,,,,,,,,,,,,,,,,,,,,,,,,,,,,,,,,,,,,,,,,,,,,,,,,,,,,,,,
1765,0.0634,1.6714822053909302,1.1895713125585851e-06,3.326171875,1703,,,,,,,,,,,,,,,,,,,,,,,,,,,,,,,,,,,,,,,,,,,,,,,,,,,,,,,,,,,,,,
1766,0.0556,2.042128801345825,1.181761845225411e-06,3.328125,1704,,,,,,,,,,,,,,,,,,,,,,,,,,,,,,,,,,,,,,,,,,,,,,,,,,,,,,,,,,,,,,
1767,0.041,1.542556881904602,1.1739764866186309e-06,3.330078125,1705,,,,,,,,,,,,,,,,,,,,,,,,,,,,,,,,,,,,,,,,,,,,,,,,,,,,,,,,,,,,,,
1768,0.0475,1.7390649318695068,1.1662152580231145e-06,3.33203125,1706,,,,,,,,,,,,,,,,,,,,,,,,,,,,,,,,,,,,,,,,,,,,,,,,,,,,,,,,,,,,,,
1769,0.0536,1.8537474870681763,1.158478180657766e-06,3.333984375,1707,,,,,,,,,,,,,,,,,,,,,,,,,,,,,,,,,,,,,,,,,,,,,,,,,,,,,,,,,,,,,,
1770,0.0554,1.788610577583313,1.1507652756754573e-06,3.3359375,1708,,,,,,,,,,,,,,,,,,,,,,,,,,,,,,,,,,,,,,,,,,,,,,,,,,,,,,,,,,,,,,
1771,0.0866,2.0489251613616943,1.143076564162977e-06,3.337890625,1709,,,,,,,,,,,,,,,,,,,,,,,,,,,,,,,,,,,,,,,,,,,,,,,,,,,,,,,,,,,,,,
1772,0.0859,1.8920528888702393,1.135412067140974e-06,3.33984375,1710,,,,,,,,,,,,,,,,,,,,,,,,,,,,,,,,,,,,,,,,,,,,,,,,,,,,,,,,,,,,,,
1773,0.0902,1.6541752815246582,1.127771805563882e-06,3.341796875,1711,,,,,,,,,,,,,,,,,,,,,,,,,,,,,,,,,,,,,,,,,,,,,,,,,,,,,,,,,,,,,,
1774,0.0706,1.5764830112457275,1.120155800319891e-06,3.34375,1712,,,,,,,,,,,,,,,,,,,,,,,,,,,,,,,,,,,,,,,,,,,,,,,,,,,,,,,,,,,,,,
1775,0.0459,1.9522755146026611,1.112564072230863e-06,3.345703125,1713,,,,,,,,,,,,,,,,,,,,,,,,,,,,,,,,,,,,,,,,,,,,,,,,,,,,,,,,,,,,,,
1776,0.0641,2.434246301651001,1.1049966420522961e-06,3.34765625,1714,,,,,,,,,,,,,,,,,,,,,,,,,,,,,,,,,,,,,,,,,,,,,,,,,,,,,,,,,,,,,,
1777,0.0753,1.4827772378921509,1.0974535304732581e-06,3.349609375,1715,,,,,,,,,,,,,,,,,,,,,,,,,,,,,,,,,,,,,,,,,,,,,,,,,,,,,,,,,,,,,,
1778,0.0354,1.2838832139968872,1.0899347581163222e-06,3.3515625,1716,,,,,,,,,,,,,,,,,,,,,,,,,,,,,,,,,,,,,,,,,,,,,,,,,,,,,,,,,,,,,,
1779,0.0745,2.6938345432281494,1.0824403455375287e-06,3.353515625,1717,,,,,,,,,,,,,,,,,,,,,,,,,,,,,,,,,,,,,,,,,,,,,,,,,,,,,,,,,,,,,,
1780,0.0809,1.952157735824585,1.0749703132263122e-06,3.35546875,1718,,,,,,,,,,,,,,,,,,,,,,,,,,,,,,,,,,,,,,,,,,,,,,,,,,,,,,,,,,,,,,
1781,0.0459,1.6695647239685059,1.0675246816054585e-06,3.357421875,1719,,,,,,,,,,,,,,,,,,,,,,,,,,,,,,,,,,,,,,,,,,,,,,,,,,,,,,,,,,,,,,
1782,0.05,1.5300843715667725,1.0601034710310431e-06,3.359375,1720,,,,,,,,,,,,,,,,,,,,,,,,,,,,,,,,,,,,,,,,,,,,,,,,,,,,,,,,,,,,,,
1783,0.0876,3.115422010421753,1.0527067017923654e-06,3.361328125,1721,,,,,,,,,,,,,,,,,,,,,,,,,,,,,,,,,,,,,,,,,,,,,,,,,,,,,,,,,,,,,,
1784,0.0486,2.339632272720337,1.0453343941119153e-06,3.36328125,1722,,,,,,,,,,,,,,,,,,,,,,,,,,,,,,,,,,,,,,,,,,,,,,,,,,,,,,,,,,,,,,
1785,0.0741,1.4462560415267944,1.037986568145297e-06,3.365234375,1723,,,,,,,,,,,,,,,,,,,,,,,,,,,,,,,,,,,,,,,,,,,,,,,,,,,,,,,,,,,,,,
1786,0.0963,2.607100248336792,1.0306632439811893e-06,3.3671875,1724,,,,,,,,,,,,,,,,,,,,,,,,,,,,,,,,,,,,,,,,,,,,,,,,,,,,,,,,,,,,,,
1787,0.0576,2.528557777404785,1.0233644416412792e-06,3.369140625,1725,,,,,,,,,,,,,,,,,,,,,,,,,,,,,,,,,,,,,,,,,,,,,,,,,,,,,,,,,,,,,,
1788,0.0703,1.9060485363006592,1.0160901810802114e-06,3.37109375,1726,,,,,,,,,,,,,,,,,,,,,,,,,,,,,,,,,,,,,,,,,,,,,,,,,,,,,,,,,,,,,,
1789,0.036,1.571045160293579,1.0088404821855414e-06,3.373046875,1727,,,,,,,,,,,,,,,,,,,,,,,,,,,,,,,,,,,,,,,,,,,,,,,,,,,,,,,,,,,,,,
1790,0.0633,1.3364814519882202,1.0016153647776638e-06,3.375,1728,,,,,,,,,,,,,,,,,,,,,,,,,,,,,,,,,,,,,,,,,,,,,,,,,,,,,,,,,,,,,,
1791,0.0585,1.4010895490646362,9.944148486097793e-07,3.376953125,1729,,,,,,,,,,,,,,,,,,,,,,,,,,,,,,,,,,,,,,,,,,,,,,,,,,,,,,,,,,,,,,
1792,0.0627,1.829131841659546,9.872389533678207e-07,3.37890625,1730,,,,,,,,,,,,,,,,,,,,,,,,,,,,,,,,,,,,,,,,,,,,,,,,,,,,,,,,,,,,,,
1793,0.058,1.3491618633270264,9.800876986704111e-07,3.380859375,1731,,,,,,,,,,,,,,,,,,,,,,,,,,,,,,,,,,,,,,,,,,,,,,,,,,,,,,,,,,,,,,
1794,0.0582,1.7288070917129517,9.729611040688102e-07,3.3828125,1732,,,,,,,,,,,,,,,,,,,,,,,,,,,,,,,,,,,,,,,,,,,,,,,,,,,,,,,,,,,,,,
1795,0.0943,1.9950382709503174,9.658591890468515e-07,3.384765625,1733,,,,,,,,,,,,,,,,,,,,,,,,,,,,,,,,,,,,,,,,,,,,,,,,,,,,,,,,,,,,,,
1796,0.0383,1.3234935998916626,9.587819730209047e-07,3.38671875,1734,,,,,,,,,,,,,,,,,,,,,,,,,,,,,,,,,,,,,,,,,,,,,,,,,,,,,,,,,,,,,,
1797,0.0598,1.9434291124343872,9.517294753398066e-07,3.388671875,1735,,,,,,,,,,,,,,,,,,,,,,,,,,,,,,,,,,,,,,,,,,,,,,,,,,,,,,,,,,,,,,
1798,0.0513,2.1781721115112305,9.447017152848126e-07,3.390625,1736,,,,,,,,,,,,,,,,,,,,,,,,,,,,,,,,,,,,,,,,,,,,,,,,,,,,,,,,,,,,,,
1799,0.0723,2.213913679122925,9.376987120695547e-07,3.392578125,1737,,,,,,,,,,,,,,,,,,,,,,,,,,,,,,,,,,,,,,,,,,,,,,,,,,,,,,,,,,,,,,
1800,0.0692,2.748537063598633,9.307204848399754e-07,3.39453125,1738,,,,,,,,,,,,,,,,,,,,,,,,,,,,,,,,,,,,,,,,,,,,,,,,,,,,,,,,,,,,,,
1801,0.0616,3.188699722290039,9.237670526742793e-07,3.396484375,1739,,,,,,,,,,,,,,,,,,,,,,,,,,,,,,,,,,,,,,,,,,,,,,,,,,,,,,,,,,,,,,
1802,0.0373,1.381787896156311,9.168384345828885e-07,3.3984375,1740,,,,,,,,,,,,,,,,,,,,,,,,,,,,,,,,,,,,,,,,,,,,,,,,,,,,,,,,,,,,,,
1803,0.0437,1.362712025642395,9.09934649508375e-07,3.400390625,1741,,,,,,,,,,,,,,,,,,,,,,,,,,,,,,,,,,,,,,,,,,,,,,,,,,,,,,,,,,,,,,
1804,0.0722,1.8525007963180542,9.030557163254283e-07,3.40234375,1742,,,,,,,,,,,,,,,,,,,,,,,,,,,,,,,,,,,,,,,,,,,,,,,,,,,,,,,,,,,,,,
1805,0.0818,2.236175775527954,8.96201653840788e-07,3.404296875,1743,,,,,,,,,,,,,,,,,,,,,,,,,,,,,,,,,,,,,,,,,,,,,,,,,,,,,,,,,,,,,,
1806,0.0419,1.11441171169281,8.893724807931969e-07,3.40625,1744,,,,,,,,,,,,,,,,,,,,,,,,,,,,,,,,,,,,,,,,,,,,,,,,,,,,,,,,,,,,,,
1807,0.0823,2.2465524673461914,8.825682158533555e-07,3.408203125,1745,,,,,,,,,,,,,,,,,,,,,,,,,,,,,,,,,,,,,,,,,,,,,,,,,,,,,,,,,,,,,,
1808,0.0771,2.4680330753326416,8.757888776238621e-07,3.41015625,1746,,,,,,,,,,,,,,,,,,,,,,,,,,,,,,,,,,,,,,,,,,,,,,,,,,,,,,,,,,,,,,
1809,0.0716,2.3101019859313965,8.69034484639173e-07,3.412109375,1747,,,,,,,,,,,,,,,,,,,,,,,,,,,,,,,,,,,,,,,,,,,,,,,,,,,,,,,,,,,,,,
1810,0.0709,1.5045992136001587,8.623050553655365e-07,3.4140625,1748,,,,,,,,,,,,,,,,,,,,,,,,,,,,,,,,,,,,,,,,,,,,,,,,,,,,,,,,,,,,,,
1811,0.0666,2.0075647830963135,8.55600608200956e-07,3.416015625,1749,,,,,,,,,,,,,,,,,,,,,,,,,,,,,,,,,,,,,,,,,,,,,,,,,,,,,,,,,,,,,,
1812,0.0789,3.3827667236328125,8.489211614751359e-07,3.41796875,1750,,,,,,,,,,,,,,,,,,,,,,,,,,,,,,,,,,,,,,,,,,,,,,,,,,,,,,,,,,,,,,
1813,0.054,1.4304951429367065,8.42266733449425e-07,3.419921875,1751,,,,,,,,,,,,,,,,,,,,,,,,,,,,,,,,,,,,,,,,,,,,,,,,,,,,,,,,,,,,,,
1814,0.0739,2.5093348026275635,8.356373423167807e-07,3.421875,1752,,,,,,,,,,,,,,,,,,,,,,,,,,,,,,,,,,,,,,,,,,,,,,,,,,,,,,,,,,,,,,
1815,0.0501,1.9627341032028198,8.290330062017015e-07,3.423828125,1753,,,,,,,,,,,,,,,,,,,,,,,,,,,,,,,,,,,,,,,,,,,,,,,,,,,,,,,,,,,,,,
1816,0.0654,1.507245659828186,8.224537431601886e-07,3.42578125,1754,,,,,,,,,,,,,,,,,,,,,,,,,,,,,,,,,,,,,,,,,,,,,,,,,,,,,,,,,,,,,,
1817,0.0484,1.4568730592727661,8.158995711797002e-07,3.427734375,1755,,,,,,,,,,,,,,,,,,,,,,,,,,,,,,,,,,,,,,,,,,,,,,,,,,,,,,,,,,,,,,
1818,0.0774,1.9460197687149048,8.093705081790892e-07,3.4296875,1756,,,,,,,,,,,,,,,,,,,,,,,,,,,,,,,,,,,,,,,,,,,,,,,,,,,,,,,,,,,,,,
1819,0.0702,1.8647273778915405,8.02866572008566e-07,3.431640625,1757,,,,,,,,,,,,,,,,,,,,,,,,,,,,,,,,,,,,,,,,,,,,,,,,,,,,,,,,,,,,,,
1820,0.0644,1.392276644706726,7.963877804496445e-07,3.43359375,1758,,,,,,,,,,,,,,,,,,,,,,,,,,,,,,,,,,,,,,,,,,,,,,,,,,,,,,,,,,,,,,
1821,0.0523,1.3837690353393555,7.899341512150894e-07,3.435546875,1759,,,,,,,,,,,,,,,,,,,,,,,,,,,,,,,,,,,,,,,,,,,,,,,,,,,,,,,,,,,,,,
1822,0.0684,1.77678644657135,7.835057019488823e-07,3.4375,1760,,,,,,,,,,,,,,,,,,,,,,,,,,,,,,,,,,,,,,,,,,,,,,,,,,,,,,,,,,,,,,
1823,,,,3.4375,1760,0.06604782491922379,0.9540719696969697,0.955024753084317,0.9540719696969697,0.9548390796806704,0.9540719696969697,0.9552463606573696,0.9540719696969697,0.9484240687679083,0.9491039426523298,0.9710144927536232,0.9650205761316872,0.937007874015748,0.9425742574257425,0.9645390070921985,0.9634002361275088,2.6271,874.726,4.568,,,,,,,,,,,,,,,,,,,,,,,,,,,,,,,,,,,,,,,,,,,
1824,,,,3.4375,1760,,,,,,,,,,,,,,,,,,,,0.879509687423706,0.5378024193548387,0.5315421837224199,0.5378024193548387,0.5321668511431452,0.5378024193548387,0.700454512522219,0.5378024193548387,0.4098939929328622,0.5712275765036933,0.8379204892966361,0.6234357224118315,0.743142144638404,0.5601503759398496,0.8108614232209738,0.3713550600343053,6.2422,961.192,5.126,,,,,,,,,,,,,,,,,,,,,,,,
1825,,,,3.4375,1760,,,,,,,,,,,,,,,,,,,,,,,,,,,,,,,,,,,,,,,0.10346008092164993,0.9270833333333334,0.924768134726135,0.9270833333333334,0.9242112190122462,0.9270833333333334,0.9254305242298215,0.9270833333333334,0.9294258373205742,0.9338942307692307,0.9741144414168937,0.9649122807017545,0.9,0.9077637690776377,0.8981818181818182,0.8925022583559168,3.3394,864.231,4.791,,,,,
1826,0.0837,2.008303165435791,7.771024502261526e-07,3.439453125,1761,,,,,,,,,,,,,,,,,,,,,,,,,,,,,,,,,,,,,,,,,,,,,,,,,,,,,,,,,,,,,,
1827,0.0743,1.455042839050293,7.7072441355315e-07,3.44140625,1762,,,,,,,,,,,,,,,,,,,,,,,,,,,,,,,,,,,,,,,,,,,,,,,,,,,,,,,,,,,,,,
1828,0.0725,2.103851795196533,7.643716093671827e-07,3.443359375,1763,,,,,,,,,,,,,,,,,,,,,,,,,,,,,,,,,,,,,,,,,,,,,,,,,,,,,,,,,,,,,,
1829,0.0619,1.4795711040496826,7.580440550365709e-07,3.4453125,1764,,,,,,,,,,,,,,,,,,,,,,,,,,,,,,,,,,,,,,,,,,,,,,,,,,,,,,,,,,,,,,
1830,0.0421,1.3975622653961182,7.517417678606121e-07,3.447265625,1765,,,,,,,,,,,,,,,,,,,,,,,,,,,,,,,,,,,,,,,,,,,,,,,,,,,,,,,,,,,,,,
1831,0.0768,1.2107161283493042,7.454647650695157e-07,3.44921875,1766,,,,,,,,,,,,,,,,,,,,,,,,,,,,,,,,,,,,,,,,,,,,,,,,,,,,,,,,,,,,,,
1832,0.0541,2.4484446048736572,7.392130638243667e-07,3.451171875,1767,,,,,,,,,,,,,,,,,,,,,,,,,,,,,,,,,,,,,,,,,,,,,,,,,,,,,,,,,,,,,,
1833,0.083,1.8107553720474243,7.329866812170805e-07,3.453125,1768,,,,,,,,,,,,,,,,,,,,,,,,,,,,,,,,,,,,,,,,,,,,,,,,,,,,,,,,,,,,,,
1834,0.0508,1.1938437223434448,7.267856342703461e-07,3.455078125,1769,,,,,,,,,,,,,,,,,,,,,,,,,,,,,,,,,,,,,,,,,,,,,,,,,,,,,,,,,,,,,,
1835,0.0869,2.8156919479370117,7.206099399375921e-07,3.45703125,1770,,,,,,,,,,,,,,,,,,,,,,,,,,,,,,,,,,,,,,,,,,,,,,,,,,,,,,,,,,,,,,
1836,0.065,2.351395845413208,7.144596151029304e-07,3.458984375,1771,,,,,,,,,,,,,,,,,,,,,,,,,,,,,,,,,,,,,,,,,,,,,,,,,,,,,,,,,,,,,,
1837,0.0701,1.5873483419418335,7.083346765811117e-07,3.4609375,1772,,,,,,,,,,,,,,,,,,,,,,,,,,,,,,,,,,,,,,,,,,,,,,,,,,,,,,,,,,,,,,
1838,0.0447,1.7573872804641724,7.022351411174866e-07,3.462890625,1773,,,,,,,,,,,,,,,,,,,,,,,,,,,,,,,,,,,,,,,,,,,,,,,,,,,,,,,,,,,,,,
1839,0.0752,2.3897345066070557,6.961610253879503e-07,3.46484375,1774,,,,,,,,,,,,,,,,,,,,,,,,,,,,,,,,,,,,,,,,,,,,,,,,,,,,,,,,,,,,,,
1840,0.0617,1.5775383710861206,6.901123459989068e-07,3.466796875,1775,,,,,,,,,,,,,,,,,,,,,,,,,,,,,,,,,,,,,,,,,,,,,,,,,,,,,,,,,,,,,,
1841,0.0874,2.326195240020752,6.840891194872112e-07,3.46875,1776,,,,,,,,,,,,,,,,,,,,,,,,,,,,,,,,,,,,,,,,,,,,,,,,,,,,,,,,,,,,,,
1842,0.0652,1.7241839170455933,6.780913623201346e-07,3.470703125,1777,,,,,,,,,,,,,,,,,,,,,,,,,,,,,,,,,,,,,,,,,,,,,,,,,,,,,,,,,,,,,,
1843,0.0718,2.326293468475342,6.72119090895319e-07,3.47265625,1778,,,,,,,,,,,,,,,,,,,,,,,,,,,,,,,,,,,,,,,,,,,,,,,,,,,,,,,,,,,,,,
1844,0.0675,2.645594358444214,6.661723215407223e-07,3.474609375,1779,,,,,,,,,,,,,,,,,,,,,,,,,,,,,,,,,,,,,,,,,,,,,,,,,,,,,,,,,,,,,,
1845,0.0527,2.0796473026275635,6.602510705145893e-07,3.4765625,1780,,,,,,,,,,,,,,,,,,,,,,,,,,,,,,,,,,,,,,,,,,,,,,,,,,,,,,,,,,,,,,
1846,0.0472,1.0447155237197876,6.543553540053926e-07,3.478515625,1781,,,,,,,,,,,,,,,,,,,,,,,,,,,,,,,,,,,,,,,,,,,,,,,,,,,,,,,,,,,,,,
1847,0.0654,1.6300833225250244,6.484851881317933e-07,3.48046875,1782,,,,,,,,,,,,,,,,,,,,,,,,,,,,,,,,,,,,,,,,,,,,,,,,,,,,,,,,,,,,,,
1848,0.0516,1.8066515922546387,6.426405889426046e-07,3.482421875,1783,,,,,,,,,,,,,,,,,,,,,,,,,,,,,,,,,,,,,,,,,,,,,,,,,,,,,,,,,,,,,,
1849,0.1012,1.740042805671692,6.368215724167337e-07,3.484375,1784,,,,,,,,,,,,,,,,,,,,,,,,,,,,,,,,,,,,,,,,,,,,,,,,,,,,,,,,,,,,,,
1850,0.0389,2.221489667892456,6.310281544631547e-07,3.486328125,1785,,,,,,,,,,,,,,,,,,,,,,,,,,,,,,,,,,,,,,,,,,,,,,,,,,,,,,,,,,,,,,
1851,0.1246,3.220416784286499,6.252603509208466e-07,3.48828125,1786,,,,,,,,,,,,,,,,,,,,,,,,,,,,,,,,,,,,,,,,,,,,,,,,,,,,,,,,,,,,,,
1852,0.0709,2.77118182182312,6.195181775587655e-07,3.490234375,1787,,,,,,,,,,,,,,,,,,,,,,,,,,,,,,,,,,,,,,,,,,,,,,,,,,,,,,,,,,,,,,
1853,0.041,1.9321277141571045,6.138016500757948e-07,3.4921875,1788,,,,,,,,,,,,,,,,,,,,,,,,,,,,,,,,,,,,,,,,,,,,,,,,,,,,,,,,,,,,,,
1854,0.0693,2.028475761413574,6.081107841007006e-07,3.494140625,1789,,,,,,,,,,,,,,,,,,,,,,,,,,,,,,,,,,,,,,,,,,,,,,,,,,,,,,,,,,,,,,
1855,0.0531,2.560382843017578,6.024455951920949e-07,3.49609375,1790,,,,,,,,,,,,,,,,,,,,,,,,,,,,,,,,,,,,,,,,,,,,,,,,,,,,,,,,,,,,,,
1856,0.0663,2.003840446472168,5.968060988383884e-07,3.498046875,1791,,,,,,,,,,,,,,,,,,,,,,,,,,,,,,,,,,,,,,,,,,,,,,,,,,,,,,,,,,,,,,
1857,0.051,1.4338443279266357,5.911923104577455e-07,3.5,1792,,,,,,,,,,,,,,,,,,,,,,,,,,,,,,,,,,,,,,,,,,,,,,,,,,,,,,,,,,,,,,
1858,0.0542,1.3804032802581787,5.856042453980526e-07,3.501953125,1793,,,,,,,,,,,,,,,,,,,,,,,,,,,,,,,,,,,,,,,,,,,,,,,,,,,,,,,,,,,,,,
1859,0.0857,1.8476520776748657,5.800419189368655e-07,3.50390625,1794,,,,,,,,,,,,,,,,,,,,,,,,,,,,,,,,,,,,,,,,,,,,,,,,,,,,,,,,,,,,,,
1860,0.0476,1.5202678442001343,5.745053462813699e-07,3.505859375,1795,,,,,,,,,,,,,,,,,,,,,,,,,,,,,,,,,,,,,,,,,,,,,,,,,,,,,,,,,,,,,,
1861,0.0542,1.799195408821106,5.689945425683474e-07,3.5078125,1796,,,,,,,,,,,,,,,,,,,,,,,,,,,,,,,,,,,,,,,,,,,,,,,,,,,,,,,,,,,,,,
1862,0.0605,1.5816587209701538,5.63509522864123e-07,3.509765625,1797,,,,,,,,,,,,,,,,,,,,,,,,,,,,,,,,,,,,,,,,,,,,,,,,,,,,,,,,,,,,,,
1863,0.0764,1.6670618057250977,5.580503021645323e-07,3.51171875,1798,,,,,,,,,,,,,,,,,,,,,,,,,,,,,,,,,,,,,,,,,,,,,,,,,,,,,,,,,,,,,,
1864,0.0682,2.250087022781372,5.526168953948752e-07,3.513671875,1799,,,,,,,,,,,,,,,,,,,,,,,,,,,,,,,,,,,,,,,,,,,,,,,,,,,,,,,,,,,,,,
1865,0.058,1.6211462020874023,5.47209317409878e-07,3.515625,1800,,,,,,,,,,,,,,,,,,,,,,,,,,,,,,,,,,,,,,,,,,,,,,,,,,,,,,,,,,,,,,
1866,0.0521,2.035835027694702,5.418275829936537e-07,3.517578125,1801,,,,,,,,,,,,,,,,,,,,,,,,,,,,,,,,,,,,,,,,,,,,,,,,,,,,,,,,,,,,,,
1867,0.1017,2.716449499130249,5.36471706859657e-07,3.51953125,1802,,,,,,,,,,,,,,,,,,,,,,,,,,,,,,,,,,,,,,,,,,,,,,,,,,,,,,,,,,,,,,
1868,0.0651,1.7844890356063843,5.311417036506516e-07,3.521484375,1803,,,,,,,,,,,,,,,,,,,,,,,,,,,,,,,,,,,,,,,,,,,,,,,,,,,,,,,,,,,,,,
1869,0.0441,1.7497862577438354,5.258375879386601e-07,3.5234375,1804,,,,,,,,,,,,,,,,,,,,,,,,,,,,,,,,,,,,,,,,,,,,,,,,,,,,,,,,,,,,,,
1870,0.0681,2.6062753200531006,5.205593742249326e-07,3.525390625,1805,,,,,,,,,,,,,,,,,,,,,,,,,,,,,,,,,,,,,,,,,,,,,,,,,,,,,,,,,,,,,,
1871,0.0549,2.0101277828216553,5.15307076939906e-07,3.52734375,1806,,,,,,,,,,,,,,,,,,,,,,,,,,,,,,,,,,,,,,,,,,,,,,,,,,,,,,,,,,,,,,
1872,0.0311,1.3633915185928345,5.100807104431571e-07,3.529296875,1807,,,,,,,,,,,,,,,,,,,,,,,,,,,,,,,,,,,,,,,,,,,,,,,,,,,,,,,,,,,,,,
1873,0.0665,1.1975746154785156,5.048802890233773e-07,3.53125,1808,,,,,,,,,,,,,,,,,,,,,,,,,,,,,,,,,,,,,,,,,,,,,,,,,,,,,,,,,,,,,,
1874,0.0573,2.041761636734009,4.997058268983135e-07,3.533203125,1809,,,,,,,,,,,,,,,,,,,,,,,,,,,,,,,,,,,,,,,,,,,,,,,,,,,,,,,,,,,,,,
1875,0.0621,2.32348895072937,4.945573382147517e-07,3.53515625,1810,,,,,,,,,,,,,,,,,,,,,,,,,,,,,,,,,,,,,,,,,,,,,,,,,,,,,,,,,,,,,,
1876,0.0638,2.1603078842163086,4.894348370484648e-07,3.537109375,1811,,,,,,,,,,,,,,,,,,,,,,,,,,,,,,,,,,,,,,,,,,,,,,,,,,,,,,,,,,,,,,
1877,0.0472,1.0888582468032837,4.84338337404171e-07,3.5390625,1812,,,,,,,,,,,,,,,,,,,,,,,,,,,,,,,,,,,,,,,,,,,,,,,,,,,,,,,,,,,,,,
1878,0.0841,2.3656959533691406,4.792678532155115e-07,3.541015625,1813,,,,,,,,,,,,,,,,,,,,,,,,,,,,,,,,,,,,,,,,,,,,,,,,,,,,,,,,,,,,,,
1879,0.0822,3.0448598861694336,4.7422339834499065e-07,3.54296875,1814,,,,,,,,,,,,,,,,,,,,,,,,,,,,,,,,,,,,,,,,,,,,,,,,,,,,,,,,,,,,,,
1880,0.0557,1.3829113245010376,4.692049865839565e-07,3.544921875,1815,,,,,,,,,,,,,,,,,,,,,,,,,,,,,,,,,,,,,,,,,,,,,,,,,,,,,,,,,,,,,,
1881,0.0368,1.2004293203353882,4.642126316525586e-07,3.546875,1816,,,,,,,,,,,,,,,,,,,,,,,,,,,,,,,,,,,,,,,,,,,,,,,,,,,,,,,,,,,,,,
1882,0.0557,1.5593966245651245,4.592463471997022e-07,3.548828125,1817,,,,,,,,,,,,,,,,,,,,,,,,,,,,,,,,,,,,,,,,,,,,,,,,,,,,,,,,,,,,,,
1883,0.0593,1.9260542392730713,4.543061468030208e-07,3.55078125,1818,,,,,,,,,,,,,,,,,,,,,,,,,,,,,,,,,,,,,,,,,,,,,,,,,,,,,,,,,,,,,,
1884,0.0905,2.4719576835632324,4.493920439688315e-07,3.552734375,1819,,,,,,,,,,,,,,,,,,,,,,,,,,,,,,,,,,,,,,,,,,,,,,,,,,,,,,,,,,,,,,
1885,0.0691,1.6007075309753418,4.4450405213210424e-07,3.5546875,1820,,,,,,,,,,,,,,,,,,,,,,,,,,,,,,,,,,,,,,,,,,,,,,,,,,,,,,,,,,,,,,
1886,0.0543,1.374015212059021,4.396421846564236e-07,3.556640625,1821,,,,,,,,,,,,,,,,,,,,,,,,,,,,,,,,,,,,,,,,,,,,,,,,,,,,,,,,,,,,,,
1887,0.0494,1.7687503099441528,4.348064548339492e-07,3.55859375,1822,,,,,,,,,,,,,,,,,,,,,,,,,,,,,,,,,,,,,,,,,,,,,,,,,,,,,,,,,,,,,,
1888,0.0704,1.678283929824829,4.299968758853812e-07,3.560546875,1823,,,,,,,,,,,,,,,,,,,,,,,,,,,,,,,,,,,,,,,,,,,,,,,,,,,,,,,,,,,,,,
1889,0.0549,1.724138855934143,4.2521346095992453e-07,3.5625,1824,,,,,,,,,,,,,,,,,,,,,,,,,,,,,,,,,,,,,,,,,,,,,,,,,,,,,,,,,,,,,,
1890,0.0613,1.6922707557678223,4.204562231352516e-07,3.564453125,1825,,,,,,,,,,,,,,,,,,,,,,,,,,,,,,,,,,,,,,,,,,,,,,,,,,,,,,,,,,,,,,
1891,0.0746,1.4420815706253052,4.1572517541747294e-07,3.56640625,1826,,,,,,,,,,,,,,,,,,,,,,,,,,,,,,,,,,,,,,,,,,,,,,,,,,,,,,,,,,,,,,
1892,0.1143,2.2379496097564697,4.1102033074108984e-07,3.568359375,1827,,,,,,,,,,,,,,,,,,,,,,,,,,,,,,,,,,,,,,,,,,,,,,,,,,,,,,,,,,,,,,
1893,0.0558,2.3894832134246826,4.0634170196896747e-07,3.5703125,1828,,,,,,,,,,,,,,,,,,,,,,,,,,,,,,,,,,,,,,,,,,,,,,,,,,,,,,,,,,,,,,
1894,0.0513,1.3923470973968506,4.016893018922996e-07,3.572265625,1829,,,,,,,,,,,,,,,,,,,,,,,,,,,,,,,,,,,,,,,,,,,,,,,,,,,,,,,,,,,,,,
1895,0.0453,1.2727930545806885,3.9706314323056936e-07,3.57421875,1830,,,,,,,,,,,,,,,,,,,,,,,,,,,,,,,,,,,,,,,,,,,,,,,,,,,,,,,,,,,,,,
1896,0.0716,2.8489396572113037,3.924632386315186e-07,3.576171875,1831,,,,,,,,,,,,,,,,,,,,,,,,,,,,,,,,,,,,,,,,,,,,,,,,,,,,,,,,,,,,,,
1897,0.0719,2.33388090133667,3.878896006711108e-07,3.578125,1832,,,,,,,,,,,,,,,,,,,,,,,,,,,,,,,,,,,,,,,,,,,,,,,,,,,,,,,,,,,,,,
1898,0.0535,1.3949754238128662,3.83342241853496e-07,3.580078125,1833,,,,,,,,,,,,,,,,,,,,,,,,,,,,,,,,,,,,,,,,,,,,,,,,,,,,,,,,,,,,,,
1899,0.0502,2.333530902862549,3.788211746109827e-07,3.58203125,1834,,,,,,,,,,,,,,,,,,,,,,,,,,,,,,,,,,,,,,,,,,,,,,,,,,,,,,,,,,,,,,
1900,0.063,2.000640630722046,3.743264113039924e-07,3.583984375,1835,,,,,,,,,,,,,,,,,,,,,,,,,,,,,,,,,,,,,,,,,,,,,,,,,,,,,,,,,,,,,,
1901,0.046,1.9022761583328247,3.698579642210398e-07,3.5859375,1836,,,,,,,,,,,,,,,,,,,,,,,,,,,,,,,,,,,,,,,,,,,,,,,,,,,,,,,,,,,,,,
1902,0.0507,1.4564173221588135,3.6541584557868604e-07,3.587890625,1837,,,,,,,,,,,,,,,,,,,,,,,,,,,,,,,,,,,,,,,,,,,,,,,,,,,,,,,,,,,,,,
1903,0.0511,2.347320079803467,3.6100006752151416e-07,3.58984375,1838,,,,,,,,,,,,,,,,,,,,,,,,,,,,,,,,,,,,,,,,,,,,,,,,,,,,,,,,,,,,,,
1904,0.063,2.955751657485962,3.5661064212209494e-07,3.591796875,1839,,,,,,,,,,,,,,,,,,,,,,,,,,,,,,,,,,,,,,,,,,,,,,,,,,,,,,,,,,,,,,
1905,0.0415,1.2318917512893677,3.522475813809467e-07,3.59375,1840,,,,,,,,,,,,,,,,,,,,,,,,,,,,,,,,,,,,,,,,,,,,,,,,,,,,,,,,,,,,,,
1906,,,,3.59375,1840,0.07051291316747665,0.9526515151515151,0.953421972289506,0.9526515151515151,0.9527555585729783,0.9526515151515151,0.9541261839073818,0.9526515151515151,0.944206008583691,0.9482758620689655,0.9690721649484536,0.9650924024640657,0.9388560157790927,0.9416419386745796,0.9643705463182898,0.9586776859504132,2.6059,881.834,4.605,,,,,,,,,,,,,,,,,,,,,,,,,,,,,,,,,,,,,,,,,,,
1907,,,,3.59375,1840,,,,,,,,,,,,,,,,,,,,0.8814994096755981,0.5406586021505376,0.5337961985870996,0.5406586021505376,0.5318843213227344,0.5406586021505376,0.7022451446864598,0.5406586021505376,0.41345427059712775,0.5737762237762238,0.8289676425269645,0.6248548199767712,0.7609511889862328,0.5606270170585523,0.805607476635514,0.37592673353685124,6.2371,961.99,5.131,,,,,,,,,,,,,,,,,,,,,,,,
1908,,,,3.59375,1840,,,,,,,,,,,,,,,,,,,,,,,,,,,,,,,,,,,,,,,0.1037205159664154,0.9253472222222222,0.9229427147717849,0.9253472222222222,0.9230085306781539,0.9253472222222222,0.9229420813467888,0.9253472222222222,0.9258373205741627,0.9325301204819277,0.9700680272108844,0.9635135135135134,0.9104084321475626,0.9062295081967214,0.8854545454545455,0.8894977168949773,3.3458,862.573,4.782,,,,,
1909,0.0776,2.132066011428833,3.4791089722651437e-07,3.595703125,1841,,,,,,,,,,,,,,,,,,,,,,,,,,,,,,,,,,,,,,,,,,,,,,,,,,,,,,,,,,,,,,
1910,0.0549,2.248603343963623,3.4360060151512276e-07,3.59765625,1842,,,,,,,,,,,,,,,,,,,,,,,,,,,,,,,,,,,,,,,,,,,,,,,,,,,,,,,,,,,,,,
1911,0.1023,2.921875238418579,3.393167060309588e-07,3.599609375,1843,,,,,,,,,,,,,,,,,,,,,,,,,,,,,,,,,,,,,,,,,,,,,,,,,,,,,,,,,,,,,,
1912,0.0663,1.7995882034301758,3.3505922248602827e-07,3.6015625,1844,,,,,,,,,,,,,,,,,,,,,,,,,,,,,,,,,,,,,,,,,,,,,,,,,,,,,,,,,,,,,,
1913,0.0605,2.064009428024292,3.3082816252012927e-07,3.603515625,1845,,,,,,,,,,,,,,,,,,,,,,,,,,,,,,,,,,,,,,,,,,,,,,,,,,,,,,,,,,,,,,
1914,0.0813,1.49617600440979,3.2662353770081755e-07,3.60546875,1846,,,,,,,,,,,,,,,,,,,,,,,,,,,,,,,,,,,,,,,,,,,,,,,,,,,,,,,,,,,,,,
1915,0.0965,2.0315005779266357,3.2244535952337565e-07,3.607421875,1847,,,,,,,,,,,,,,,,,,,,,,,,,,,,,,,,,,,,,,,,,,,,,,,,,,,,,,,,,,,,,,
1916,0.0744,1.6882261037826538,3.182936394107838e-07,3.609375,1848,,,,,,,,,,,,,,,,,,,,,,,,,,,,,,,,,,,,,,,,,,,,,,,,,,,,,,,,,,,,,,
1917,0.0732,2.0754754543304443,3.1416838871368925e-07,3.611328125,1849,,,,,,,,,,,,,,,,,,,,,,,,,,,,,,,,,,,,,,,,,,,,,,,,,,,,,,,,,,,,,,
1918,0.0614,1.4688446521759033,3.100696187103658e-07,3.61328125,1850,,,,,,,,,,,,,,,,,,,,,,,,,,,,,,,,,,,,,,,,,,,,,,,,,,,,,,,,,,,,,,
1919,0.0373,1.7718688249588013,3.059973406066963e-07,3.615234375,1851,,,,,,,,,,,,,,,,,,,,,,,,,,,,,,,,,,,,,,,,,,,,,,,,,,,,,,,,,,,,,,
1920,0.053,1.6709448099136353,3.019515655361327e-07,3.6171875,1852,,,,,,,,,,,,,,,,,,,,,,,,,,,,,,,,,,,,,,,,,,,,,,,,,,,,,,,,,,,,,,
1921,0.0452,1.2512694597244263,2.9793230455966936e-07,3.619140625,1853,,,,,,,,,,,,,,,,,,,,,,,,,,,,,,,,,,,,,,,,,,,,,,,,,,,,,,,,,,,,,,
1922,0.0627,1.9563746452331543,2.9393956866581307e-07,3.62109375,1854,,,,,,,,,,,,,,,,,,,,,,,,,,,,,,,,,,,,,,,,,,,,,,,,,,,,,,,,,,,,,,
1923,0.0608,1.6901928186416626,2.8997336877055194e-07,3.623046875,1855,,,,,,,,,,,,,,,,,,,,,,,,,,,,,,,,,,,,,,,,,,,,,,,,,,,,,,,,,,,,,,
1924,0.0508,1.3425242900848389,2.860337157173243e-07,3.625,1856,,,,,,,,,,,,,,,,,,,,,,,,,,,,,,,,,,,,,,,,,,,,,,,,,,,,,,,,,,,,,,
1925,0.0905,2.016749858856201,2.8212062027698995e-07,3.626953125,1857,,,,,,,,,,,,,,,,,,,,,,,,,,,,,,,,,,,,,,,,,,,,,,,,,,,,,,,,,,,,,,
1926,0.0667,2.137993574142456,2.7823409314780227e-07,3.62890625,1858,,,,,,,,,,,,,,,,,,,,,,,,,,,,,,,,,,,,,,,,,,,,,,,,,,,,,,,,,,,,,,
1927,0.0574,2.618896484375,2.7437414495538274e-07,3.630859375,1859,,,,,,,,,,,,,,,,,,,,,,,,,,,,,,,,,,,,,,,,,,,,,,,,,,,,,,,,,,,,,,
1928,0.085,2.3325068950653076,2.705407862526765e-07,3.6328125,1860,,,,,,,,,,,,,,,,,,,,,,,,,,,,,,,,,,,,,,,,,,,,,,,,,,,,,,,,,,,,,,
1929,0.0517,1.3736053705215454,2.667340275199426e-07,3.634765625,1861,,,,,,,,,,,,,,,,,,,,,,,,,,,,,,,,,,,,,,,,,,,,,,,,,,,,,,,,,,,,,,
1930,0.087,2.837104558944702,2.629538791647124e-07,3.63671875,1862,,,,,,,,,,,,,,,,,,,,,,,,,,,,,,,,,,,,,,,,,,,,,,,,,,,,,,,,,,,,,,
1931,0.0837,2.5494039058685303,2.592003515217689e-07,3.638671875,1863,,,,,,,,,,,,,,,,,,,,,,,,,,,,,,,,,,,,,,,,,,,,,,,,,,,,,,,,,,,,,,
1932,0.0616,2.0870749950408936,2.554734548531157e-07,3.640625,1864,,,,,,,,,,,,,,,,,,,,,,,,,,,,,,,,,,,,,,,,,,,,,,,,,,,,,,,,,,,,,,
1933,0.0464,1.7941993474960327,2.5177319934793995e-07,3.642578125,1865,,,,,,,,,,,,,,,,,,,,,,,,,,,,,,,,,,,,,,,,,,,,,,,,,,,,,,,,,,,,,,
1934,0.1086,1.9581981897354126,2.4809959512260285e-07,3.64453125,1866,,,,,,,,,,,,,,,,,,,,,,,,,,,,,,,,,,,,,,,,,,,,,,,,,,,,,,,,,,,,,,
1935,0.0704,2.2785537242889404,2.44452652220597e-07,3.646484375,1867,,,,,,,,,,,,,,,,,,,,,,,,,,,,,,,,,,,,,,,,,,,,,,,,,,,,,,,,,,,,,,
1936,0.0767,2.5935604572296143,2.4083238061252565e-07,3.6484375,1868,,,,,,,,,,,,,,,,,,,,,,,,,,,,,,,,,,,,,,,,,,,,,,,,,,,,,,,,,,,,,,
1937,0.062,1.6152637004852295,2.3723879019607376e-07,3.650390625,1869,,,,,,,,,,,,,,,,,,,,,,,,,,,,,,,,,,,,,,,,,,,,,,,,,,,,,,,,,,,,,,
1938,0.0427,1.4675530195236206,2.3367189079597785e-07,3.65234375,1870,,,,,,,,,,,,,,,,,,,,,,,,,,,,,,,,,,,,,,,,,,,,,,,,,,,,,,,,,,,,,,
1939,0.0324,1.1120853424072266,2.3013169216400732e-07,3.654296875,1871,,,,,,,,,,,,,,,,,,,,,,,,,,,,,,,,,,,,,,,,,,,,,,,,,,,,,,,,,,,,,,
1940,0.0436,1.3436015844345093,2.2661820397892886e-07,3.65625,1872,,,,,,,,,,,,,,,,,,,,,,,,,,,,,,,,,,,,,,,,,,,,,,,,,,,,,,,,,,,,,,
1941,0.075,1.8351818323135376,2.2313143584648423e-07,3.658203125,1873,,,,,,,,,,,,,,,,,,,,,,,,,,,,,,,,,,,,,,,,,,,,,,,,,,,,,,,,,,,,,,
1942,0.0523,2.50704026222229,2.1967139729936693e-07,3.66015625,1874,,,,,,,,,,,,,,,,,,,,,,,,,,,,,,,,,,,,,,,,,,,,,,,,,,,,,,,,,,,,,,
1943,0.0515,1.793576955795288,2.1623809779718674e-07,3.662109375,1875,,,,,,,,,,,,,,,,,,,,,,,,,,,,,,,,,,,,,,,,,,,,,,,,,,,,,,,,,,,,,,
1944,0.0811,2.90911865234375,2.1283154672645522e-07,3.6640625,1876,,,,,,,,,,,,,,,,,,,,,,,,,,,,,,,,,,,,,,,,,,,,,,,,,,,,,,,,,,,,,,
1945,0.062,1.5475404262542725,2.0945175340055356e-07,3.666015625,1877,,,,,,,,,,,,,,,,,,,,,,,,,,,,,,,,,,,,,,,,,,,,,,,,,,,,,,,,,,,,,,
1946,0.0435,2.0809526443481445,2.0609872705970702e-07,3.66796875,1878,,,,,,,,,,,,,,,,,,,,,,,,,,,,,,,,,,,,,,,,,,,,,,,,,,,,,,,,,,,,,,
1947,0.0876,2.5271761417388916,2.0277247687096157e-07,3.669921875,1879,,,,,,,,,,,,,,,,,,,,,,,,,,,,,,,,,,,,,,,,,,,,,,,,,,,,,,,,,,,,,,
1948,0.0951,2.9727225303649902,1.9947301192815738e-07,3.671875,1880,,,,,,,,,,,,,,,,,,,,,,,,,,,,,,,,,,,,,,,,,,,,,,,,,,,,,,,,,,,,,,
1949,0.1028,3.043262481689453,1.9620034125190645e-07,3.673828125,1881,,,,,,,,,,,,,,,,,,,,,,,,,,,,,,,,,,,,,,,,,,,,,,,,,,,,,,,,,,,,,,
1950,0.0705,1.4953535795211792,1.9295447378956612e-07,3.67578125,1882,,,,,,,,,,,,,,,,,,,,,,,,,,,,,,,,,,,,,,,,,,,,,,,,,,,,,,,,,,,,,,
1951,0.0638,2.3913321495056152,1.8973541841521336e-07,3.677734375,1883,,,,,,,,,,,,,,,,,,,,,,,,,,,,,,,,,,,,,,,,,,,,,,,,,,,,,,,,,,,,,,
1952,0.1047,2.2987446784973145,1.865431839296228e-07,3.6796875,1884,,,,,,,,,,,,,,,,,,,,,,,,,,,,,,,,,,,,,,,,,,,,,,,,,,,,,,,,,,,,,,
1953,0.057,2.058070659637451,1.833777790602398e-07,3.681640625,1885,,,,,,,,,,,,,,,,,,,,,,,,,,,,,,,,,,,,,,,,,,,,,,,,,,,,,,,,,,,,,,
1954,0.0467,1.213475227355957,1.8023921246116405e-07,3.68359375,1886,,,,,,,,,,,,,,,,,,,,,,,,,,,,,,,,,,,,,,,,,,,,,,,,,,,,,,,,,,,,,,
1955,0.0387,1.7340584993362427,1.7712749271311392e-07,3.685546875,1887,,,,,,,,,,,,,,,,,,,,,,,,,,,,,,,,,,,,,,,,,,,,,,,,,,,,,,,,,,,,,,
1956,0.0543,1.6716268062591553,1.7404262832341313e-07,3.6875,1888,,,,,,,,,,,,,,,,,,,,,,,,,,,,,,,,,,,,,,,,,,,,,,,,,,,,,,,,,,,,,,
1957,0.0808,2.199249744415283,1.7098462772596302e-07,3.689453125,1889,,,,,,,,,,,,,,,,,,,,,,,,,,,,,,,,,,,,,,,,,,,,,,,,,,,,,,,,,,,,,,
1958,0.0564,2.6144790649414062,1.679534992812215e-07,3.69140625,1890,,,,,,,,,,,,,,,,,,,,,,,,,,,,,,,,,,,,,,,,,,,,,,,,,,,,,,,,,,,,,,
1959,0.0636,1.6259922981262207,1.6494925127617632e-07,3.693359375,1891,,,,,,,,,,,,,,,,,,,,,,,,,,,,,,,,,,,,,,,,,,,,,,,,,,,,,,,,,,,,,,
1960,0.068,2.0866386890411377,1.619718919243285e-07,3.6953125,1892,,,,,,,,,,,,,,,,,,,,,,,,,,,,,,,,,,,,,,,,,,,,,,,,,,,,,,,,,,,,,,
1961,0.0515,1.271166443824768,1.5902142936566333e-07,3.697265625,1893,,,,,,,,,,,,,,,,,,,,,,,,,,,,,,,,,,,,,,,,,,,,,,,,,,,,,,,,,,,,,,
1962,0.0813,1.6363506317138672,1.5609787166663392e-07,3.69921875,1894,,,,,,,,,,,,,,,,,,,,,,,,,,,,,,,,,,,,,,,,,,,,,,,,,,,,,,,,,,,,,,
1963,0.0664,1.5998835563659668,1.5320122682013438e-07,3.701171875,1895,,,,,,,,,,,,,,,,,,,,,,,,,,,,,,,,,,,,,,,,,,,,,,,,,,,,,,,,,,,,,,
1964,0.0685,1.1866846084594727,1.5033150274548325e-07,3.703125,1896,,,,,,,,,,,,,,,,,,,,,,,,,,,,,,,,,,,,,,,,,,,,,,,,,,,,,,,,,,,,,,
1965,0.0692,2.542060136795044,1.474887072883935e-07,3.705078125,1897,,,,,,,,,,,,,,,,,,,,,,,,,,,,,,,,,,,,,,,,,,,,,,,,,,,,,,,,,,,,,,
1966,0.0527,1.1993423700332642,1.446728482209603e-07,3.70703125,1898,,,,,,,,,,,,,,,,,,,,,,,,,,,,,,,,,,,,,,,,,,,,,,,,,,,,,,,,,,,,,,
1967,0.0419,1.4892780780792236,1.4188393324163663e-07,3.708984375,1899,,,,,,,,,,,,,,,,,,,,,,,,,,,,,,,,,,,,,,,,,,,,,,,,,,,,,,,,,,,,,,
1968,0.063,2.0660316944122314,1.3912196997520776e-07,3.7109375,1900,,,,,,,,,,,,,,,,,,,,,,,,,,,,,,,,,,,,,,,,,,,,,,,,,,,,,,,,,,,,,,
1969,0.0883,2.1512513160705566,1.3638696597277678e-07,3.712890625,1901,,,,,,,,,,,,,,,,,,,,,,,,,,,,,,,,,,,,,,,,,,,,,,,,,,,,,,,,,,,,,,
1970,0.0631,1.5097705125808716,1.3367892871173904e-07,3.71484375,1902,,,,,,,,,,,,,,,,,,,,,,,,,,,,,,,,,,,,,,,,,,,,,,,,,,,,,,,,,,,,,,
1971,0.0531,1.1719536781311035,1.3099786559576555e-07,3.716796875,1903,,,,,,,,,,,,,,,,,,,,,,,,,,,,,,,,,,,,,,,,,,,,,,,,,,,,,,,,,,,,,,
1972,0.0861,2.24198055267334,1.2834378395478187e-07,3.71875,1904,,,,,,,,,,,,,,,,,,,,,,,,,,,,,,,,,,,,,,,,,,,,,,,,,,,,,,,,,,,,,,
1973,0.0663,1.8783848285675049,1.2571669104494254e-07,3.720703125,1905,,,,,,,,,,,,,,,,,,,,,,,,,,,,,,,,,,,,,,,,,,,,,,,,,,,,,,,,,,,,,,
1974,0.0667,1.764546275138855,1.231165940486234e-07,3.72265625,1906,,,,,,,,,,,,,,,,,,,,,,,,,,,,,,,,,,,,,,,,,,,,,,,,,,,,,,,,,,,,,,
1975,0.0532,1.9425766468048096,1.2054350007438708e-07,3.724609375,1907,,,,,,,,,,,,,,,,,,,,,,,,,,,,,,,,,,,,,,,,,,,,,,,,,,,,,,,,,,,,,,
1976,0.0771,2.4124157428741455,1.1799741615697524e-07,3.7265625,1908,,,,,,,,,,,,,,,,,,,,,,,,,,,,,,,,,,,,,,,,,,,,,,,,,,,,,,,,,,,,,,
1977,0.0511,1.7197641134262085,1.154783492572853e-07,3.728515625,1909,,,,,,,,,,,,,,,,,,,,,,,,,,,,,,,,,,,,,,,,,,,,,,,,,,,,,,,,,,,,,,
1978,0.0558,1.4468884468078613,1.129863062623482e-07,3.73046875,1910,,,,,,,,,,,,,,,,,,,,,,,,,,,,,,,,,,,,,,,,,,,,,,,,,,,,,,,,,,,,,,
1979,0.078,2.191210985183716,1.1052129398531508e-07,3.732421875,1911,,,,,,,,,,,,,,,,,,,,,,,,,,,,,,,,,,,,,,,,,,,,,,,,,,,,,,,,,,,,,,
1980,0.0479,2.5735387802124023,1.0808331916543624e-07,3.734375,1912,,,,,,,,,,,,,,,,,,,,,,,,,,,,,,,,,,,,,,,,,,,,,,,,,,,,,,,,,,,,,,
1981,0.0504,2.1027774810791016,1.0567238846803995e-07,3.736328125,1913,,,,,,,,,,,,,,,,,,,,,,,,,,,,,,,,,,,,,,,,,,,,,,,,,,,,,,,,,,,,,,
1982,0.033,0.8777070641517639,1.0328850848452032e-07,3.73828125,1914,,,,,,,,,,,,,,,,,,,,,,,,,,,,,,,,,,,,,,,,,,,,,,,,,,,,,,,,,,,,,,
1983,0.0817,1.9739892482757568,1.0093168573231393e-07,3.740234375,1915,,,,,,,,,,,,,,,,,,,,,,,,,,,,,,,,,,,,,,,,,,,,,,,,,,,,,,,,,,,,,,
1984,0.0387,2.8354227542877197,9.86019266548821e-08,3.7421875,1916,,,,,,,,,,,,,,,,,,,,,,,,,,,,,,,,,,,,,,,,,,,,,,,,,,,,,,,,,,,,,,
1985,0.0747,2.053920030593872,9.629923762170091e-08,3.744140625,1917,,,,,,,,,,,,,,,,,,,,,,,,,,,,,,,,,,,,,,,,,,,,,,,,,,,,,,,,,,,,,,
1986,0.0655,1.6484227180480957,9.402362492823002e-08,3.74609375,1918,,,,,,,,,,,,,,,,,,,,,,,,,,,,,,,,,,,,,,,,,,,,,,,,,,,,,,,,,,,,,,
1987,0.0631,1.1561490297317505,9.177509479591174e-08,3.748046875,1919,,,,,,,,,,,,,,,,,,,,,,,,,,,,,,,,,,,,,,,,,,,,,,,,,,,,,,,,,,,,,,
1988,0.0737,1.655448317527771,8.955365337213861e-08,3.75,1920,,,,,,,,,,,,,,,,,,,,,,,,,,,,,,,,,,,,,,,,,,,,,,,,,,,,,,,,,,,,,,
1989,,,,3.75,1920,0.06796246021986008,0.9559659090909091,0.9566179042416201,0.9559659090909091,0.9560246244492308,0.9559659090909091,0.9572582245442056,0.9559659090909091,0.948051948051948,0.9521739130434782,0.9732510288065843,0.9662921348314606,0.943359375,0.9470588235294117,0.9643705463182898,0.9609467455621302,2.6409,870.174,4.544,,,,,,,,,,,,,,,,,,,,,,,,,,,,,,,,,,,,,,,,,,,
1990,,,,3.75,1920,,,,,,,,,,,,,,,,,,,,0.884343147277832,0.5406586021505376,0.5336899079703182,0.5406586021505376,0.5329052623863472,0.5406586021505376,0.7015440356616282,0.5406586021505376,0.4141235813366961,0.5750306426195061,0.8333333333333334,0.6253585771658061,0.7493734335839599,0.5604498594189316,0.8093457943925234,0.37392055267702934,6.2769,955.883,5.098,,,,,,,,,,,,,,,,,,,,,,,,
1991,,,,3.75,1920,,,,,,,,,,,,,,,,,,,,,,,,,,,,,,,,,,,,,,,0.1037571132183075,0.9246527777777778,0.9222808944492804,0.9246527777777778,0.9219305971503086,0.9246527777777778,0.9226717094467192,0.9246527777777778,0.9293413173652695,0.9321321321321321,0.96875,0.962862930452397,0.8998682476943346,0.9046357615894041,0.8927272727272727,0.8894927536231884,3.3713,856.052,4.746,,,,,
1992,0.0637,1.846985101699829,8.735930673024806e-08,3.751953125,1921,,,,,,,,,,,,,,,,,,,,,,,,,,,,,,,,,,,,,,,,,,,,,,,,,,,,,,,,,,,,,,
1993,0.0355,1.370096206665039,8.519206086950005e-08,3.75390625,1922,,,,,,,,,,,,,,,,,,,,,,,,,,,,,,,,,,,,,,,,,,,,,,,,,,,,,,,,,,,,,,
1994,0.067,1.8876432180404663,8.305192171506049e-08,3.755859375,1923,,,,,,,,,,,,,,,,,,,,,,,,,,,,,,,,,,,,,,,,,,,,,,,,,,,,,,,,,,,,,,
1995,0.0937,1.5431089401245117,8.093889511799014e-08,3.7578125,1924,,,,,,,,,,,,,,,,,,,,,,,,,,,,,,,,,,,,,,,,,,,,,,,,,,,,,,,,,,,,,,
1996,0.0503,2.3793516159057617,7.885298685522235e-08,3.759765625,1925,,,,,,,,,,,,,,,,,,,,,,,,,,,,,,,,,,,,,,,,,,,,,,,,,,,,,,,,,,,,,,
1997,0.0546,1.3722319602966309,7.679420262954984e-08,3.76171875,1926,,,,,,,,,,,,,,,,,,,,,,,,,,,,,,,,,,,,,,,,,,,,,,,,,,,,,,,,,,,,,,
1998,0.0758,1.502871036529541,7.476254806961014e-08,3.763671875,1927,,,,,,,,,,,,,,,,,,,,,,,,,,,,,,,,,,,,,,,,,,,,,,,,,,,,,,,,,,,,,,
1999,0.0615,1.4396499395370483,7.275802872987015e-08,3.765625,1928,,,,,,,,,,,,,,,,,,,,,,,,,,,,,,,,,,,,,,,,,,,,,,,,,,,,,,,,,,,,,,
2000,0.0918,2.283217430114746,7.078065009060941e-08,3.767578125,1929,,,,,,,,,,,,,,,,,,,,,,,,,,,,,,,,,,,,,,,,,,,,,,,,,,,,,,,,,,,,,,
2001,0.07,3.1913158893585205,6.883041755790576e-08,3.76953125,1930,,,,,,,,,,,,,,,,,,,,,,,,,,,,,,,,,,,,,,,,,,,,,,,,,,,,,,,,,,,,,,
2002,0.068,2.219294786453247,6.690733646361858e-08,3.771484375,1931,,,,,,,,,,,,,,,,,,,,,,,,,,,,,,,,,,,,,,,,,,,,,,,,,,,,,,,,,,,,,,
2003,0.0762,1.1904784440994263,6.501141206537887e-08,3.7734375,1932,,,,,,,,,,,,,,,,,,,,,,,,,,,,,,,,,,,,,,,,,,,,,,,,,,,,,,,,,,,,,,
2004,0.0528,2.291903257369995,6.314264954657257e-08,3.775390625,1933,,,,,,,,,,,,,,,,,,,,,,,,,,,,,,,,,,,,,,,,,,,,,,,,,,,,,,,,,,,,,,
2005,0.0441,1.3778642416000366,6.130105401632502e-08,3.77734375,1934,,,,,,,,,,,,,,,,,,,,,,,,,,,,,,,,,,,,,,,,,,,,,,,,,,,,,,,,,,,,,,
2006,0.0772,2.027198314666748,5.948663050948767e-08,3.779296875,1935,,,,,,,,,,,,,,,,,,,,,,,,,,,,,,,,,,,,,,,,,,,,,,,,,,,,,,,,,,,,,,
2007,0.0645,2.3378472328186035,5.769938398662356e-08,3.78125,1936,,,,,,,,,,,,,,,,,,,,,,,,,,,,,,,,,,,,,,,,,,,,,,,,,,,,,,,,,,,,,,
2008,0.0685,1.9567511081695557,5.5939319333998546e-08,3.783203125,1937,,,,,,,,,,,,,,,,,,,,,,,,,,,,,,,,,,,,,,,,,,,,,,,,,,,,,,,,,,,,,,
2009,0.0644,2.4723660945892334,5.420644136356123e-08,3.78515625,1938,,,,,,,,,,,,,,,,,,,,,,,,,,,,,,,,,,,,,,,,,,,,,,,,,,,,,,,,,,,,,,
2010,0.0886,2.1937928199768066,5.250075481293526e-08,3.787109375,1939,,,,,,,,,,,,,,,,,,,,,,,,,,,,,,,,,,,,,,,,,,,,,,,,,,,,,,,,,,,,,,
2011,0.0968,1.8158472776412964,5.0822264345400384e-08,3.7890625,1940,,,,,,,,,,,,,,,,,,,,,,,,,,,,,,,,,,,,,,,,,,,,,,,,,,,,,,,,,,,,,,
2012,0.0692,2.044527530670166,4.9170974549885844e-08,3.791015625,1941,,,,,,,,,,,,,,,,,,,,,,,,,,,,,,,,,,,,,,,,,,,,,,,,,,,,,,,,,,,,,,
2013,0.0563,1.9113459587097168,4.754688994095591e-08,3.79296875,1942,,,,,,,,,,,,,,,,,,,,,,,,,,,,,,,,,,,,,,,,,,,,,,,,,,,,,,,,,,,,,,
2014,0.0718,2.602184772491455,4.595001495879547e-08,3.794921875,1943,,,,,,,,,,,,,,,,,,,,,,,,,,,,,,,,,,,,,,,,,,,,,,,,,,,,,,,,,,,,,,
2015,0.0738,2.0954954624176025,4.438035396920004e-08,3.796875,1944,,,,,,,,,,,,,,,,,,,,,,,,,,,,,,,,,,,,,,,,,,,,,,,,,,,,,,,,,,,,,,
2016,0.054,1.6019339561462402,4.2837911263562406e-08,3.798828125,1945,,,,,,,,,,,,,,,,,,,,,,,,,,,,,,,,,,,,,,,,,,,,,,,,,,,,,,,,,,,,,,
2017,0.0713,2.5492424964904785,4.132269105886155e-08,3.80078125,1946,,,,,,,,,,,,,,,,,,,,,,,,,,,,,,,,,,,,,,,,,,,,,,,,,,,,,,,,,,,,,,
2018,0.0411,1.5642473697662354,3.9834697497652673e-08,3.802734375,1947,,,,,,,,,,,,,,,,,,,,,,,,,,,,,,,,,,,,,,,,,,,,,,,,,,,,,,,,,,,,,,
2019,0.072,2.5530569553375244,3.837393464805273e-08,3.8046875,1948,,,,,,,,,,,,,,,,,,,,,,,,,,,,,,,,,,,,,,,,,,,,,,,,,,,,,,,,,,,,,,
2020,0.0813,2.4520394802093506,3.694040650373154e-08,3.806640625,1949,,,,,,,,,,,,,,,,,,,,,,,,,,,,,,,,,,,,,,,,,,,,,,,,,,,,,,,,,,,,,,
2021,0.0856,1.873992681503296,3.553411698390075e-08,3.80859375,1950,,,,,,,,,,,,,,,,,,,,,,,,,,,,,,,,,,,,,,,,,,,,,,,,,,,,,,,,,,,,,,
2022,0.0947,1.9664084911346436,3.4155069933301535e-08,3.810546875,1951,,,,,,,,,,,,,,,,,,,,,,,,,,,,,,,,,,,,,,,,,,,,,,,,,,,,,,,,,,,,,,
2023,0.0445,1.517364501953125,3.280326912219689e-08,3.8125,1952,,,,,,,,,,,,,,,,,,,,,,,,,,,,,,,,,,,,,,,,,,,,,,,,,,,,,,,,,,,,,,
2024,0.0644,1.991474986076355,3.147871824635717e-08,3.814453125,1953,,,,,,,,,,,,,,,,,,,,,,,,,,,,,,,,,,,,,,,,,,,,,,,,,,,,,,,,,,,,,,
2025,0.0422,1.9879685640335083,3.018142092705567e-08,3.81640625,1954,,,,,,,,,,,,,,,,,,,,,,,,,,,,,,,,,,,,,,,,,,,,,,,,,,,,,,,,,,,,,,
2026,0.084,2.474660634994507,2.8911380711051928e-08,3.818359375,1955,,,,,,,,,,,,,,,,,,,,,,,,,,,,,,,,,,,,,,,,,,,,,,,,,,,,,,,,,,,,,,
2027,0.0661,2.2781808376312256,2.766860107058844e-08,3.8203125,1956,,,,,,,,,,,,,,,,,,,,,,,,,,,,,,,,,,,,,,,,,,,,,,,,,,,,,,,,,,,,,,
2028,0.0693,2.4574832916259766,2.645308540337843e-08,3.822265625,1957,,,,,,,,,,,,,,,,,,,,,,,,,,,,,,,,,,,,,,,,,,,,,,,,,,,,,,,,,,,,,,
2029,0.0705,1.8938713073730469,2.5264837032592527e-08,3.82421875,1958,,,,,,,,,,,,,,,,,,,,,,,,,,,,,,,,,,,,,,,,,,,,,,,,,,,,,,,,,,,,,,
2030,0.0834,2.058946132659912,2.4103859206857648e-08,3.826171875,1959,,,,,,,,,,,,,,,,,,,,,,,,,,,,,,,,,,,,,,,,,,,,,,,,,,,,,,,,,,,,,,
2031,0.0661,2.222362756729126,2.2970155100244807e-08,3.828125,1960,,,,,,,,,,,,,,,,,,,,,,,,,,,,,,,,,,,,,,,,,,,,,,,,,,,,,,,,,,,,,,
2032,0.0935,1.7787162065505981,2.1863727812254653e-08,3.830078125,1961,,,,,,,,,,,,,,,,,,,,,,,,,,,,,,,,,,,,,,,,,,,,,,,,,,,,,,,,,,,,,,
2033,0.0603,2.484663486480713,2.0784580367818607e-08,3.83203125,1962,,,,,,,,,,,,,,,,,,,,,,,,,,,,,,,,,,,,,,,,,,,,,,,,,,,,,,,,,,,,,,
2034,0.0354,0.9553816914558411,1.973271571728441e-08,3.833984375,1963,,,,,,,,,,,,,,,,,,,,,,,,,,,,,,,,,,,,,,,,,,,,,,,,,,,,,,,,,,,,,,
2035,0.034,1.2375991344451904,1.8708136736409476e-08,3.8359375,1964,,,,,,,,,,,,,,,,,,,,,,,,,,,,,,,,,,,,,,,,,,,,,,,,,,,,,,,,,,,,,,
2036,0.0579,2.5331995487213135,1.7710846226355327e-08,3.837890625,1965,,,,,,,,,,,,,,,,,,,,,,,,,,,,,,,,,,,,,,,,,,,,,,,,,,,,,,,,,,,,,,
2037,0.0772,2.247385025024414,1.674084691367428e-08,3.83984375,1966,,,,,,,,,,,,,,,,,,,,,,,,,,,,,,,,,,,,,,,,,,,,,,,,,,,,,,,,,,,,,,
2038,0.0856,2.5895185470581055,1.5798141450307225e-08,3.841796875,1967,,,,,,,,,,,,,,,,,,,,,,,,,,,,,,,,,,,,,,,,,,,,,,,,,,,,,,,,,,,,,,
2039,0.0388,1.6392699480056763,1.4882732413576961e-08,3.84375,1968,,,,,,,,,,,,,,,,,,,,,,,,,,,,,,,,,,,,,,,,,,,,,,,,,,,,,,,,,,,,,,
2040,0.0536,1.8643769025802612,1.3994622306173766e-08,3.845703125,1969,,,,,,,,,,,,,,,,,,,,,,,,,,,,,,,,,,,,,,,,,,,,,,,,,,,,,,,,,,,,,,
2041,0.1125,3.2284274101257324,1.3133813556159835e-08,3.84765625,1970,,,,,,,,,,,,,,,,,,,,,,,,,,,,,,,,,,,,,,,,,,,,,,,,,,,,,,,,,,,,,,
2042,0.0666,1.7160385847091675,1.230030851695263e-08,3.849609375,1971,,,,,,,,,,,,,,,,,,,,,,,,,,,,,,,,,,,,,,,,,,,,,,,,,,,,,,,,,,,,,,
2043,0.0322,1.251570463180542,1.1494109467321545e-08,3.8515625,1972,,,,,,,,,,,,,,,,,,,,,,,,,,,,,,,,,,,,,,,,,,,,,,,,,,,,,,,,,,,,,,
2044,0.0481,1.303795337677002,1.0715218611384582e-08,3.853515625,1973,,,,,,,,,,,,,,,,,,,,,,,,,,,,,,,,,,,,,,,,,,,,,,,,,,,,,,,,,,,,,,
2045,0.0513,1.371606469154358,9.963638078600567e-09,3.85546875,1974,,,,,,,,,,,,,,,,,,,,,,,,,,,,,,,,,,,,,,,,,,,,,,,,,,,,,,,,,,,,,,
2046,0.0751,1.4878896474838257,9.23936992376251e-09,3.857421875,1975,,,,,,,,,,,,,,,,,,,,,,,,,,,,,,,,,,,,,,,,,,,,,,,,,,,,,,,,,,,,,,
2047,0.064,1.6222466230392456,8.542416126989805e-09,3.859375,1976,,,,,,,,,,,,,,,,,,,,,,,,,,,,,,,,,,,,,,,,,,,,,,,,,,,,,,,,,,,,,,
2048,0.0736,2.346054792404175,7.872778593728258e-09,3.861328125,1977,,,,,,,,,,,,,,,,,,,,,,,,,,,,,,,,,,,,,,,,,,,,,,,,,,,,,,,,,,,,,,
2049,0.0492,2.17378830909729,7.230459154742298e-09,3.86328125,1978,,,,,,,,,,,,,,,,,,,,,,,,,,,,,,,,,,,,,,,,,,,,,,,,,,,,,,,,,,,,,,
2050,0.066,1.868715524673462,6.615459566108318e-09,3.865234375,1979,,,,,,,,,,,,,,,,,,,,,,,,,,,,,,,,,,,,,,,,,,,,,,,,,,,,,,,,,,,,,,
2051,0.0892,1.2474654912948608,6.02778150921024e-09,3.8671875,1980,,,,,,,,,,,,,,,,,,,,,,,,,,,,,,,,,,,,,,,,,,,,,,,,,,,,,,,,,,,,,,
2052,0.079,2.5139262676239014,5.467426590739511e-09,3.869140625,1981,,,,,,,,,,,,,,,,,,,,,,,,,,,,,,,,,,,,,,,,,,,,,,,,,,,,,,,,,,,,,,
2053,0.1059,3.0736308097839355,4.9343963426840006e-09,3.87109375,1982,,,,,,,,,,,,,,,,,,,,,,,,,,,,,,,,,,,,,,,,,,,,,,,,,,,,,,,,,,,,,,
2054,0.0576,1.4880940914154053,4.428692222329112e-09,3.873046875,1983,,,,,,,,,,,,,,,,,,,,,,,,,,,,,,,,,,,,,,,,,,,,,,,,,,,,,,,,,,,,,,
2055,0.0544,1.746237874031067,3.950315612248901e-09,3.875,1984,,,,,,,,,,,,,,,,,,,,,,,,,,,,,,,,,,,,,,,,,,,,,,,,,,,,,,,,,,,,,,
2056,0.0826,2.176812171936035,3.499267820307184e-09,3.876953125,1985,,,,,,,,,,,,,,,,,,,,,,,,,,,,,,,,,,,,,,,,,,,,,,,,,,,,,,,,,,,,,,
2057,0.0621,2.048454999923706,3.0755500796531e-09,3.87890625,1986,,,,,,,,,,,,,,,,,,,,,,,,,,,,,,,,,,,,,,,,,,,,,,,,,,,,,,,,,,,,,,
2058,0.0675,1.8895212411880493,2.679163548712227e-09,3.880859375,1987,,,,,,,,,,,,,,,,,,,,,,,,,,,,,,,,,,,,,,,,,,,,,,,,,,,,,,,,,,,,,,
2059,0.0593,2.259355306625366,2.3101093111921323e-09,3.8828125,1988,,,,,,,,,,,,,,,,,,,,,,,,,,,,,,,,,,,,,,,,,,,,,,,,,,,,,,,,,,,,,,
2060,0.0515,2.22576642036438,1.9683883760723834e-09,3.884765625,1989,,,,,,,,,,,,,,,,,,,,,,,,,,,,,,,,,,,,,,,,,,,,,,,,,,,,,,,,,,,,,,
2061,0.071,1.9450714588165283,1.6540016776045442e-09,3.88671875,1990,,,,,,,,,,,,,,,,,,,,,,,,,,,,,,,,,,,,,,,,,,,,,,,,,,,,,,,,,,,,,,
2062,0.1054,1.7774537801742554,1.3669500753099586e-09,3.888671875,1991,,,,,,,,,,,,,,,,,,,,,,,,,,,,,,,,,,,,,,,,,,,,,,,,,,,,,,,,,,,,,,
2063,0.0616,1.3184949159622192,1.1072343539775266e-09,3.890625,1992,,,,,,,,,,,,,,,,,,,,,,,,,,,,,,,,,,,,,,,,,,,,,,,,,,,,,,,,,,,,,,
2064,0.0487,1.3750345706939697,8.748552236603758e-10,3.892578125,1993,,,,,,,,,,,,,,,,,,,,,,,,,,,,,,,,,,,,,,,,,,,,,,,,,,,,,,,,,,,,,,
2065,0.0521,2.1066746711730957,6.698133196725298e-10,3.89453125,1994,,,,,,,,,,,,,,,,,,,,,,,,,,,,,,,,,,,,,,,,,,,,,,,,,,,,,,,,,,,,,,
2066,0.0651,3.2876927852630615,4.921092025911289e-10,3.896484375,1995,,,,,,,,,,,,,,,,,,,,,,,,,,,,,,,,,,,,,,,,,,,,,,,,,,,,,,,,,,,,,,
2067,0.0879,3.692617177963257,3.4174335825420955e-10,3.8984375,1996,,,,,,,,,,,,,,,,,,,,,,,,,,,,,,,,,,,,,,,,,,,,,,,,,,,,,,,,,,,,,,
2068,0.053,1.7922099828720093,2.1871619775404308e-10,3.900390625,1997,,,,,,,,,,,,,,,,,,,,,,,,,,,,,,,,,,,,,,,,,,,,,,,,,,,,,,,,,,,,,,
2069,0.0902,2.2731401920318604,1.2302805744268674e-10,3.90234375,1998,,,,,,,,,,,,,,,,,,,,,,,,,,,,,,,,,,,,,,,,,,,,,,,,,,,,,,,,,,,,,,
2070,0.0639,2.5040509700775146,5.467919892865326e-11,3.904296875,1999,,,,,,,,,,,,,,,,,,,,,,,,,,,,,,,,,,,,,,,,,,,,,,,,,,,,,,,,,,,,,,
2071,0.0565,1.6099270582199097,1.366980907580029e-11,3.90625,2000,,,,,,,,,,,,,,,,,,,,,,,,,,,,,,,,,,,,,,,,,,,,,,,,,,,,,,,,,,,,,,
2072,,,,3.90625,2000,0.06669940054416656,0.9559659090909091,0.9569428319593614,0.9559659090909091,0.9565598924117058,0.9559659090909091,0.957338024397312,0.9559659090909091,0.9483500717360115,0.9503953989935299,0.968944099378882,0.9669421487603306,0.945631067961165,0.9474708171206225,0.9664268585131894,0.962962962962963,2.6508,866.907,4.527,,,,,,,,,,,,,,,,,,,,,,,,,,,,,,,,,,,,,,,,,,,
2073,,,,3.90625,2000,,,,,,,,,,,,,,,,,,,,0.8856296539306641,0.539986559139785,0.5334970712098681,0.539986559139785,0.5328177775329344,0.539986559139785,0.7017384227947592,0.539986559139785,0.4128625472887768,0.5734804694342267,0.8320610687022901,0.6260769672601953,0.75,0.5615348619560132,0.8120300751879699,0.3728959861890375,6.2311,962.909,5.136,,,,,,,,,,,,,,,,,,,,,,,,
2074,,,,3.90625,2000,,,,,,,,,,,,,,,,,,,,,,,,,,,,,,,,,,,,,,,0.10340911895036697,0.9256944444444445,0.9233352106032163,0.9256944444444445,0.9229684120799155,0.9256944444444445,0.9237486475431714,0.9256944444444445,0.929678188319428,0.9330143540669856,0.970108695652174,0.9635627530364372,0.9006622516556292,0.9054593874833556,0.8945454545454545,0.8913043478260869,3.3874,851.988,4.723,,,,,
2075,,,,3.90625,2000,,,,,,,,,,,,,,,,,,,,,,,,,,,,,,,,,,,,,,,,,,,,,,,,,,,,,,,,,,2266.4774,169.426,0.882,1.0103646322688e+17,0.116491817840375
2076,,,,3.90625,2000,0.06864981353282928,0.9545454545454546,0.9552765568998121,0.9545454545454546,0.9547930872763082,0.9545454545454546,0.9558269832158969,0.9545454545454546,0.9484240687679083,0.9504666188083273,0.973305954825462,0.9673469387755101,0.9349112426035503,0.9423459244532804,0.9666666666666667,0.9609467455621302,2.6155,878.623,4.588,,,,,,,,,,,,,,,,,,,,,,,,,,,,,,,,,,,,,,,,,,,
2077,,,,3.90625,2000,,,,,,,,,,,,,,,,,,,,0.8854005336761475,0.5383064516129032,0.5320066389460459,0.5383064516129032,0.5321542579699133,0.5383064516129032,0.7009094509694926,0.5383064516129032,0.41044399596367304,0.5714787495609414,0.8320610687022901,0.6232132647226987,0.74875,0.5608614232209738,0.8123827392120075,0.3724731182795699,6.3356,947.025,5.051,,,,,,,,,,,,,,,,,,,,,,,,
2078,,,,3.90625,2000,,,,,,,,,,,,,,,,,,,,,,,,,,,,,,,,,,,,,,,0.10363595932722092,0.9253472222222222,0.9231338560383971,0.9253472222222222,0.922687359129843,0.9253472222222222,0.9236319966828084,0.9253472222222222,0.9284009546539379,0.9328537170263788,0.9700272479564033,0.9634641407307172,0.899736147757256,0.9039098740888005,0.8963636363636364,0.8923076923076924,3.3821,853.328,4.731,,,,,
