{
  "wer_raw": 0.13888566453859547,
  "wer_corrected": 0.13789901334881022,
  "wer_delta": -0.0009866511897852481,
  "cer_raw": 0.11162782215413794,
  "cer_corrected": 0.11020534704745232,
  "cer_delta": -0.001422475106685625,
  "tp": 10,
  "fn": 178,
  "fp1": 2,
  "fp2": 49,
  "total_tokens": 239,
  "latency_ms_total": 3199608,
  "latency_ms_mean": 13387
}