{
  "wer_raw": 0.13888566453859547,
  "wer_corrected": 0.13563551944283228,
  "wer_delta": -0.003250145095763185,
  "cer_raw": 0.11162782215413794,
  "cer_corrected": 0.10885581938213518,
  "cer_delta": -0.002772002772002763,
  "tp": 11,
  "fn": 125,
  "fp1": 3,
  "fp2": 100,
  "total_tokens": 239,
  "latency_ms_total": 3823443,
  "latency_ms_mean": 15997
}